,MonthsActive,AvgOrderValue,NumOrdersLastQuarter,DaysSinceLastOrder,SupportTicketsFiled,Churned
0,7,34.12,7,8,2,0
1,45,23.38,3,57,1,0
2,24,94.56,7,37,1,0
3,39,46.34,7,0,0,0
4,3,39.04,3,41,2,0
5,38,48.05,7,14,0,0
6,22,51.2,8,7,0,1
7,49,45.07,4,39,1,0
8,45,48.48,4,60,0,0
9,44,54.75,9,6,1,0
10,52,48.73,4,12,0,0
11,51,89.45,7,27,0,0
12,59,51.81,7,1,1,0
13,9,53.22,5,3,0,0
14,10,30.61,8,8,1,0
15,13,143.58,3,17,1,0
16,51,47.96,4,23,0,0
17,53,69.54,3,1,0,0
18,34,37.37,3,23,1,0
19,34,32.5,8,5,0,1
20,60,29.57,1,11,0,0
21,60,42.43,4,21,0,0
22,34,67.44,11,5,0,0
23,23,67.94,1,6,1,0
24,15,76.43,11,10,0,0
25,22,64.27,11,15,0,0
26,57,53.23,8,2,0,0
27,32,65.65,5,14,2,0
28,53,63.48,4,6,0,0
29,34,22.47,3,4,0,0
30,50,53.57,3,3,0,0
31,34,83.43,7,20,0,0
32,52,70.51,5,29,0,0
33,53,28.07,2,27,1,0
34,53,51.97,6,19,1,0
35,16,93.93,9,37,1,1
36,23,56.28,3,7,0,0
37,26,49.35,9,8,0,0
38,36,59.52,5,21,1,0
39,12,46.8,2,1,0,0
40,13,54.19,4,3,1,0
41,47,51.09,6,14,0,0
42,11,42.86,8,8,1,0
43,11,37.98,5,15,0,0
44,50,44.73,2,34,1,0
45,6,76.95,6,59,2,1
46,28,42.09,5,10,0,0
47,27,145.13,4,12,0,0
48,50,65.25,6,1,0,0
49,28,66.59,4,4,1,0
50,56,45.49,4,22,1,0
51,25,115.61,8,2,0,0
52,4,46.86,2,17,0,0
53,23,69.37,4,20,0,0
54,2,42.5,7,5,1,0
55,8,52.51,13,19,0,0
56,52,45.62,4,14,0,0
57,3,56.96,7,9,0,0
58,6,36.49,3,8,1,0
59,47,55.18,2,2,0,0
60,49,104.75,8,12,0,0
61,52,66.16,3,49,0,0
62,8,52.62,4,7,0,0
63,14,66.96,9,16,0,0
64,31,69.68,6,5,0,0
65,13,54.99,5,11,0,0
66,15,52.43,3,15,1,0
67,42,75.33,3,5,0,0
68,52,68.48,4,26,0,0
69,20,105.94,3,51,0,0
70,43,35.73,4,13,1,1
71,22,45.25,6,4,1,0
72,19,35.77,3,34,1,0
73,11,62.52,7,39,1,0
74,5,30.34,6,0,0,0
75,40,47.91,5,5,1,0
76,2,101.1,5,6,0,0
77,60,88.83,6,1,0,0
78,27,38.84,4,3,0,0
79,4,87.22,4,27,1,0
80,32,57.87,3,15,0,0
81,45,71.14,5,70,2,1
82,54,78.1,3,2,1,0
83,2,50.78,8,12,1,0
84,12,37.75,4,8,1,0
85,33,35.12,5,38,1,0
86,25,106.73,4,5,0,0
87,8,51.98,6,9,0,0
88,21,67.83,2,14,0,0
89,44,46.48,7,2,0,0
90,41,49.69,7,6,1,0
91,55,42.36,5,51,0,0
92,20,37.4,4,2,0,0
93,38,50.95,2,23,1,0
94,27,31.45,8,38,0,0
95,52,52.48,4,12,0,0
96,10,47.12,2,55,0,0
97,40,39.17,4,11,1,0
98,12,26.28,7,18,1,0
99,16,38.84,1,8,0,0
100,31,91.37,4,63,0,0
101,53,98.33,5,24,0,0
102,55,35.16,9,60,0,0
103,25,78.97,4,15,1,0
104,31,66.95,6,20,0,0
105,17,78.56,3,50,0,0
106,44,52.0,2,10,0,0
107,33,37.93,2,12,0,0
108,60,54.6,3,3,0,0
109,49,44.88,4,30,0,0
110,46,178.92,10,61,0,0
111,60,41.68,4,40,1,0
112,10,93.26,6,21,0,0
113,19,73.36,2,7,0,0
114,9,68.9,8,22,0,0
115,32,104.44,6,14,1,0
116,33,61.43,6,32,0,0
117,60,38.41,4,4,0,0
118,2,54.59,5,7,0,0
119,31,61.54,6,4,0,0
120,20,75.02,4,17,0,0
121,2,72.04,8,53,0,0
122,55,34.55,8,2,1,0
123,41,61.18,4,20,1,1
124,31,47.72,4,19,2,0
125,45,112.58,3,10,0,0
126,20,82.32,5,9,1,0
127,51,71.98,10,46,0,0
128,35,33.68,4,5,1,0
129,52,66.47,7,11,1,0
130,49,54.25,2,12,0,1
131,33,85.5,7,20,0,0
132,12,38.49,1,4,0,0
133,46,50.49,4,1,0,0
134,8,29.01,3,21,0,0
135,15,52.58,5,23,0,0
136,28,70.35,5,42,0,0
137,1,73.88,3,7,0,0
138,20,58.05,3,18,1,0
139,9,86.56,5,5,0,0
140,2,59.01,4,50,1,0
141,55,33.61,10,3,1,0
142,5,50.47,1,22,1,0
143,51,52.48,2,8,0,0
144,17,44.27,9,38,0,0
145,6,22.11,5,55,0,0
146,49,48.14,4,27,2,0
147,29,28.41,4,41,0,0
148,8,75.52,5,5,1,0
149,51,67.52,7,23,0,0
150,36,54.46,2,26,0,0
151,3,35.99,2,0,0,0
152,50,40.1,5,27,2,0
153,51,59.61,6,0,2,0
154,25,42.07,3,9,4,0
155,46,31.11,6,44,0,0
156,37,23.32,3,30,0,0
157,27,48.81,4,17,0,0
158,37,31.69,4,29,0,0
159,42,68.51,4,11,0,0
160,29,37.59,3,7,0,0
161,46,84.67,7,6,0,0
162,43,147.31,3,16,0,0
163,39,36.26,4,41,0,0
164,16,27.16,8,1,1,1
165,12,31.41,6,9,0,0
166,8,58.38,1,8,0,0
167,32,27.92,7,17,2,0
168,55,51.83,4,8,2,0
169,5,31.81,4,33,0,0
170,37,49.47,1,3,1,1
171,39,48.12,8,41,1,0
172,14,65.95,6,3,1,0
173,44,57.65,4,11,1,0
174,21,41.64,3,6,0,0
175,21,29.32,10,19,0,0
176,14,97.19,4,36,0,0
177,17,43.99,4,20,0,1
178,4,28.79,6,1,0,0
179,36,117.94,6,35,0,0
180,5,96.02,5,2,0,0
181,50,106.99,4,19,1,0
182,35,63.47,5,23,0,0
183,35,73.52,6,70,0,0
184,12,70.59,6,25,1,0
185,11,79.89,5,1,0,0
186,16,35.16,8,37,0,0
187,23,95.62,7,0,0,0
188,20,70.46,6,26,0,0
189,9,51.79,5,51,1,0
190,44,27.81,8,4,1,0
191,4,53.42,7,11,0,0
192,57,82.27,3,27,1,0
193,7,99.92,5,52,3,0
194,7,41.47,4,5,1,0
195,54,33.24,11,48,0,0
196,22,41.29,4,102,1,1
197,31,65.57,7,22,0,0
198,13,61.12,7,5,0,0
199,19,63.45,6,13,0,0
200,17,60.92,4,3,0,0
201,19,52.49,2,61,1,0
202,7,59.15,6,17,0,0
203,7,56.91,6,8,0,0
204,10,67.18,5,18,0,0
205,30,46.09,5,1,1,0
206,57,38.15,6,12,0,0
207,55,34.87,5,40,0,0
208,30,34.7,4,11,0,0
209,26,68.45,3,23,1,0
210,36,69.18,3,45,0,0
211,30,62.4,6,24,1,0
212,51,90.84,5,5,1,0
213,2,94.54,2,40,0,0
214,28,114.56,4,3,0,0
215,6,106.84,4,39,0,1
216,50,46.71,9,13,1,0
217,4,49.6,4,18,0,0
218,19,36.85,9,10,0,0
219,30,32.4,6,33,1,0
220,54,34.62,8,39,0,0
221,27,82.34,5,96,0,0
222,37,55.61,7,34,0,0
223,1,53.77,7,1,0,0
224,17,41.81,4,11,2,0
225,55,75.87,2,57,0,0
226,15,21.64,5,57,1,1
227,38,41.64,3,3,0,0
228,33,59.47,7,13,0,0
229,21,65.0,6,5,0,0
230,3,43.4,6,20,0,0
231,27,47.34,4,5,0,0
232,34,36.79,3,1,0,0
233,60,67.13,3,5,0,0
234,44,60.64,5,41,2,0
235,29,48.57,8,1,1,0
236,22,50.91,5,1,0,0
237,48,62.94,3,44,0,0
238,57,39.2,4,9,0,0
239,25,63.09,5,1,0,0
240,25,84.05,8,20,0,0
241,32,52.82,4,14,2,0
242,22,70.37,6,12,0,0
243,43,50.83,4,1,0,0
244,36,96.56,3,33,0,1
245,17,54.89,4,79,1,0
246,17,93.73,5,16,0,0
247,52,47.94,2,57,2,0
248,15,43.74,4,34,0,1
249,18,82.33,7,15,2,0
250,52,86.19,4,1,0,0
251,46,75.67,6,7,0,0
252,8,93.12,6,6,2,0
253,47,26.11,7,1,0,0
254,8,44.13,3,13,0,0
255,3,45.28,5,16,1,0
256,40,38.06,7,1,1,0
257,27,56.29,6,55,0,0
258,1,50.22,9,65,0,0
259,53,49.66,7,12,0,0
260,34,45.97,3,2,0,0
261,55,58.71,2,4,0,0
262,7,41.86,6,36,0,1
263,14,55.34,2,10,2,0
264,57,79.85,7,6,1,0
265,36,70.39,4,49,0,0
266,10,62.57,6,8,2,0
267,10,116.56,3,4,0,0
268,29,26.7,4,14,1,0
269,48,59.51,1,17,0,0
270,28,30.93,6,44,0,0
271,7,61.07,6,4,0,0
272,17,75.14,3,37,1,0
273,54,58.18,2,72,0,1
274,47,28.98,3,5,3,0
275,46,101.03,5,15,1,0
276,22,29.85,6,44,0,0
277,29,40.42,4,11,0,0
278,18,87.67,3,3,0,0
279,34,60.25,9,7,0,0
280,15,22.63,5,25,0,0
281,31,56.39,4,38,0,0
282,33,61.94,7,27,0,0
283,12,80.51,5,0,0,0
284,23,84.79,6,8,0,0
285,26,70.96,5,13,0,0
286,51,57.22,7,12,0,0
287,33,44.17,2,0,0,0
288,17,70.76,4,1,0,0
289,7,54.35,5,51,2,1
290,16,85.66,7,19,1,0
291,3,77.65,11,42,0,0
292,42,27.62,10,12,1,0
293,12,158.36,4,6,0,0
294,31,56.02,6,1,1,0
295,54,69.94,8,32,1,0
296,25,28.42,3,26,1,0
297,16,55.33,2,52,2,1
298,17,41.79,8,2,1,0
299,39,84.9,4,3,0,0
300,46,45.74,4,14,0,0
301,52,53.99,8,10,3,0
302,34,22.33,4,32,0,0
303,13,47.47,2,16,1,0
304,26,153.68,3,2,1,0
305,45,70.26,4,9,2,0
306,17,47.45,7,1,0,0
307,36,78.85,7,20,0,0
308,39,43.27,4,28,0,0
309,55,58.14,4,0,1,0
310,25,76.19,7,48,1,0
311,24,76.48,5,13,1,0
312,49,180.02,3,54,0,0
313,4,28.86,8,4,0,0
314,53,56.26,8,64,0,0
315,55,75.8,7,84,1,1
316,13,76.67,5,13,1,0
317,56,83.14,4,12,0,0
318,29,39.26,5,17,0,0
319,16,43.34,6,33,1,0
320,45,83.28,2,23,0,0
321,26,94.95,4,4,0,0
322,7,33.79,2,10,0,0
323,28,25.88,8,4,0,0
324,36,69.11,4,6,0,0
325,4,63.36,3,40,0,0
326,9,47.61,5,29,0,1
327,26,89.2,8,14,1,0
328,21,73.03,5,15,1,0
329,10,103.21,1,39,1,0
330,57,50.27,5,22,0,0
331,25,81.91,7,127,0,1
332,56,49.59,3,24,1,0
333,27,134.58,8,15,0,0
334,6,94.74,4,3,1,0
335,26,26.65,4,13,0,0
336,26,44.34,6,31,1,0
337,37,52.04,6,20,0,0
338,22,43.05,4,20,1,0
339,44,52.32,2,5,0,0
340,33,50.12,9,13,0,0
341,23,22.41,4,36,1,0
342,45,52.74,4,16,0,1
343,47,59.81,3,22,0,0
344,11,31.92,7,0,1,0
345,51,53.73,5,35,0,0
346,57,69.11,4,13,0,0
347,20,48.21,4,29,0,0
348,51,71.14,1,9,0,1
349,11,68.59,7,33,2,0
350,41,22.99,5,25,2,0
351,28,40.82,3,1,0,0
352,15,77.07,6,31,0,0
353,22,47.34,3,21,0,0
354,14,96.98,4,29,1,0
355,17,28.33,3,10,0,0
356,5,33.77,5,27,0,0
357,49,96.78,5,4,2,0
358,13,75.05,6,64,0,0
359,57,44.78,6,2,0,0
360,56,43.76,4,0,0,0
361,28,114.66,5,31,1,0
362,17,48.67,4,2,1,0
363,5,28.79,5,17,0,0
364,29,102.28,4,46,1,0
365,26,25.69,5,23,0,0
366,7,40.28,10,23,0,1
367,20,29.06,3,8,1,0
368,46,115.05,8,46,1,0
369,35,49.73,4,7,0,0
370,54,27.54,6,26,0,0
371,15,77.71,6,36,0,0
372,58,77.52,6,1,1,0
373,42,34.28,3,31,2,0
374,18,112.97,4,14,0,0
375,58,25.99,4,24,0,0
376,16,67.21,3,2,0,0
377,13,102.94,7,13,2,0
378,48,118.28,7,8,0,0
379,26,80.13,5,2,0,0
380,51,40.0,5,7,0,0
381,45,64.41,4,17,1,1
382,13,37.58,4,15,1,0
383,17,91.31,4,2,2,0
384,53,76.28,7,43,0,0
385,43,104.05,7,2,0,0
386,59,60.29,3,0,0,0
387,33,48.31,3,7,0,0
388,45,97.94,7,37,0,0
389,36,39.16,2,32,0,1
390,58,71.58,3,41,0,1
391,21,55.84,4,11,0,0
392,56,85.68,5,15,0,0
393,10,58.1,7,16,0,0
394,32,66.43,2,18,0,0
395,35,31.91,11,7,0,0
396,25,41.61,2,49,1,1
397,30,47.75,9,1,0,0
398,42,72.91,5,3,0,0
399,22,49.18,6,13,0,0
400,10,48.86,4,30,0,0
401,54,102.87,6,5,0,0
402,19,68.18,5,23,0,0
403,48,47.89,5,5,0,0
404,35,69.8,7,8,1,0
405,7,39.8,5,53,0,0
406,14,83.54,7,6,1,0
407,46,59.16,4,28,0,1
408,12,76.69,7,22,0,0
409,44,33.04,4,21,0,0
410,14,49.67,7,65,1,1
411,46,28.6,6,1,0,0
412,35,33.63,7,0,0,0
413,49,30.75,4,6,1,0
414,38,99.72,4,23,0,0
415,5,98.35,8,6,0,0
416,47,38.57,5,4,0,0
417,60,71.62,4,75,0,0
418,25,49.49,7,21,1,0
419,55,92.57,1,34,0,0
420,24,118.49,6,14,0,0
421,14,35.7,4,14,0,0
422,52,41.21,8,9,0,0
423,19,29.01,1,28,1,0
424,13,85.45,3,9,0,0
425,19,59.59,4,5,0,0
426,34,34.98,6,6,0,0
427,40,95.65,2,38,2,1
428,52,35.92,5,6,0,0
429,42,37.73,9,4,1,0
430,46,64.33,9,2,0,0
431,5,28.1,7,10,0,0
432,8,40.49,4,5,1,0
433,14,75.59,4,8,1,0
434,42,28.42,3,21,0,0
435,43,65.57,5,3,0,0
436,43,106.07,6,11,0,0
437,23,65.05,7,1,1,0
438,2,62.55,4,15,0,0
439,26,68.88,11,1,1,0
440,56,47.83,3,5,1,0
441,32,59.96,2,21,1,0
442,41,72.56,8,10,1,0
443,1,57.4,6,39,0,0
444,49,79.8,2,5,1,0
445,26,62.47,7,2,2,0
446,6,34.92,9,36,2,1
447,50,42.47,4,12,1,0
448,53,42.46,9,10,2,0
449,42,46.06,5,27,1,0
450,27,54.15,3,41,0,0
451,33,26.0,7,30,2,0
452,1,86.56,4,59,1,1
453,14,64.98,4,4,0,1
454,24,52.45,7,9,0,0
455,53,67.44,1,12,0,0
456,44,48.09,8,36,1,0
457,16,65.18,11,14,0,0
458,39,65.97,7,40,0,0
459,52,52.42,10,19,0,0
460,40,49.48,3,30,1,1
461,2,74.41,5,2,1,0
462,55,77.34,7,0,0,0
463,26,65.81,4,61,0,0
464,13,62.57,5,20,0,0
465,14,95.27,4,24,0,0
466,12,64.11,5,30,2,0
467,21,34.02,4,15,0,0
468,56,44.31,8,23,0,0
469,14,73.89,1,4,1,0
470,30,42.99,5,24,3,0
471,7,95.11,3,5,1,0
472,19,83.32,5,8,0,0
473,22,38.9,3,3,2,0
474,34,31.45,9,25,0,0
475,53,60.39,4,2,1,0
476,42,24.96,4,2,0,0
477,55,50.46,5,5,0,0
478,39,101.71,3,30,0,0
479,23,31.65,5,2,0,0
480,58,28.07,7,8,0,0
481,40,57.45,5,74,0,0
482,36,40.25,6,9,0,0
483,29,43.91,6,2,1,0
484,60,98.87,6,21,2,0
485,11,52.29,3,5,0,0
486,49,63.26,9,42,0,0
487,15,89.04,5,2,3,0
488,57,38.01,3,19,0,0
489,53,44.73,5,1,0,0
490,12,93.26,10,5,1,0
491,17,56.34,6,17,0,0
492,43,91.89,5,34,1,0
493,38,42.52,6,1,0,0
494,52,47.61,2,8,0,0
495,16,87.1,2,29,1,1
496,20,135.51,7,16,0,0
497,55,32.41,5,23,1,0
498,51,112.87,9,56,1,1
499,49,54.77,8,6,0,0
500,44,85.81,3,3,0,0
501,51,50.78,7,7,0,0
502,25,65.55,6,13,0,0
503,45,109.76,5,17,0,0
504,27,133.82,5,1,0,0
505,43,65.17,6,3,0,0
506,48,41.96,7,4,0,0
507,7,54.21,6,54,1,1
508,21,16.62,6,10,1,0
509,10,112.76,5,75,0,0
510,39,70.31,3,0,1,0
511,5,49.49,7,16,0,0
512,6,50.56,8,5,2,0
513,56,38.09,8,17,0,0
514,60,86.12,2,34,0,0
515,20,50.94,5,32,1,0
516,25,67.38,2,65,0,0
517,48,44.92,5,16,0,0
518,34,45.67,2,3,1,0
519,60,66.2,5,94,1,0
520,15,68.51,5,10,0,0
521,14,60.54,5,27,0,0
522,58,43.87,7,50,2,0
523,35,29.72,5,46,0,0
524,5,58.42,2,33,1,0
525,6,46.02,5,48,1,0
526,39,41.47,9,102,1,1
527,18,149.94,10,6,0,1
528,42,51.98,4,42,1,0
529,24,30.46,2,20,2,0
530,43,51.22,5,4,1,0
531,31,45.93,5,28,0,0
532,31,49.48,5,3,0,1
533,19,70.64,7,10,0,0
534,39,29.05,5,24,1,0
535,32,70.66,9,3,0,0
536,49,69.53,5,17,1,0
537,15,39.99,3,3,1,0
538,20,34.17,7,12,0,0
539,37,79.62,4,8,0,0
540,7,52.53,13,19,1,0
541,59,58.8,4,19,0,0
542,47,56.82,8,3,1,0
543,29,102.87,5,11,1,0
544,37,34.59,9,10,1,0
545,33,80.89,4,6,0,0
546,30,54.05,4,7,0,1
547,32,28.27,4,18,0,0
548,15,47.72,3,85,1,0
549,18,82.14,7,4,0,0
550,9,75.67,6,11,0,0
551,38,44.02,4,27,0,0
552,42,59.2,4,3,0,0
553,13,68.63,4,66,0,1
554,34,43.64,6,53,1,0
555,35,69.35,5,1,0,0
556,6,98.19,10,0,0,0
557,56,43.14,3,40,0,0
558,44,46.8,6,7,0,0
559,18,72.09,5,26,2,0
560,58,74.92,3,26,0,0
561,14,72.16,4,2,1,0
562,2,74.34,3,1,0,0
563,54,50.08,9,17,1,0
564,58,63.74,4,2,0,0
565,2,24.56,8,7,0,0
566,23,57.96,5,15,0,0
567,34,96.63,2,8,0,0
568,18,46.73,4,2,0,0
569,16,64.38,7,50,0,0
570,11,43.72,4,27,1,0
571,60,86.52,7,6,0,0
572,9,111.84,2,32,0,0
573,38,49.25,3,60,1,1
574,46,40.98,5,36,0,0
575,60,48.52,3,7,0,0
576,58,67.56,7,2,1,0
577,9,35.54,5,17,2,0
578,45,38.25,6,27,0,0
579,47,32.37,8,67,1,0
580,24,47.83,6,51,1,0
581,27,89.13,2,7,1,0
582,20,79.26,6,33,0,0
583,8,53.3,5,7,0,0
584,17,56.93,5,42,1,0
585,25,67.83,6,15,0,0
586,41,42.89,4,40,0,1
587,30,45.11,3,14,1,0
588,17,21.29,5,21,0,0
589,23,43.55,3,12,2,1
590,45,85.02,11,19,0,0
591,33,41.73,6,12,1,0
592,60,52.41,4,21,1,0
593,17,72.04,6,4,0,0
594,58,61.84,2,40,0,0
595,12,60.57,6,38,1,0
596,55,22.84,7,24,0,0
597,14,134.51,7,0,1,0
598,45,104.47,4,24,0,0
599,43,42.3,3,21,0,0
600,45,39.33,8,20,0,0
601,23,47.36,3,51,1,0
602,60,59.98,4,22,0,0
603,25,110.51,8,32,1,0
604,28,63.67,4,25,0,0
605,21,66.21,2,15,0,0
606,46,68.87,3,0,0,0
607,6,46.98,5,8,0,0
608,24,95.75,3,38,0,0
609,58,81.22,6,7,1,0
610,43,98.66,4,6,1,0
611,20,51.07,3,31,1,1
612,15,51.39,4,17,0,0
613,45,32.77,7,17,1,1
614,20,93.02,6,2,0,0
615,26,71.13,8,29,0,0
616,29,75.46,5,4,0,0
617,53,47.12,6,29,1,0
618,9,47.67,4,25,0,0
619,28,41.21,5,14,0,0
620,50,75.6,9,9,0,0
621,54,47.68,3,6,0,0
622,43,42.99,6,21,0,0
623,27,47.06,8,15,1,0
624,21,79.24,7,19,0,0
625,16,35.19,4,30,1,0
626,54,50.08,6,54,0,0
627,10,40.33,8,7,0,0
628,14,59.37,6,33,0,0
629,29,28.07,5,10,0,0
630,25,54.9,4,5,1,0
631,33,39.41,5,111,0,1
632,2,71.74,2,14,2,0
633,48,59.09,5,16,0,0
634,9,32.73,5,39,0,0
635,41,64.71,5,18,2,0
636,45,31.75,2,2,2,0
637,26,60.59,4,9,2,0
638,7,39.42,5,2,0,0
639,59,59.28,6,21,0,0
640,23,47.23,1,26,0,0
641,50,33.34,5,58,1,1
642,24,94.98,5,3,0,0
643,50,65.3,4,57,0,0
644,14,52.68,7,13,0,0
645,1,46.18,4,27,1,0
646,7,55.14,6,15,0,0
647,12,49.64,5,15,0,0
648,25,84.22,4,11,0,0
649,25,209.5,10,7,0,0
650,33,60.06,5,16,1,0
651,47,46.2,5,10,2,0
652,17,51.87,3,2,1,0
653,59,86.21,3,18,2,0
654,25,54.39,6,79,0,1
655,58,46.39,4,9,1,0
656,23,54.35,9,2,0,0
657,34,83.35,6,7,0,0
658,43,31.77,4,0,0,0
659,6,66.3,7,16,2,0
660,28,76.63,1,1,0,0
661,46,49.91,4,7,0,0
662,44,48.8,4,44,1,0
663,49,37.1,4,32,0,0
664,28,43.3,5,62,0,1
665,14,74.66,2,11,0,0
666,30,42.9,4,10,0,0
667,18,37.21,5,65,0,0
668,40,59.41,8,12,2,0
669,55,42.14,5,13,0,0
670,18,54.92,5,5,1,0
671,55,44.58,5,2,0,0
672,9,54.69,4,10,0,0
673,45,65.48,6,3,0,0
674,52,55.4,4,0,0,0
675,42,102.4,4,3,0,0
676,35,93.74,2,21,2,1
677,58,34.47,2,23,1,0
678,20,45.55,7,62,1,0
679,35,39.12,3,53,0,0
680,54,121.01,4,19,0,0
681,13,49.81,8,21,0,0
682,24,44.93,3,8,0,0
683,35,95.05,6,4,0,0
684,54,46.87,5,38,2,1
685,54,160.88,3,10,0,0
686,38,74.28,7,69,0,0
687,60,75.36,6,2,0,0
688,36,22.66,2,1,1,0
689,51,34.69,6,14,0,0
690,58,93.14,4,34,1,0
691,49,50.29,3,50,1,0
692,47,55.93,4,22,0,0
693,44,62.21,4,36,0,0
694,21,59.96,7,156,1,1
695,13,69.26,4,4,0,0
696,13,73.79,9,3,0,0
697,31,51.71,4,23,0,0
698,1,40.21,8,11,0,0
699,55,68.58,2,27,0,0
700,25,49.62,7,25,0,0
701,55,53.13,5,9,0,0
702,12,67.09,9,6,1,0
703,58,82.02,3,12,2,1
704,26,73.81,7,3,0,0
705,18,103.65,3,1,0,0
706,17,54.5,6,34,0,0
707,52,41.34,5,33,2,0
708,3,66.98,1,34,0,0
709,3,50.2,4,13,0,0
710,45,42.43,3,6,0,0
711,39,69.75,3,8,2,0
712,21,30.0,2,4,0,0
713,23,54.96,4,38,0,0
714,41,43.74,6,8,1,0
715,58,38.54,4,15,0,0
716,59,59.25,7,3,0,0
717,14,45.34,6,14,1,0
718,28,45.44,5,8,0,1
719,21,38.11,4,36,3,1
720,55,40.48,6,19,2,0
721,5,51.46,5,3,0,0
722,60,71.64,7,82,0,0
723,4,73.58,3,12,2,1
724,15,26.77,5,45,0,0
725,15,34.09,6,14,0,0
726,60,58.43,2,14,0,0
727,46,49.17,3,3,0,0
728,25,84.04,6,22,1,0
729,8,71.35,6,4,1,0
730,24,34.22,2,9,0,0
731,33,15.4,1,43,1,0
732,57,57.49,6,33,0,0
733,47,51.91,3,5,0,0
734,55,47.61,2,11,0,0
735,18,36.37,3,18,0,0
736,15,60.79,5,58,0,0
737,37,68.17,3,1,1,0
738,19,59.88,6,55,0,0
739,34,43.77,5,9,0,0
740,37,49.65,3,6,1,0
741,51,34.49,7,4,1,0
742,36,34.88,6,27,2,0
743,8,86.06,4,2,1,0
744,22,61.53,5,15,0,0
745,6,55.25,4,4,1,0
746,53,47.43,6,23,1,0
747,55,72.8,7,3,0,0
748,8,111.92,4,11,1,0
749,55,45.31,7,18,0,0
750,23,63.63,6,5,0,0
751,10,33.13,6,1,0,0
752,19,66.74,4,13,1,0
753,15,69.31,6,42,1,1
754,49,42.82,4,6,2,0
755,24,56.53,3,4,0,0
756,5,58.66,4,2,1,0
757,43,93.29,7,14,0,0
758,35,67.75,10,22,1,0
759,44,81.88,4,9,0,0
760,48,66.9,4,28,0,0
761,51,47.81,3,8,1,0
762,31,23.8,4,20,1,0
763,2,91.96,3,23,0,0
764,21,54.55,7,23,1,0
765,7,46.38,2,5,0,0
766,3,98.43,4,32,0,0
767,33,107.41,5,24,0,0
768,29,65.5,5,49,0,0
769,46,73.75,6,15,1,0
770,23,19.23,7,12,0,0
771,37,87.95,4,92,0,1
772,36,32.34,3,2,1,0
773,48,46.65,5,6,0,0
774,33,34.02,1,23,1,0
775,44,45.93,4,14,1,0
776,22,78.63,3,35,0,0
777,19,128.06,4,16,0,0
778,40,31.09,6,2,0,0
779,33,76.87,7,1,0,0
780,23,58.87,4,35,0,0
781,56,80.06,4,53,0,1
782,20,40.78,7,13,0,0
783,53,73.68,4,9,1,0
784,12,42.53,6,17,2,0
785,58,92.0,4,3,0,0
786,13,65.11,5,1,0,0
787,44,125.77,5,17,0,0
788,22,36.98,1,31,0,0
789,17,71.86,6,3,0,0
790,60,39.66,2,78,0,0
791,25,70.99,7,0,2,0
792,1,68.49,5,6,0,0
793,42,58.1,6,81,0,0
794,33,57.54,6,35,0,0
795,22,113.97,8,26,0,0
796,10,63.71,6,4,2,0
797,2,66.66,4,47,0,0
798,44,51.66,6,5,1,0
799,13,79.28,6,2,0,0
800,27,56.83,2,18,0,0
801,17,95.92,6,10,0,0
802,4,55.25,6,19,0,0
803,50,58.29,4,18,2,0
804,42,60.89,2,28,1,0
805,9,30.48,4,10,1,0
806,52,27.25,4,2,2,0
807,49,74.22,8,25,0,0
808,9,39.45,7,6,1,0
809,20,49.7,6,62,0,0
810,3,53.42,5,10,0,0
811,13,55.97,5,3,0,0
812,38,32.67,4,30,1,1
813,25,32.95,5,13,0,1
814,26,49.11,5,4,2,0
815,48,49.82,2,35,1,1
816,35,74.31,2,14,1,0
817,47,51.08,3,25,0,0
818,51,70.67,6,4,0,0
819,35,46.45,5,25,0,0
820,41,91.17,3,9,1,0
821,11,80.93,3,3,0,0
822,28,57.47,5,1,0,0
823,48,29.75,2,61,0,0
824,44,35.06,5,12,1,0
825,44,65.65,2,41,1,0
826,29,68.14,1,13,0,0
827,29,28.83,2,7,1,0
828,40,65.61,5,2,0,0
829,11,67.95,8,73,0,0
830,59,165.5,5,2,0,0
831,10,56.35,4,18,1,0
832,42,75.49,6,10,1,0
833,6,30.04,2,28,1,0
834,54,48.63,3,2,0,0
835,33,42.16,5,4,0,0
836,45,78.83,4,4,3,0
837,17,62.08,3,24,1,0
838,57,41.05,5,7,0,0
839,38,39.38,5,9,0,0
840,43,71.24,6,0,0,0
841,29,98.64,5,25,1,0
842,16,101.3,4,20,1,0
843,31,43.32,8,9,0,0
844,1,56.0,7,60,0,1
845,48,82.78,6,2,2,0
846,51,35.34,7,4,2,0
847,57,83.29,3,5,0,0
848,9,40.12,3,55,0,1
849,11,39.89,4,14,0,0
850,58,38.23,6,13,0,0
851,55,58.3,3,6,0,0
852,17,50.77,3,19,0,0
853,1,65.28,6,8,0,0
854,11,56.66,3,22,0,0
855,39,70.17,1,17,0,0
856,8,58.66,5,44,0,0
857,51,39.21,4,21,0,0
858,26,21.56,8,54,0,0
859,56,43.06,4,6,0,0
860,51,81.37,7,22,1,0
861,2,49.17,5,22,0,0
862,29,94.78,6,15,1,0
863,22,56.9,2,15,2,0
864,14,72.34,6,38,0,0
865,47,78.79,6,39,0,0
866,23,49.64,6,5,0,0
867,6,72.82,5,5,2,0
868,38,50.79,8,2,1,0
869,43,58.64,3,6,0,0
870,30,89.2,5,15,0,0
871,32,44.66,1,0,1,0
872,57,31.75,8,5,1,0
873,18,44.31,3,17,0,0
874,54,35.87,7,16,0,0
875,27,27.7,4,11,2,0
876,13,105.72,5,3,0,0
877,7,63.8,5,17,0,0
878,31,46.67,7,1,1,0
879,18,63.63,8,5,1,0
880,42,65.69,6,1,0,0
881,14,43.52,5,6,1,0
882,52,37.2,8,8,1,0
883,43,35.6,5,1,1,0
884,31,30.32,3,12,0,0
885,57,28.61,7,28,0,0
886,1,115.92,7,31,0,0
887,50,41.19,5,14,1,0
888,36,49.72,5,1,0,0
889,29,68.37,7,9,1,0
890,51,47.04,2,15,1,0
891,18,54.95,4,12,0,0
892,20,33.77,3,12,2,0
893,13,54.77,7,4,1,0
894,5,59.4,2,6,0,0
895,9,29.91,2,5,1,0
896,50,47.42,3,34,1,0
897,6,49.73,5,15,0,0
898,28,65.85,7,22,0,0
899,48,37.87,4,7,0,0
900,19,35.89,4,30,0,0
901,48,114.77,5,53,0,0
902,5,84.71,6,2,1,0
903,55,111.01,7,30,0,0
904,25,79.24,3,12,3,0
905,51,52.29,3,16,0,0
906,44,87.12,5,35,1,0
907,42,51.32,6,65,1,0
908,44,49.73,6,7,0,0
909,1,76.39,5,40,1,0
910,12,61.94,4,2,1,0
911,31,64.42,5,7,0,0
912,40,85.67,5,11,1,0
913,42,47.68,4,113,1,1
914,34,40.0,4,16,1,0
915,60,37.38,7,135,0,1
916,39,57.86,5,4,0,0
917,8,51.99,7,1,2,0
918,9,75.44,6,5,0,0
919,57,61.97,4,18,0,0
920,40,61.79,2,6,1,0
921,5,32.33,4,6,0,0
922,28,79.92,3,1,0,0
923,28,45.05,3,42,0,0
924,44,76.97,5,40,0,0
925,33,58.12,5,2,0,0
926,56,52.97,7,43,2,0
927,30,64.64,8,39,2,0
928,28,64.62,7,30,0,1
929,25,65.04,5,33,2,1
930,31,40.16,5,2,0,0
931,48,43.15,7,10,0,0
932,49,67.88,3,16,0,0
933,6,97.18,5,39,0,0
934,43,43.93,8,18,1,0
935,40,100.9,4,4,0,0
936,55,65.81,8,8,2,0
937,29,61.31,5,9,0,0
938,13,77.55,6,1,0,0
939,39,54.69,5,78,0,0
940,53,37.86,5,23,2,0
941,23,65.0,3,8,1,0
942,19,58.76,2,4,0,0
943,52,39.92,3,12,1,0
944,34,42.66,5,5,0,0
945,26,88.77,6,6,0,0
946,13,40.76,6,5,1,0
947,14,68.7,7,10,0,0
948,1,88.49,6,27,0,0
949,17,78.94,4,25,0,0
950,21,45.19,3,28,1,1
951,47,43.89,3,44,0,0
952,32,43.11,2,11,0,0
953,17,81.64,6,62,1,0
954,33,91.99,5,26,1,0
955,40,70.79,4,64,0,0
956,5,81.86,3,22,1,0
957,50,52.84,7,7,2,0
958,41,73.42,6,2,0,0
959,20,59.01,4,11,0,0
960,35,61.07,4,34,0,0
961,57,68.0,7,20,0,0
962,35,23.89,4,2,1,0
963,40,40.52,2,22,0,0
964,32,63.98,7,13,1,0
965,55,39.49,5,14,0,0
966,33,69.83,3,8,1,0
967,49,96.92,9,9,0,0
968,4,81.98,7,13,0,0
969,54,29.15,7,55,2,0
970,55,43.98,9,17,3,0
971,56,73.98,5,16,1,0
972,8,52.25,9,16,0,0
973,16,93.21,4,12,0,0
974,59,39.48,6,31,0,0
975,1,48.6,6,2,1,1
976,21,54.6,3,2,1,0
977,3,68.67,2,0,1,0
978,56,33.96,4,6,1,0
979,25,86.02,5,23,2,0
980,23,82.26,5,27,0,0
981,48,62.6,5,19,1,0
982,7,33.7,3,55,0,0
983,19,149.87,2,21,0,0
984,28,50.75,6,3,0,0
985,5,27.94,8,15,0,0
986,22,39.45,7,5,1,0
987,4,23.89,8,11,0,0
988,25,34.71,12,3,0,0
989,46,50.5,5,107,1,1
990,38,130.81,4,11,0,0
991,26,33.61,2,18,1,0
992,55,92.17,6,5,0,0
993,13,64.42,6,5,0,0
994,57,40.39,6,7,0,0
995,34,18.41,4,17,0,0
996,30,49.9,3,6,0,0
997,18,41.71,1,0,0,0
998,39,135.77,3,4,1,0
999,57,37.71,5,2,1,0
1000,21,61.58,6,8,3,0
1001,43,41.41,7,12,0,0
1002,23,56.34,5,18,0,0
1003,7,73.19,2,4,0,0
1004,10,34.93,4,14,2,1
1005,18,65.5,6,19,1,0
1006,42,45.9,6,30,0,0
1007,35,47.62,7,6,0,0
1008,52,59.27,5,18,0,0
1009,23,97.12,5,6,0,0
1010,2,94.06,4,5,0,0
1011,14,35.36,7,12,0,0
1012,29,50.68,5,47,0,0
1013,13,75.91,6,28,1,1
1014,15,58.3,7,2,0,0
1015,57,47.54,5,65,0,0
1016,52,51.75,6,55,1,0
1017,26,52.4,4,2,1,0
1018,32,47.54,5,10,1,0
1019,12,27.2,5,2,2,0
1020,16,36.5,10,34,0,0
1021,52,41.28,5,61,0,1
1022,45,33.8,5,12,0,0
1023,30,102.66,7,3,0,0
1024,19,67.59,8,21,1,0
1025,48,66.34,4,2,1,0
1026,60,52.45,8,6,3,0
1027,7,87.93,2,16,1,1
1028,17,42.47,8,15,1,0
1029,39,95.3,5,18,0,0
1030,14,60.26,3,2,0,0
1031,59,54.8,7,0,0,0
1032,11,40.82,4,10,0,0
1033,20,89.17,8,10,0,0
1034,49,34.62,4,12,1,0
1035,33,94.5,8,18,1,0
1036,1,28.46,3,1,0,0
1037,55,37.4,6,28,0,0
1038,22,41.73,5,24,0,0
1039,46,39.81,5,29,0,0
1040,6,48.91,4,3,0,0
1041,14,52.46,4,9,0,0
1042,19,42.61,5,29,1,0
1043,34,54.65,5,35,0,0
1044,22,49.86,6,24,1,0
1045,55,113.25,14,39,0,0
1046,16,106.17,9,10,0,0
1047,51,42.73,6,6,1,0
1048,31,46.34,7,9,2,0
1049,41,27.02,4,11,0,0
1050,8,34.55,4,44,0,0
1051,16,64.95,8,39,1,0
1052,40,73.7,9,10,0,0
1053,12,31.07,4,21,0,0
1054,4,31.88,6,28,0,0
1055,16,31.8,7,17,0,0
1056,37,53.07,5,35,0,0
1057,49,58.99,3,30,0,0
1058,23,55.64,7,15,1,0
1059,21,29.74,4,64,0,1
1060,8,66.5,4,46,0,0
1061,41,83.58,5,25,1,0
1062,32,34.41,5,32,1,0
1063,29,46.98,6,6,0,0
1064,36,50.5,4,10,0,0
1065,8,36.78,2,11,0,0
1066,52,43.97,5,0,0,0
1067,7,50.89,4,12,0,0
1068,37,101.49,4,12,0,0
1069,42,125.18,6,1,0,0
1070,59,70.66,7,2,0,0
1071,34,36.34,2,1,0,0
1072,59,28.1,4,1,0,0
1073,52,49.56,5,3,2,0
1074,58,66.53,6,26,0,0
1075,57,32.14,6,7,0,0
1076,39,96.33,3,5,0,0
1077,18,81.09,6,28,0,0
1078,51,57.61,5,13,0,0
1079,27,31.89,7,44,1,0
1080,50,63.57,4,18,1,0
1081,24,33.2,5,15,1,0
1082,4,81.69,2,18,0,0
1083,53,28.05,4,46,0,0
1084,7,74.17,6,36,1,0
1085,45,48.67,4,30,0,0
1086,4,29.01,4,15,1,0
1087,25,81.21,11,14,0,0
1088,29,72.56,4,24,0,0
1089,54,31.74,6,27,0,0
1090,6,66.7,5,9,0,0
1091,24,32.02,5,7,0,0
1092,30,58.23,6,28,1,0
1093,39,50.4,7,20,1,0
1094,37,37.31,6,46,1,1
1095,17,72.43,7,4,2,0
1096,7,55.64,3,81,0,0
1097,14,28.97,3,21,0,1
1098,4,17.19,5,24,0,0
1099,33,44.08,1,8,0,0
1100,38,27.37,5,9,0,0
1101,35,87.93,6,9,0,0
1102,13,126.35,6,3,0,0
1103,47,35.28,9,32,1,0
1104,12,23.27,5,8,0,0
1105,42,60.27,3,3,0,0
1106,47,44.59,7,6,0,0
1107,7,75.58,8,6,0,0
1108,48,51.93,5,11,0,0
1109,33,44.02,3,22,1,0
1110,3,58.06,3,17,0,0
1111,60,22.98,4,2,0,0
1112,4,60.78,3,2,1,1
1113,12,31.04,5,17,0,0
1114,29,46.66,3,1,1,0
1115,18,59.18,5,19,2,1
1116,25,38.92,3,3,1,0
1117,24,55.62,2,1,1,0
1118,40,29.8,4,47,0,0
1119,34,41.15,8,27,0,0
1120,43,43.11,3,2,1,0
1121,46,102.29,6,11,0,1
1122,13,67.09,5,31,0,1
1123,26,37.71,4,7,0,0
1124,40,47.57,6,16,0,0
1125,51,42.69,4,12,0,0
1126,24,57.54,2,29,1,0
1127,49,104.45,3,0,0,0
1128,27,23.51,4,10,0,0
1129,42,18.89,1,66,0,0
1130,7,61.42,5,13,1,0
1131,59,76.46,3,11,0,0
1132,34,76.08,4,27,1,0
1133,10,43.75,10,38,0,0
1134,40,56.28,5,10,3,0
1135,43,59.3,5,1,0,0
1136,3,73.32,5,39,0,0
1137,37,70.48,4,27,0,0
1138,33,55.5,7,27,1,0
1139,21,114.53,2,70,2,1
1140,29,71.91,6,14,1,0
1141,27,33.91,4,1,0,0
1142,6,74.65,3,16,0,0
1143,18,58.47,5,22,0,0
1144,10,87.86,4,3,0,0
1145,12,45.26,9,3,0,0
1146,25,71.95,4,18,0,0
1147,20,74.39,3,49,0,1
1148,22,88.79,7,4,0,0
1149,12,38.72,5,15,0,0
1150,35,94.48,3,19,1,0
1151,22,23.95,3,24,2,0
1152,59,29.53,6,10,0,0
1153,8,49.28,3,9,0,0
1154,6,106.09,7,1,1,0
1155,13,59.15,6,37,0,1
1156,25,16.6,5,7,0,0
1157,27,62.07,4,24,0,0
1158,38,45.12,7,21,1,0
1159,49,68.92,8,11,0,0
1160,42,74.89,6,48,0,1
1161,18,59.54,5,27,0,0
1162,11,52.66,7,66,0,0
1163,50,83.48,7,10,0,0
1164,33,66.83,9,7,0,0
1165,3,61.86,3,3,0,0
1166,10,46.19,6,11,1,0
1167,14,47.38,8,11,2,0
1168,52,44.35,9,6,0,0
1169,46,54.06,3,2,0,0
1170,52,47.46,9,2,0,0
1171,57,59.49,4,11,0,0
1172,5,44.2,7,61,2,1
1173,4,67.17,3,2,0,0
1174,36,40.69,5,34,0,0
1175,51,49.88,7,2,0,0
1176,8,56.61,10,2,0,0
1177,33,82.76,3,11,0,0
1178,44,36.57,3,24,1,0
1179,27,50.08,5,4,0,0
1180,13,96.23,4,38,1,0
1181,18,60.89,6,20,0,0
1182,31,71.37,2,14,1,1
1183,22,25.66,2,17,0,1
1184,53,48.66,7,36,1,0
1185,52,34.75,4,65,1,1
1186,13,42.18,8,7,1,0
1187,59,51.09,7,2,0,0
1188,18,57.69,4,19,1,0
1189,46,50.43,7,13,0,0
1190,40,49.83,4,25,0,0
1191,4,60.11,2,27,1,0
1192,39,52.69,3,44,1,0
1193,40,70.73,4,3,0,0
1194,26,43.68,3,45,1,0
1195,8,90.51,7,38,1,0
1196,20,83.29,5,18,0,0
1197,57,37.53,7,16,0,0
1198,2,60.26,5,22,0,0
1199,23,78.34,4,1,1,0
1200,5,59.33,5,16,0,0
1201,43,85.66,2,13,0,0
1202,28,68.35,5,7,0,0
1203,29,66.92,9,10,0,0
1204,48,63.65,4,27,1,0
1205,43,93.51,4,54,1,0
1206,60,58.33,5,26,1,0
1207,30,104.3,5,17,0,0
1208,56,79.92,5,7,1,0
1209,8,51.32,8,35,1,0
1210,36,25.45,6,35,0,1
1211,3,47.82,3,55,0,1
1212,22,33.27,5,25,1,0
1213,7,66.01,6,2,1,0
1214,34,33.14,6,15,0,0
1215,26,50.97,3,28,1,0
1216,25,32.24,9,3,1,0
1217,37,51.5,3,41,0,0
1218,44,56.59,5,21,1,0
1219,22,32.71,2,9,1,1
1220,51,43.67,3,26,0,0
1221,54,23.01,8,55,0,0
1222,24,53.11,4,5,0,0
1223,48,111.77,5,13,1,0
1224,3,66.19,6,17,0,0
1225,39,60.29,6,18,1,0
1226,57,103.14,5,10,0,0
1227,29,52.47,7,10,1,0
1228,35,43.53,7,13,0,0
1229,31,38.13,5,13,2,0
1230,12,53.92,3,8,0,0
1231,3,45.15,3,1,0,0
1232,8,41.7,3,22,0,0
1233,21,67.26,5,2,3,0
1234,16,106.73,6,4,0,0
1235,56,47.74,2,16,1,0
1236,51,44.41,8,1,1,0
1237,10,57.4,6,37,0,0
1238,14,64.66,2,27,0,0
1239,38,54.17,6,4,1,0
1240,21,52.69,6,10,1,1
1241,38,80.27,7,42,0,0
1242,56,53.68,3,10,0,0
1243,16,32.44,7,2,1,0
1244,6,66.9,2,17,0,0
1245,17,68.8,3,13,0,0
1246,8,46.81,4,25,0,0
1247,14,37.41,3,10,1,0
1248,31,29.82,8,5,0,0
1249,43,89.97,6,15,0,0
1250,47,72.79,6,6,2,0
1251,18,72.34,2,50,1,0
1252,7,84.33,5,25,0,0
1253,38,30.33,6,27,1,0
1254,5,44.15,8,22,1,0
1255,17,49.31,6,44,0,0
1256,14,46.43,8,11,0,0
1257,9,54.13,6,32,0,0
1258,9,41.03,7,46,0,0
1259,36,86.32,10,45,0,0
1260,30,36.09,6,1,1,0
1261,20,36.77,5,79,0,1
1262,50,36.42,5,24,0,0
1263,24,70.24,4,2,1,0
1264,43,47.59,5,84,0,1
1265,45,35.11,8,8,1,0
1266,26,33.7,5,38,0,0
1267,8,40.89,3,37,0,0
1268,56,43.26,5,87,0,0
1269,51,46.18,4,6,1,0
1270,6,70.66,1,8,0,0
1271,34,129.12,2,1,0,0
1272,40,52.75,4,52,0,0
1273,6,40.26,8,10,0,0
1274,59,23.65,5,25,1,0
1275,28,31.75,7,24,2,0
1276,39,31.77,8,17,1,0
1277,12,44.92,6,1,0,0
1278,7,45.77,4,58,0,0
1279,8,55.04,5,14,0,0
1280,38,83.66,5,10,1,0
1281,58,121.82,6,42,0,0
1282,28,50.09,4,1,0,0
1283,28,60.96,6,30,2,0
1284,9,83.24,4,49,1,0
1285,26,39.94,4,5,0,0
1286,59,52.48,7,9,0,0
1287,25,38.44,5,9,0,0
1288,14,89.65,4,28,0,0
1289,11,49.53,5,40,0,0
1290,51,64.23,6,29,1,0
1291,52,140.49,6,21,1,0
1292,46,48.45,5,1,4,0
1293,31,56.69,6,9,0,0
1294,55,77.02,7,15,0,0
1295,10,90.72,5,15,0,0
1296,7,46.08,9,3,0,0
1297,41,65.21,6,1,0,0
1298,17,77.53,3,0,0,0
1299,43,72.15,4,44,1,0
1300,24,45.69,3,39,0,0
1301,11,48.98,9,7,2,1
1302,59,39.13,7,44,0,0
1303,58,39.25,2,3,0,0
1304,17,61.44,6,7,0,0
1305,38,59.05,4,6,0,0
1306,18,26.67,5,7,0,0
1307,27,64.82,7,49,1,0
1308,34,64.76,9,59,0,0
1309,32,71.91,8,27,1,0
1310,46,43.45,3,6,1,0
1311,37,24.0,4,10,0,0
1312,39,106.18,5,11,1,0
1313,60,44.18,2,3,0,0
1314,60,15.07,6,29,1,0
1315,56,60.06,5,10,0,0
1316,9,74.22,7,49,0,0
1317,4,35.8,4,2,0,0
1318,3,66.97,5,9,1,0
1319,60,56.57,10,7,3,0
1320,39,51.91,2,75,0,0
1321,9,41.27,4,3,0,0
1322,60,106.43,6,34,1,0
1323,5,49.34,5,21,2,0
1324,14,76.71,8,38,0,0
1325,1,42.04,1,33,1,0
1326,44,80.6,6,23,0,0
1327,58,58.13,5,20,0,0
1328,41,108.44,2,33,0,0
1329,43,42.19,6,31,0,1
1330,9,65.87,4,25,0,0
1331,16,44.23,5,6,0,0
1332,40,30.72,4,1,1,0
1333,15,38.21,8,8,0,0
1334,16,41.41,7,1,1,0
1335,21,105.47,7,1,0,0
1336,50,47.68,5,3,0,0
1337,34,45.53,2,5,0,0
1338,4,78.57,3,77,0,0
1339,45,122.8,2,4,1,0
1340,8,78.7,5,11,0,0
1341,9,92.04,4,6,1,0
1342,34,37.72,6,42,1,0
1343,59,55.84,4,5,1,0
1344,46,20.45,5,11,0,0
1345,53,102.23,8,37,0,0
1346,15,61.6,1,48,0,0
1347,38,73.42,1,59,0,0
1348,7,110.93,7,9,1,1
1349,14,39.83,2,0,1,0
1350,37,53.55,7,70,1,0
1351,23,42.53,5,7,0,0
1352,1,77.5,4,17,0,0
1353,56,74.64,5,10,1,0
1354,26,69.2,4,51,0,0
1355,40,54.44,9,5,0,0
1356,59,63.69,7,9,0,0
1357,35,39.72,6,7,0,0
1358,28,71.78,4,3,0,0
1359,27,81.46,3,11,0,0
1360,41,43.88,3,1,0,0
1361,19,30.89,3,20,1,0
1362,8,100.71,6,8,0,0
1363,46,98.36,4,4,0,0
1364,12,61.82,4,27,0,0
1365,42,63.01,7,10,2,0
1366,44,36.19,5,13,1,0
1367,33,59.54,4,14,0,0
1368,60,41.11,3,1,0,0
1369,60,36.51,9,18,1,0
1370,47,68.93,5,51,0,0
1371,58,111.82,5,53,3,0
1372,3,55.31,6,16,2,0
1373,9,33.42,8,58,0,1
1374,42,46.2,5,33,1,0
1375,20,69.88,2,33,0,0
1376,7,121.09,6,24,1,0
1377,56,21.11,5,2,1,0
1378,42,43.8,4,4,0,0
1379,39,47.28,4,4,0,0
1380,10,38.3,2,8,0,0
1381,45,57.88,4,33,0,0
1382,3,35.83,6,19,0,0
1383,45,54.86,7,5,2,0
1384,38,26.22,5,27,0,0
1385,54,65.44,4,10,2,0
1386,18,62.54,3,6,0,0
1387,24,86.38,9,20,0,0
1388,20,58.83,8,9,0,0
1389,39,41.77,1,14,1,0
1390,36,41.42,6,6,2,0
1391,6,70.24,5,46,1,0
1392,1,68.69,4,37,1,1
1393,14,41.62,7,15,1,0
1394,58,20.14,2,0,1,0
1395,24,64.43,3,9,0,0
1396,32,37.77,4,16,1,0
1397,6,40.41,6,66,0,0
1398,32,91.62,2,9,1,0
1399,19,53.44,7,11,0,0
1400,17,68.61,5,7,1,0
1401,19,128.87,8,2,0,0
1402,17,68.18,4,2,1,0
1403,32,80.11,6,41,0,0
1404,45,99.29,4,12,2,1
1405,27,72.03,2,16,0,0
1406,28,89.47,7,20,1,0
1407,45,42.77,4,0,1,0
1408,19,37.79,5,9,1,0
1409,42,62.04,7,34,1,0
1410,29,34.29,7,8,0,0
1411,40,74.12,5,24,1,0
1412,40,76.22,4,4,0,0
1413,14,24.62,5,8,0,0
1414,11,37.91,4,95,0,0
1415,52,49.46,5,54,0,0
1416,9,69.12,5,9,0,0
1417,39,75.39,3,14,2,0
1418,37,24.22,8,20,1,0
1419,35,69.86,2,36,0,0
1420,49,84.99,3,14,1,0
1421,48,40.69,3,3,0,0
1422,53,37.51,4,16,0,1
1423,19,44.23,2,7,0,0
1424,47,30.89,2,16,1,0
1425,24,65.07,7,12,0,0
1426,11,47.79,2,7,0,0
1427,15,62.8,3,15,1,1
1428,28,134.17,7,11,1,0
1429,1,50.38,4,14,0,0
1430,20,87.29,5,7,0,0
1431,13,56.88,7,13,3,1
1432,45,37.37,4,5,0,0
1433,8,50.71,7,10,0,0
1434,21,72.02,3,6,1,0
1435,43,86.91,4,7,1,0
1436,25,56.53,3,32,0,0
1437,10,56.62,5,23,0,0
1438,54,71.82,4,33,0,0
1439,51,23.71,10,10,0,0
1440,34,90.13,5,20,0,0
1441,11,61.76,2,27,0,0
1442,25,42.83,3,7,0,0
1443,35,59.65,3,7,0,0
1444,47,42.54,1,42,0,1
1445,8,41.62,5,19,0,0
1446,29,52.82,2,0,1,0
1447,42,61.38,6,21,1,0
1448,49,48.9,5,17,1,0
1449,28,97.14,6,18,0,0
1450,47,26.7,4,4,0,0
1451,11,35.44,8,16,1,0
1452,27,31.12,4,2,1,0
1453,21,69.04,6,9,1,0
1454,43,44.53,3,25,1,0
1455,18,38.26,10,4,1,0
1456,1,43.59,4,15,0,0
1457,46,36.8,4,7,1,1
1458,2,51.04,6,8,1,0
1459,17,36.27,4,3,0,1
1460,11,68.94,13,1,3,0
1461,57,50.13,5,27,2,0
1462,26,49.72,3,26,0,0
1463,10,36.0,3,16,1,0
1464,53,33.74,10,10,1,0
1465,17,44.46,4,4,0,0
1466,39,60.56,4,19,0,0
1467,59,49.77,5,14,0,0
1468,19,38.45,1,20,1,0
1469,18,47.78,4,12,1,0
1470,47,66.51,4,11,0,0
1471,17,74.31,5,4,1,0
1472,16,42.76,5,0,1,0
1473,24,77.52,5,28,2,0
1474,2,83.57,7,5,1,0
1475,55,60.18,4,6,0,0
1476,47,32.56,4,33,0,0
1477,33,64.44,6,11,2,0
1478,57,36.69,3,3,1,0
1479,60,41.76,7,15,0,0
1480,4,80.45,6,9,0,0
1481,6,66.48,6,3,0,0
1482,60,69.78,6,53,0,0
1483,18,90.35,3,3,0,0
1484,48,41.29,7,10,1,0
1485,36,46.09,6,23,0,0
1486,54,103.74,5,17,0,0
1487,56,45.32,8,3,0,0
1488,29,80.38,5,19,0,0
1489,38,80.28,2,8,1,0
1490,46,71.65,8,7,1,0
1491,29,59.67,4,11,0,1
1492,20,103.73,7,1,0,0
1493,2,64.62,5,19,1,0
1494,13,36.72,3,53,2,0
1495,33,73.93,4,2,2,0
1496,60,64.63,6,32,1,0
1497,11,60.35,5,11,0,0
1498,47,47.25,4,24,0,0
1499,12,54.33,6,5,1,0
1500,51,45.62,7,31,2,0
1501,4,44.35,1,2,2,0
1502,31,42.23,3,4,2,0
1503,2,35.91,5,0,1,0
1504,36,44.53,6,6,0,0
1505,54,45.91,6,18,0,0
1506,43,43.07,4,2,0,0
1507,54,111.33,8,22,0,0
1508,12,69.69,6,11,0,0
1509,19,107.23,4,11,0,0
1510,49,42.98,5,7,2,0
1511,22,41.89,5,23,0,0
1512,26,27.93,7,25,1,0
1513,19,60.54,6,7,0,0
1514,59,45.42,4,3,0,0
1515,9,101.44,7,40,0,0
1516,45,40.33,7,6,0,0
1517,38,48.69,5,16,0,0
1518,2,124.7,7,0,1,0
1519,49,51.09,3,1,0,0
1520,60,43.22,6,9,1,0
1521,49,83.35,4,8,1,0
1522,53,61.49,3,4,3,1
1523,21,67.61,9,8,1,0
1524,39,72.14,5,1,0,0
1525,23,104.98,4,4,2,0
1526,42,31.5,3,44,1,0
1527,27,34.15,2,28,0,0
1528,13,52.14,5,10,1,0
1529,30,89.79,5,19,1,0
1530,58,62.85,5,37,2,1
1531,15,25.61,5,6,0,0
1532,2,57.84,6,7,0,0
1533,14,100.82,5,28,1,0
1534,53,164.75,7,0,0,0
1535,22,73.44,3,23,1,0
1536,18,38.38,7,10,0,0
1537,27,60.93,2,44,0,0
1538,2,83.75,4,16,0,0
1539,52,43.75,3,51,1,0
1540,31,43.3,3,10,0,0
1541,54,135.36,4,60,0,0
1542,15,75.76,6,17,1,0
1543,32,92.75,10,3,0,0
1544,21,23.68,8,7,0,1
1545,39,35.02,6,5,1,0
1546,36,18.08,6,27,1,0
1547,50,51.92,6,37,1,0
1548,2,42.37,5,19,2,0
1549,5,67.54,3,12,2,0
1550,41,66.97,5,3,0,0
1551,13,90.14,4,7,0,0
1552,16,82.49,3,8,1,0
1553,11,52.0,12,5,0,0
1554,12,88.3,8,5,0,0
1555,29,38.4,2,20,0,0
1556,45,59.89,3,10,0,0
1557,21,35.06,4,11,0,0
1558,12,53.89,3,34,1,0
1559,23,46.09,4,7,0,0
1560,43,102.43,6,34,0,0
1561,46,75.92,4,4,2,0
1562,49,46.19,6,7,0,0
1563,9,50.98,5,8,0,0
1564,38,56.11,7,1,1,0
1565,55,48.9,4,4,0,0
1566,4,54.31,3,10,0,0
1567,3,70.46,7,22,1,0
1568,59,43.1,5,5,0,0
1569,59,49.57,5,6,0,0
1570,9,64.21,6,27,0,0
1571,55,117.93,6,6,0,0
1572,21,65.26,4,20,0,0
1573,38,64.27,6,26,1,0
1574,17,67.17,3,229,1,1
1575,19,36.37,8,26,1,0
1576,33,55.55,7,2,0,0
1577,34,35.16,7,21,0,0
1578,27,55.83,5,6,0,0
1579,22,31.58,6,85,1,0
1580,48,45.74,2,30,1,0
1581,21,107.44,2,20,1,0
1582,41,73.3,4,13,0,0
1583,55,74.4,7,59,1,1
1584,40,64.27,4,2,0,0
1585,26,96.39,6,10,0,1
1586,10,112.46,8,0,0,0
1587,5,49.15,4,49,2,0
1588,13,80.62,5,0,0,0
1589,6,67.95,4,23,1,1
1590,58,18.33,2,7,0,0
1591,21,35.57,8,50,0,1
1592,24,114.6,6,16,0,0
1593,52,125.01,7,6,0,0
1594,43,35.63,7,57,0,0
1595,53,50.26,4,5,1,0
1596,22,127.77,6,13,0,0
1597,50,55.9,5,87,0,1
1598,17,72.85,8,8,0,0
1599,51,111.0,7,11,0,0
1600,10,46.13,6,3,0,0
1601,35,107.96,3,37,0,0
1602,6,87.08,5,9,0,0
1603,6,50.96,4,4,1,0
1604,47,70.48,5,9,1,0
1605,56,44.41,2,60,0,1
1606,56,84.82,2,1,1,0
1607,42,78.08,6,24,2,0
1608,4,42.86,4,17,1,0
1609,25,102.65,5,19,0,1
1610,56,50.75,4,10,1,0
1611,5,32.47,9,34,1,0
1612,25,37.1,6,42,0,0
1613,17,52.29,7,16,0,0
1614,27,63.16,2,49,0,0
1615,51,60.98,11,8,0,0
1616,29,32.29,3,13,1,0
1617,52,60.4,4,1,0,0
1618,45,43.1,6,13,0,0
1619,8,44.84,5,12,0,0
1620,47,52.16,7,5,0,0
1621,14,51.41,6,25,0,0
1622,35,87.52,6,19,0,0
1623,18,100.3,7,18,0,0
1624,8,69.61,5,5,1,0
1625,49,38.48,5,21,0,0
1626,3,38.99,8,9,1,0
1627,10,55.07,5,32,1,0
1628,25,44.42,6,9,0,0
1629,17,77.09,7,33,1,1
1630,45,44.55,5,30,0,0
1631,20,58.98,7,27,1,0
1632,41,104.64,8,3,0,0
1633,54,88.78,5,9,0,0
1634,48,35.3,3,128,0,1
1635,21,48.82,4,13,0,0
1636,55,61.31,4,40,2,1
1637,9,56.29,5,26,0,0
1638,58,57.35,7,20,0,0
1639,40,39.29,4,72,0,1
1640,52,56.28,4,11,1,0
1641,16,65.67,6,6,0,0
1642,6,98.3,4,9,0,0
1643,51,130.09,5,4,0,0
1644,32,142.55,5,7,2,0
1645,41,46.3,8,25,0,0
1646,30,90.57,6,28,0,0
1647,43,48.42,3,42,0,0
1648,47,79.38,2,2,0,0
1649,24,76.71,7,71,1,1
1650,14,35.13,6,0,0,0
1651,54,109.86,3,1,0,0
1652,8,137.19,8,5,1,0
1653,13,47.77,8,73,1,0
1654,34,66.05,3,3,0,0
1655,33,137.02,6,68,0,0
1656,51,79.35,9,5,0,0
1657,60,61.76,4,7,1,0
1658,33,70.91,4,27,0,0
1659,26,62.79,3,7,1,0
1660,1,101.13,3,21,2,0
1661,16,113.52,4,4,0,0
1662,28,39.65,4,4,0,0
1663,23,25.57,6,54,1,0
1664,2,38.9,3,4,0,1
1665,52,31.36,6,5,0,0
1666,13,61.75,5,14,1,0
1667,12,67.19,5,4,1,0
1668,52,67.51,5,75,2,0
1669,47,27.78,4,42,0,0
1670,56,117.12,9,2,0,0
1671,41,42.47,4,15,2,0
1672,10,47.7,3,18,0,0
1673,4,62.98,8,15,1,0
1674,17,73.13,3,37,0,0
1675,44,60.64,5,6,1,0
1676,6,73.4,6,18,0,0
1677,34,55.68,8,14,0,0
1678,28,114.3,6,6,0,0
1679,3,27.55,7,41,1,1
1680,54,54.96,6,19,0,0
1681,18,131.58,5,3,1,0
1682,8,49.67,4,12,0,0
1683,19,45.37,6,83,0,1
1684,46,49.97,10,2,1,0
1685,21,90.06,3,11,0,0
1686,16,107.83,3,39,0,0
1687,8,66.72,9,6,0,0
1688,60,43.09,4,5,0,0
1689,57,34.16,4,13,3,0
1690,57,43.7,6,6,2,0
1691,5,41.59,8,143,0,0
1692,57,125.66,5,8,0,0
1693,1,50.73,6,23,1,0
1694,11,35.69,4,3,0,0
1695,49,27.39,4,58,0,0
1696,46,65.92,4,4,1,0
1697,59,54.38,3,7,0,0
1698,39,84.55,7,128,0,1
1699,20,56.64,5,21,1,0
1700,54,62.7,8,50,2,0
1701,11,87.94,1,34,0,0
1702,18,63.74,7,8,0,0
1703,58,52.52,5,27,0,0
1704,35,65.6,4,25,0,0
1705,32,87.9,4,24,0,0
1706,5,63.27,2,0,0,0
1707,29,72.74,4,5,0,0
1708,3,33.88,3,28,0,1
1709,33,35.38,7,9,0,0
1710,4,67.41,3,12,0,1
1711,50,35.2,5,13,1,0
1712,37,57.38,5,5,1,0
1713,14,54.77,2,5,2,0
1714,9,68.4,4,13,0,0
1715,39,88.71,4,16,1,0
1716,3,53.16,10,62,0,0
1717,38,38.61,6,3,2,0
1718,33,48.3,3,1,0,0
1719,38,78.11,7,4,1,0
1720,50,53.85,5,13,1,0
1721,41,50.65,3,40,1,0
1722,15,84.36,4,31,1,0
1723,7,98.22,3,5,0,0
1724,48,45.03,3,0,0,0
1725,14,61.19,3,6,1,0
1726,56,32.41,4,98,2,1
1727,24,38.11,4,13,0,0
1728,45,39.82,7,5,0,0
1729,58,41.1,4,51,0,0
1730,20,75.24,5,13,0,0
1731,42,58.9,6,54,1,1
1732,22,47.88,2,5,1,0
1733,39,21.26,5,17,1,1
1734,48,90.96,4,31,1,0
1735,7,153.84,5,9,0,0
1736,7,47.22,1,12,1,0
1737,29,46.93,10,8,1,0
1738,20,39.61,7,14,1,0
1739,7,32.99,6,11,0,0
1740,34,90.14,5,6,0,0
1741,31,109.78,5,26,0,0
1742,6,78.96,7,4,0,0
1743,23,40.9,9,6,1,0
1744,40,66.59,2,12,0,0
1745,11,47.65,6,6,2,0
1746,2,93.71,6,40,0,0
1747,6,96.86,2,23,1,0
1748,53,30.92,3,12,0,0
1749,37,58.88,2,4,2,0
1750,47,102.44,6,1,1,0
1751,23,41.99,5,9,0,0
1752,37,78.69,8,1,1,0
1753,38,67.83,6,3,0,0
1754,58,87.02,6,3,0,0
1755,12,25.29,3,23,0,0
1756,31,48.86,4,1,1,0
1757,43,57.11,9,8,0,0
1758,13,117.31,2,15,1,0
1759,55,44.42,5,16,0,0
1760,12,93.07,6,2,1,0
1761,15,91.71,8,30,0,0
1762,51,48.15,2,9,0,0
1763,13,55.66,4,10,1,0
1764,49,42.48,6,11,1,0
1765,14,92.44,4,15,0,0
1766,33,29.88,6,20,0,0
1767,44,23.79,1,15,0,0
1768,3,157.69,1,39,1,0
1769,32,44.69,10,11,1,0
1770,32,30.45,2,1,0,0
1771,57,107.8,3,19,1,0
1772,21,31.44,6,1,0,0
1773,2,103.08,9,3,1,0
1774,29,83.19,4,64,1,0
1775,24,58.14,4,5,0,0
1776,21,37.56,6,56,1,0
1777,14,52.78,5,26,1,1
1778,43,38.78,5,35,0,0
1779,3,55.99,3,79,1,1
1780,13,60.65,5,22,0,0
1781,53,26.73,3,13,0,0
1782,9,51.36,4,13,0,0
1783,49,44.93,4,56,0,0
1784,2,84.17,8,4,1,0
1785,21,82.35,6,46,1,0
1786,13,70.21,2,25,0,0
1787,28,35.92,4,22,2,1
1788,21,98.18,3,12,0,0
1789,40,63.2,3,2,0,0
1790,4,42.36,6,5,0,0
1791,16,71.37,7,12,1,0
1792,51,55.68,6,14,0,0
1793,33,57.81,6,38,0,0
1794,44,60.53,4,52,2,0
1795,31,38.31,4,19,0,0
1796,55,24.35,3,61,1,1
1797,47,47.93,3,2,0,0
1798,3,26.32,3,10,0,0
1799,24,50.71,8,11,0,0
1800,2,85.96,6,29,2,0
1801,47,25.81,3,51,0,0
1802,11,77.84,5,37,2,0
1803,14,85.61,3,14,0,0
1804,59,51.36,5,16,0,0
1805,35,53.89,1,10,1,0
1806,42,63.04,6,49,0,0
1807,9,47.3,4,20,0,0
1808,30,49.85,4,67,0,0
1809,30,85.41,4,6,0,0
1810,38,35.22,4,22,0,0
1811,54,50.1,2,2,2,0
1812,53,41.43,5,21,0,0
1813,19,62.72,6,26,1,0
1814,11,31.5,12,12,0,0
1815,30,73.56,4,61,1,0
1816,59,37.52,3,1,1,0
1817,22,57.57,5,1,0,0
1818,19,36.88,7,54,1,0
1819,59,42.22,3,9,0,0
1820,3,36.57,6,81,0,1
1821,20,42.12,9,9,1,0
1822,58,61.09,3,35,0,0
1823,19,93.84,8,10,1,0
1824,29,27.35,8,0,0,0
1825,40,61.2,3,14,0,0
1826,26,44.56,8,10,0,0
1827,12,66.0,6,10,4,0
1828,49,69.58,6,10,0,0
1829,5,35.43,7,68,0,1
1830,24,57.44,5,7,0,0
1831,26,39.9,3,32,1,0
1832,38,50.33,5,0,0,0
1833,6,78.97,3,8,0,0
1834,13,72.44,4,44,0,0
1835,50,50.74,2,22,0,0
1836,1,74.81,5,12,1,0
1837,51,56.33,2,2,0,0
1838,43,36.02,8,7,0,0
1839,35,59.7,5,2,0,0
1840,13,45.12,3,18,1,0
1841,12,70.01,8,0,0,0
1842,48,63.01,5,12,0,0
1843,28,42.99,5,53,0,0
1844,13,30.74,3,14,0,0
1845,48,66.42,7,3,0,0
1846,19,64.35,5,30,0,0
1847,30,68.14,3,4,0,0
1848,37,49.37,4,26,3,0
1849,42,47.71,6,36,1,0
1850,33,43.38,3,30,0,0
1851,39,112.11,3,7,0,0
1852,11,39.25,5,29,0,0
1853,10,48.09,2,13,0,0
1854,31,77.87,6,16,1,0
1855,7,119.42,8,22,1,0
1856,48,66.73,8,9,0,0
1857,37,21.06,3,43,1,0
1858,56,34.6,2,41,2,0
1859,36,51.81,6,24,1,0
1860,53,84.14,4,8,0,0
1861,21,135.7,4,50,0,1
1862,56,44.04,8,14,1,0
1863,3,27.37,4,11,0,0
1864,31,42.86,3,4,0,0
1865,50,54.52,8,58,0,0
1866,15,34.37,6,16,1,0
1867,48,93.62,10,7,0,0
1868,31,44.84,4,5,0,0
1869,27,59.29,7,24,2,0
1870,8,52.28,8,15,0,0
1871,28,82.41,3,9,0,0
1872,38,65.33,7,36,0,0
1873,25,42.99,4,13,1,0
1874,1,62.72,3,16,2,0
1875,6,67.75,2,16,0,0
1876,27,69.94,2,7,3,0
1877,19,73.37,5,3,1,0
1878,18,49.8,6,29,1,0
1879,3,28.96,7,25,0,0
1880,4,46.95,5,8,0,0
1881,3,69.63,2,7,0,0
1882,43,59.64,7,15,1,0
1883,10,52.8,6,9,1,0
1884,1,63.88,8,18,1,0
1885,43,39.93,4,9,1,1
1886,17,39.99,4,14,0,0
1887,32,46.23,4,15,0,0
1888,53,21.84,7,26,0,0
1889,52,41.83,7,15,1,0
1890,47,50.58,8,2,1,0
1891,27,49.1,6,19,1,0
1892,18,20.12,6,0,0,0
1893,52,38.6,6,5,0,0
1894,41,56.0,3,6,0,1
1895,39,46.56,4,2,0,0
1896,7,29.53,4,2,0,0
1897,11,61.97,6,4,0,0
1898,24,25.07,5,6,2,0
1899,3,50.57,4,18,0,0
1900,40,30.4,3,24,1,0
1901,17,22.25,2,9,0,0
1902,37,44.17,4,29,0,0
1903,35,59.73,5,15,1,0
1904,5,34.32,5,7,0,0
1905,50,66.81,3,14,0,0
1906,39,77.52,7,9,1,0
1907,54,28.15,6,36,1,0
1908,26,48.04,5,7,1,0
1909,9,60.5,6,37,0,0
1910,36,58.39,4,15,0,0
1911,1,46.73,3,37,1,0
1912,25,60.92,5,9,0,0
1913,54,71.75,3,1,1,0
1914,23,34.88,6,17,1,1
1915,38,76.69,4,1,0,0
1916,5,82.23,3,38,0,0
1917,17,54.88,4,6,0,0
1918,16,35.32,3,2,0,0
1919,57,121.35,6,59,0,0
1920,47,39.58,4,25,0,0
1921,35,88.06,5,38,0,1
1922,16,96.85,8,11,0,0
1923,59,35.52,3,24,0,0
1924,28,62.96,1,46,3,1
1925,40,40.39,6,8,0,0
1926,25,85.22,4,32,0,0
1927,7,48.36,9,10,1,0
1928,58,35.6,7,12,1,0
1929,44,52.86,6,43,1,0
1930,6,48.22,4,31,0,0
1931,22,30.57,2,19,0,0
1932,35,95.32,4,1,0,0
1933,20,39.41,6,11,1,0
1934,41,36.3,4,16,0,0
1935,12,58.64,4,13,0,0
1936,21,86.84,3,48,2,0
1937,21,40.25,8,14,1,0
1938,1,66.91,5,2,1,0
1939,51,42.53,4,106,0,0
1940,41,45.85,5,5,0,0
1941,10,48.32,7,78,0,0
1942,31,41.34,4,24,0,0
1943,7,34.14,5,6,1,0
1944,32,73.36,5,11,0,0
1945,51,60.05,12,6,1,0
1946,26,57.69,3,9,1,0
1947,14,58.67,6,1,0,0
1948,50,26.06,1,1,0,0
1949,21,38.48,4,19,0,0
1950,42,43.4,7,1,1,0
1951,57,58.55,2,41,0,0
1952,8,79.1,4,10,0,0
1953,44,48.26,8,25,1,0
1954,54,48.89,3,7,0,0
1955,29,53.4,4,2,0,0
1956,4,96.4,4,25,2,0
1957,23,91.21,4,25,0,0
1958,33,88.34,12,3,0,0
1959,3,64.54,5,106,0,1
1960,9,106.87,6,16,0,0
1961,32,18.4,8,0,1,0
1962,11,33.06,6,5,2,0
1963,23,40.27,3,30,0,0
1964,45,68.16,5,11,0,0
1965,4,116.76,1,0,0,0
1966,14,84.3,4,11,1,0
1967,4,40.84,9,3,1,0
1968,34,42.38,3,16,2,0
1969,8,48.21,2,23,0,0
1970,12,87.0,4,19,1,0
1971,17,90.43,9,6,1,0
1972,13,75.55,7,34,0,0
1973,44,56.98,4,12,0,0
1974,54,61.67,10,9,0,0
1975,50,71.05,6,13,1,0
1976,15,61.66,5,35,0,0
1977,52,31.41,5,16,0,0
1978,26,81.43,6,1,1,0
1979,58,75.05,7,13,0,0
1980,16,53.47,4,8,0,0
1981,38,78.92,4,23,2,0
1982,28,57.17,6,13,0,0
1983,47,57.86,6,12,1,0
1984,47,121.95,2,37,0,1
1985,38,57.68,3,50,1,0
1986,42,69.01,9,8,0,0
1987,14,52.9,3,3,1,0
1988,20,31.03,3,3,1,0
1989,21,57.46,3,10,0,0
1990,40,48.06,7,19,1,0
1991,17,36.92,8,10,0,0
1992,5,31.7,7,22,1,0
1993,53,58.72,7,1,2,0
1994,4,48.42,4,6,0,0
1995,40,38.96,2,34,0,0
1996,25,85.68,3,14,0,0
1997,7,57.2,4,15,0,0
1998,51,67.99,4,6,1,0
1999,37,95.58,5,24,0,0
2000,28,91.83,5,19,0,0
2001,43,71.1,3,1,0,0
2002,2,112.92,4,14,0,0
2003,48,108.51,7,9,0,0
2004,50,56.01,7,11,0,0
2005,5,24.77,4,53,1,0
2006,34,53.06,6,44,0,0
2007,42,60.42,4,32,0,1
2008,50,99.42,4,8,0,0
2009,1,74.26,5,26,1,0
2010,4,52.12,5,27,0,0
2011,28,49.26,5,6,0,0
2012,41,74.23,5,10,0,0
2013,46,47.86,9,0,0,0
2014,25,122.91,6,12,1,0
2015,18,84.49,7,20,0,0
2016,6,26.39,4,7,1,0
2017,53,27.54,3,23,1,0
2018,54,55.61,7,12,0,0
2019,56,39.16,6,68,3,0
2020,49,28.67,4,4,2,0
2021,4,122.83,6,21,1,0
2022,48,50.09,8,3,0,0
2023,51,58.02,4,14,0,0
2024,19,62.93,4,1,0,0
2025,37,97.11,7,1,1,0
2026,31,41.8,9,20,1,0
2027,18,73.62,5,8,0,0
2028,51,29.7,5,6,2,0
2029,13,36.71,10,3,1,0
2030,49,51.6,7,37,1,1
2031,31,43.59,6,2,0,0
2032,47,52.47,3,5,1,0
2033,50,94.79,4,89,1,1
2034,7,41.71,4,9,2,0
2035,31,45.81,5,11,0,0
2036,12,38.44,6,8,0,0
2037,1,33.29,2,49,1,0
2038,33,45.12,4,20,1,0
2039,41,48.2,5,17,0,0
2040,27,51.38,2,143,2,1
2041,34,56.64,6,12,0,0
2042,25,73.28,7,9,0,0
2043,9,41.43,7,103,0,1
2044,20,124.62,4,12,0,0
2045,17,61.67,7,17,0,0
2046,55,84.44,6,40,1,0
2047,38,129.66,7,1,0,0
2048,18,53.84,7,33,0,0
2049,26,55.22,5,6,0,0
2050,59,43.92,6,21,1,0
2051,6,75.51,3,13,0,0
2052,43,62.71,6,34,3,0
2053,51,70.95,3,46,0,1
2054,50,39.54,3,1,0,0
2055,35,51.44,3,2,0,0
2056,54,35.65,4,19,0,0
2057,18,32.42,6,75,0,0
2058,13,57.51,3,45,0,0
2059,37,76.41,4,4,0,0
2060,18,51.58,3,13,0,0
2061,34,61.25,4,6,0,0
2062,8,73.7,5,38,0,0
2063,5,30.27,2,1,1,0
2064,6,66.85,8,1,1,0
2065,24,58.12,8,4,0,0
2066,13,42.49,4,17,0,0
2067,35,68.37,4,29,2,1
2068,33,38.75,4,4,0,0
2069,2,49.95,6,5,1,0
2070,5,69.77,5,5,0,0
2071,46,62.7,6,4,1,0
2072,1,49.75,4,7,1,0
2073,31,52.28,4,31,0,0
2074,34,58.95,5,59,1,0
2075,55,43.28,7,0,0,0
2076,53,47.81,7,4,0,0
2077,10,21.11,3,52,1,1
2078,12,71.52,7,28,0,0
2079,6,109.99,6,7,1,0
2080,4,66.47,4,12,0,0
2081,15,45.06,6,8,0,0
2082,29,71.54,3,58,0,1
2083,41,92.33,7,17,1,0
2084,54,24.25,10,3,2,0
2085,46,54.15,5,6,0,0
2086,22,88.41,2,21,0,0
2087,21,38.95,8,136,1,1
2088,28,31.73,6,45,0,0
2089,35,39.78,3,9,1,0
2090,46,50.06,3,22,1,0
2091,22,66.61,1,17,0,0
2092,30,58.29,5,105,0,0
2093,1,41.34,3,90,1,1
2094,39,68.28,7,0,1,0
2095,7,64.18,1,58,1,1
2096,45,66.62,6,39,0,0
2097,59,52.07,6,18,0,0
2098,17,67.81,5,20,2,0
2099,7,78.29,4,10,0,0
2100,11,72.22,3,18,0,0
2101,57,58.58,5,38,0,0
2102,17,60.89,3,22,0,0
2103,22,63.32,2,3,0,0
2104,29,98.77,7,17,1,0
2105,57,68.71,4,18,2,0
2106,31,67.38,5,9,1,0
2107,27,103.32,6,9,1,0
2108,21,68.57,4,26,0,1
2109,4,38.74,8,0,0,0
2110,8,54.26,3,11,0,0
2111,38,24.18,4,5,0,0
2112,4,33.93,8,14,0,0
2113,38,17.41,5,8,1,0
2114,6,113.24,3,11,0,0
2115,8,128.88,9,5,2,1
2116,13,89.73,7,32,0,0
2117,49,75.15,5,24,0,0
2118,28,45.87,6,13,2,0
2119,10,26.65,8,12,0,0
2120,14,43.91,5,30,1,0
2121,2,51.9,2,36,0,0
2122,53,36.93,3,13,0,0
2123,52,63.42,5,4,1,0
2124,50,46.28,2,6,0,0
2125,60,28.92,4,12,0,0
2126,25,101.33,7,40,1,0
2127,56,31.05,3,1,0,0
2128,38,27.51,2,9,0,0
2129,6,47.26,5,1,0,0
2130,30,72.76,4,1,0,0
2131,20,77.02,9,21,0,0
2132,2,85.47,5,1,1,0
2133,58,34.44,6,11,0,0
2134,34,68.4,3,7,1,0
2135,60,37.46,6,13,0,0
2136,19,91.94,3,5,1,0
2137,45,36.41,14,33,0,0
2138,31,65.38,7,32,0,0
2139,30,43.17,3,12,0,0
2140,14,84.24,6,5,3,1
2141,25,39.36,3,9,2,0
2142,28,43.61,7,17,0,0
2143,30,76.8,6,1,0,0
2144,17,31.55,9,16,0,0
2145,32,47.89,5,8,1,0
2146,1,63.71,4,25,0,0
2147,50,54.02,4,30,0,0
2148,26,65.9,7,1,0,0
2149,39,86.69,2,30,1,1
2150,14,55.36,3,6,0,0
2151,8,44.59,4,37,1,0
2152,17,65.28,4,6,1,0
2153,18,61.75,7,3,0,0
2154,51,78.08,4,16,1,0
2155,46,79.41,8,27,0,0
2156,51,75.55,3,5,1,0
2157,23,53.48,5,9,0,0
2158,57,31.06,7,44,0,0
2159,46,36.75,7,43,2,0
2160,18,69.64,5,10,0,0
2161,6,93.06,7,8,0,0
2162,43,58.74,5,66,1,0
2163,37,53.47,2,35,1,0
2164,36,51.43,7,4,0,0
2165,54,32.1,6,25,1,0
2166,44,36.24,6,40,0,0
2167,9,52.89,5,17,1,0
2168,52,65.57,8,2,2,0
2169,29,48.29,2,5,0,0
2170,6,45.48,5,2,1,0
2171,17,49.68,5,3,0,0
2172,59,55.03,8,10,0,0
2173,3,44.16,7,12,0,0
2174,1,54.57,5,1,0,0
2175,54,25.97,3,1,2,0
2176,35,47.62,5,13,0,0
2177,30,46.46,6,0,0,0
2178,42,36.61,10,30,0,0
2179,50,71.92,6,4,2,0
2180,24,76.19,4,5,0,0
2181,3,32.54,8,10,0,0
2182,38,35.71,4,38,0,0
2183,27,98.83,2,37,1,0
2184,43,45.38,5,4,0,0
2185,43,48.6,5,1,1,0
2186,21,105.94,7,13,1,0
2187,13,52.19,5,29,0,0
2188,6,65.2,4,56,1,0
2189,13,62.48,3,12,0,0
2190,24,77.27,4,15,1,0
2191,14,70.93,5,41,0,0
2192,5,53.2,7,16,0,0
2193,13,45.52,4,3,2,0
2194,40,104.51,4,10,1,0
2195,53,54.36,8,26,1,0
2196,21,68.2,6,15,1,0
2197,58,107.7,11,19,0,0
2198,23,76.73,4,65,0,1
2199,58,105.24,8,2,2,0
2200,10,26.02,7,23,1,0
2201,12,48.16,1,35,1,0
2202,27,29.84,5,16,0,0
2203,18,46.16,4,11,0,1
2204,6,80.54,8,25,1,0
2205,25,64.22,9,2,1,0
2206,21,48.95,4,5,3,1
2207,12,55.01,5,55,0,0
2208,42,74.01,7,4,0,0
2209,16,62.76,8,1,0,0
2210,58,53.3,9,29,0,0
2211,25,95.64,3,0,1,0
2212,57,122.9,3,20,0,0
2213,47,27.65,7,26,0,0
2214,22,68.96,3,45,0,0
2215,21,96.44,10,3,0,0
2216,34,59.49,3,14,0,0
2217,33,31.84,4,18,1,0
2218,46,53.08,4,32,0,0
2219,45,60.89,5,45,0,0
2220,31,19.02,9,33,0,0
2221,50,55.91,7,9,0,0
2222,47,77.72,2,12,0,0
2223,48,134.39,3,26,1,0
2224,3,39.3,8,17,0,0
2225,17,39.29,7,2,0,0
2226,10,36.53,6,28,1,0
2227,38,48.36,6,2,0,0
2228,29,72.05,5,34,0,0
2229,8,99.26,6,5,1,0
2230,5,55.7,5,54,1,0
2231,9,111.7,6,26,0,0
2232,43,141.38,5,11,1,0
2233,6,57.33,4,90,0,1
2234,3,75.87,5,19,0,0
2235,60,39.6,5,3,0,0
2236,47,110.42,5,5,0,0
2237,14,58.41,6,8,1,0
2238,2,62.64,7,1,0,0
2239,51,69.89,8,7,1,0
2240,41,89.69,6,20,1,0
2241,36,75.44,6,18,1,1
2242,12,42.34,4,19,1,0
2243,53,42.59,9,0,0,0
2244,47,34.34,4,23,1,0
2245,53,40.38,5,9,1,0
2246,27,104.08,6,32,0,0
2247,6,70.69,5,1,0,0
2248,19,48.14,5,1,0,0
2249,36,64.07,8,31,0,0
2250,26,150.75,5,3,0,0
2251,57,41.16,8,13,0,0
2252,30,68.67,3,0,0,0
2253,21,51.71,5,1,0,0
2254,24,100.05,9,9,0,0
2255,30,24.66,3,2,1,0
2256,28,27.69,6,17,0,0
2257,1,55.38,3,6,0,1
2258,47,68.8,3,0,1,0
2259,7,63.77,4,7,2,0
2260,59,103.64,4,11,1,0
2261,53,65.55,5,4,0,0
2262,29,26.73,8,99,0,1
2263,12,45.39,6,18,0,0
2264,39,34.86,8,76,1,0
2265,3,22.05,1,29,0,0
2266,45,45.32,2,3,2,0
2267,34,37.4,4,5,1,0
2268,22,45.71,4,68,1,0
2269,41,55.18,6,48,0,0
2270,55,96.82,5,16,1,0
2271,19,82.27,8,12,1,0
2272,35,52.76,3,15,0,0
2273,31,45.53,6,71,0,0
2274,60,49.13,3,2,2,0
2275,16,51.65,5,37,1,0
2276,30,50.02,5,22,0,0
2277,8,99.45,2,13,0,0
2278,6,71.12,4,26,0,0
2279,43,62.17,2,38,0,0
2280,37,48.92,6,24,1,0
2281,43,36.93,3,10,0,0
2282,43,54.48,7,21,1,0
2283,47,52.37,5,11,1,0
2284,48,82.2,8,42,1,0
2285,16,64.12,6,6,1,0
2286,32,47.92,5,2,0,0
2287,51,31.84,4,10,0,0
2288,16,33.62,4,27,1,0
2289,30,39.64,4,26,1,0
2290,58,93.4,5,35,0,0
2291,49,84.21,6,11,0,0
2292,58,41.67,2,16,1,0
2293,25,64.63,6,13,0,0
2294,22,74.38,4,32,0,1
2295,58,26.47,6,29,1,0
2296,24,48.1,6,129,1,1
2297,7,90.09,4,17,0,0
2298,1,89.23,6,13,0,0
2299,38,138.29,5,2,1,0
2300,17,58.44,3,11,0,0
2301,57,97.18,4,42,1,0
2302,20,99.56,4,20,0,0
2303,37,51.5,9,9,0,0
2304,5,121.34,10,53,0,0
2305,36,66.28,4,0,1,0
2306,3,28.62,5,31,0,1
2307,3,53.11,7,8,0,0
2308,27,63.36,3,23,1,0
2309,55,46.99,5,32,2,0
2310,51,44.15,4,88,1,1
2311,13,57.41,3,12,1,0
2312,54,83.51,2,17,0,0
2313,8,41.17,7,49,2,0
2314,21,85.37,4,11,1,0
2315,17,62.85,5,11,0,0
2316,43,68.25,2,7,0,0
2317,53,65.44,7,0,0,0
2318,22,98.53,2,16,0,0
2319,10,76.23,4,13,0,1
2320,45,60.2,4,7,1,0
2321,11,54.7,6,3,0,0
2322,19,60.4,9,37,0,0
2323,3,32.45,4,2,1,0
2324,10,79.02,9,4,0,0
2325,3,29.94,3,21,0,0
2326,3,86.74,3,16,2,0
2327,11,47.57,3,1,0,0
2328,56,39.5,6,42,1,0
2329,53,69.8,4,27,0,0
2330,33,95.42,6,96,0,1
2331,2,90.88,6,3,1,0
2332,14,32.04,6,26,0,0
2333,17,123.64,7,45,1,0
2334,58,63.17,3,5,2,0
2335,31,60.45,3,17,1,0
2336,47,44.2,5,20,0,0
2337,12,43.79,3,6,0,0
2338,36,65.29,3,1,0,0
2339,37,28.63,4,6,2,0
2340,38,44.54,1,3,0,0
2341,2,70.85,6,3,1,0
2342,35,73.77,5,4,0,0
2343,28,50.39,3,4,1,0
2344,15,18.14,7,4,1,0
2345,14,40.66,8,1,0,0
2346,60,93.76,4,11,2,0
2347,58,41.75,8,14,0,0
2348,26,45.7,4,19,0,0
2349,42,60.76,6,34,0,0
2350,18,37.63,5,2,0,0
2351,38,36.72,3,25,2,0
2352,23,46.85,3,29,0,0
2353,19,57.44,5,13,0,0
2354,14,41.35,7,2,3,0
2355,22,60.05,7,2,1,0
2356,26,82.02,2,6,0,0
2357,49,118.58,3,5,0,0
2358,32,42.25,4,16,0,0
2359,2,75.77,4,9,0,0
2360,9,51.42,6,17,0,0
2361,29,81.35,3,4,1,0
2362,54,42.55,6,5,0,0
2363,37,129.12,2,90,0,0
2364,59,43.55,7,19,0,0
2365,56,55.32,5,22,0,0
2366,25,42.29,4,1,1,0
2367,7,25.37,5,18,0,0
2368,18,40.94,2,32,2,0
2369,25,32.46,9,20,1,0
2370,22,65.48,7,4,0,0
2371,57,55.41,7,12,1,0
2372,9,46.59,4,11,1,0
2373,8,89.95,8,1,0,0
2374,42,47.7,8,4,0,0
2375,28,81.0,6,38,0,1
2376,4,79.44,5,9,1,0
2377,36,60.08,5,4,2,0
2378,56,22.39,3,8,1,0
2379,11,45.69,5,14,0,0
2380,26,36.66,7,34,0,0
2381,44,70.98,6,4,0,0
2382,53,53.77,2,3,0,0
2383,8,63.1,4,37,1,0
2384,9,40.7,2,43,1,0
2385,35,66.06,5,51,0,1
2386,41,75.85,3,24,0,0
2387,31,135.1,9,52,0,0
2388,31,86.65,5,2,0,0
2389,41,49.38,3,31,1,0
2390,38,93.72,5,0,0,0
2391,52,74.85,8,14,0,0
2392,55,39.98,5,7,0,0
2393,5,84.88,1,7,0,0
2394,8,58.07,6,29,0,0
2395,44,54.53,5,35,0,0
2396,51,80.65,5,31,0,0
2397,24,40.02,7,40,0,0
2398,52,24.21,6,20,0,0
2399,26,39.2,9,30,1,0
2400,38,53.45,3,7,2,1
2401,2,44.71,2,15,0,0
2402,55,78.98,5,73,0,0
2403,27,78.04,6,57,0,1
2404,24,48.99,6,20,1,0
2405,22,74.55,5,36,1,0
2406,51,45.91,4,28,0,0
2407,29,100.39,5,6,0,0
2408,33,118.18,5,6,1,0
2409,36,44.32,3,5,0,0
2410,1,30.39,9,9,1,0
2411,27,42.23,4,26,0,0
2412,39,93.71,5,42,0,0
2413,38,27.28,6,10,0,0
2414,17,66.97,5,22,0,0
2415,6,37.01,10,60,1,0
2416,10,32.35,5,47,0,1
2417,4,75.52,4,7,0,0
2418,4,55.84,2,17,0,0
2419,16,91.77,7,23,1,0
2420,49,100.56,5,19,0,0
2421,37,41.99,5,16,0,0
2422,39,52.1,4,10,0,0
2423,16,63.08,10,30,0,1
2424,54,42.49,6,38,1,0
2425,35,80.07,6,2,0,0
2426,7,61.35,4,2,0,0
2427,60,48.89,5,16,1,0
2428,49,49.32,7,23,0,0
2429,6,95.45,6,16,2,0
2430,26,45.6,5,37,1,1
2431,37,92.57,10,31,0,0
2432,27,57.77,9,19,0,0
2433,3,26.5,3,79,1,0
2434,26,27.28,5,11,0,0
2435,17,46.89,3,1,0,0
2436,57,66.47,5,39,1,0
2437,38,59.63,5,21,0,0
2438,23,47.52,5,10,1,0
2439,38,55.31,6,7,2,0
2440,26,73.26,8,19,0,0
2441,41,18.25,10,4,0,0
2442,20,52.73,7,15,0,0
2443,22,50.27,8,13,2,0
2444,18,80.81,3,14,0,0
2445,17,50.62,4,53,1,0
2446,51,29.42,7,26,0,0
2447,48,78.42,7,22,0,0
2448,10,36.4,8,18,0,0
2449,34,45.86,5,21,1,0
2450,27,34.19,4,80,1,1
2451,7,48.95,4,22,0,0
2452,22,58.12,7,8,0,0
2453,38,31.8,5,2,0,1
2454,36,88.52,6,4,0,0
2455,43,33.46,8,2,0,0
2456,54,90.99,7,18,0,0
2457,38,64.51,2,6,0,0
2458,58,22.82,2,3,0,0
2459,31,73.34,5,12,1,0
2460,46,50.48,2,4,2,0
2461,57,87.45,2,11,0,0
2462,45,34.61,4,47,0,1
2463,49,48.81,5,15,2,0
2464,2,27.49,2,0,0,0
2465,55,68.13,3,15,0,0
2466,31,103.84,5,7,0,0
2467,33,68.28,5,30,1,0
2468,56,68.55,4,10,0,0
2469,9,50.64,5,12,1,0
2470,33,53.83,4,31,0,0
2471,28,68.98,6,7,0,0
2472,3,62.94,7,39,0,0
2473,54,54.85,3,6,0,0
2474,2,36.04,6,36,0,0
2475,43,60.18,4,12,1,0
2476,21,35.61,5,3,0,0
2477,57,32.59,9,41,0,0
2478,38,83.41,3,0,1,0
2479,55,46.53,3,1,0,0
2480,44,86.62,7,67,2,1
2481,58,55.61,7,11,0,0
2482,17,90.36,6,15,1,0
2483,3,68.71,3,4,0,0
2484,22,55.98,6,56,0,0
2485,1,70.01,7,2,2,0
2486,45,55.02,7,4,0,0
2487,38,77.09,5,63,1,0
2488,29,61.22,6,23,0,0
2489,8,33.49,4,0,0,0
2490,17,28.73,8,15,3,0
2491,27,29.64,7,18,1,0
2492,21,85.58,7,11,0,1
2493,56,45.44,5,3,0,0
2494,14,77.14,7,2,1,0
2495,42,47.52,8,11,0,0
2496,27,86.57,4,60,0,1
2497,15,66.06,3,3,0,0
2498,21,113.29,7,30,0,0
2499,27,54.87,3,21,1,0
2500,42,89.82,4,29,1,0
2501,53,64.83,3,13,0,0
2502,17,68.87,5,8,0,0
2503,38,40.24,4,4,0,0
2504,29,38.18,5,14,0,0
2505,29,87.82,2,23,0,0
2506,51,68.24,2,20,0,0
2507,2,49.58,4,13,1,0
2508,33,55.78,6,6,0,0
2509,32,29.04,2,15,1,0
2510,51,70.34,9,30,1,0
2511,46,126.91,7,1,0,0
2512,41,22.21,3,9,1,0
2513,7,34.27,10,3,1,0
2514,27,53.82,5,8,1,0
2515,38,84.8,11,6,1,0
2516,31,48.51,5,11,1,0
2517,41,85.82,5,31,0,1
2518,19,30.63,3,39,1,0
2519,49,43.78,3,15,1,0
2520,32,67.08,8,10,0,0
2521,30,93.12,10,6,1,0
2522,33,32.37,7,20,0,0
2523,57,89.34,5,5,2,0
2524,21,147.48,7,19,1,0
2525,44,56.7,11,7,0,0
2526,10,39.84,3,10,0,1
2527,33,62.31,4,7,2,0
2528,52,41.63,3,21,1,0
2529,22,33.99,3,6,1,0
2530,17,31.92,3,17,1,0
2531,12,34.42,6,13,0,0
2532,42,72.28,4,1,0,0
2533,60,58.48,8,13,0,0
2534,58,53.79,6,14,1,0
2535,48,100.98,4,90,0,1
2536,10,54.28,6,4,1,0
2537,14,46.55,5,17,0,0
2538,16,37.7,5,1,1,0
2539,3,63.28,7,13,1,0
2540,21,72.15,8,20,0,0
2541,9,47.27,2,8,0,0
2542,8,103.47,5,29,1,0
2543,17,34.08,5,5,0,0
2544,41,39.5,3,13,0,0
2545,47,163.78,4,20,2,0
2546,40,62.61,4,6,0,0
2547,18,30.65,3,34,0,0
2548,35,35.94,5,2,1,0
2549,12,61.14,5,4,0,0
2550,54,48.84,7,5,0,0
2551,55,64.21,4,52,0,1
2552,22,67.2,3,5,0,0
2553,44,50.67,7,5,0,0
2554,47,17.94,5,21,1,0
2555,20,36.11,7,5,0,0
2556,60,46.52,6,26,0,0
2557,20,49.11,6,2,0,0
2558,4,75.07,8,11,0,0
2559,15,87.26,4,21,0,0
2560,28,34.24,3,1,0,0
2561,11,25.39,2,9,1,0
2562,47,55.94,7,2,2,0
2563,30,53.99,5,3,1,0
2564,14,63.81,5,42,0,0
2565,19,60.63,5,4,0,0
2566,11,26.15,4,30,2,1
2567,17,58.75,5,43,0,0
2568,9,38.57,5,16,0,0
2569,30,40.58,2,2,2,1
2570,17,38.18,8,38,0,0
2571,44,62.75,8,11,1,1
2572,42,64.41,5,1,0,0
2573,24,24.87,5,5,2,0
2574,23,29.28,7,4,1,1
2575,35,53.23,3,14,1,0
2576,4,63.55,6,0,1,0
2577,20,89.48,6,33,0,0
2578,40,43.76,5,16,0,0
2579,58,60.15,6,46,0,0
2580,18,62.96,7,14,0,0
2581,14,37.98,4,13,0,0
2582,44,43.22,5,1,0,0
2583,27,42.35,9,2,0,0
2584,44,74.51,5,88,0,1
2585,34,74.93,6,20,0,0
2586,15,68.84,3,10,1,0
2587,14,81.9,7,3,1,0
2588,41,61.15,6,10,0,0
2589,27,37.32,7,53,0,0
2590,24,41.82,3,1,0,0
2591,60,90.51,5,3,0,0
2592,18,51.56,5,23,1,0
2593,35,51.12,4,3,0,0
2594,56,32.81,6,52,1,0
2595,40,36.9,3,12,0,0
2596,24,48.58,4,67,0,0
2597,43,75.33,2,3,0,0
2598,28,51.61,2,43,1,0
2599,43,20.5,5,38,1,0
2600,24,57.46,4,23,1,0
2601,58,68.7,4,1,0,0
2602,51,77.27,4,38,0,0
2603,10,52.63,5,34,0,0
2604,51,42.87,3,3,1,0
2605,39,35.93,4,34,0,0
2606,10,67.51,3,8,0,0
2607,18,51.64,3,19,1,0
2608,19,32.04,4,12,1,0
2609,41,60.58,8,11,1,0
2610,18,64.32,3,0,0,0
2611,35,62.39,9,12,0,0
2612,50,75.53,5,34,1,0
2613,28,22.39,2,54,0,0
2614,38,51.02,3,6,1,1
2615,39,35.93,6,9,0,0
2616,26,48.84,3,37,0,0
2617,28,74.44,4,15,0,0
2618,40,72.63,6,7,1,0
2619,41,69.53,4,20,0,0
2620,50,20.75,6,18,1,0
2621,15,80.64,3,14,2,0
2622,38,67.32,6,35,2,0
2623,4,86.53,6,2,0,0
2624,46,79.44,2,3,0,0
2625,9,31.19,8,15,1,1
2626,35,29.1,5,19,0,0
2627,29,37.52,2,31,2,0
2628,45,45.83,5,33,0,0
2629,10,49.35,4,6,0,0
2630,20,127.17,7,16,0,0
2631,18,30.68,7,12,1,0
2632,24,46.4,4,30,2,0
2633,53,60.34,3,6,0,0
2634,60,59.77,6,24,1,0
2635,58,48.65,8,15,0,0
2636,16,69.11,9,12,0,0
2637,60,150.41,4,5,0,0
2638,22,46.08,11,36,0,0
2639,20,88.09,6,10,0,0
2640,4,48.33,5,6,0,0
2641,12,32.71,6,25,0,1
2642,17,76.03,4,65,0,0
2643,58,77.18,3,8,0,0
2644,1,72.62,4,51,0,0
2645,48,131.83,4,8,0,0
2646,56,28.77,3,35,1,1
2647,17,71.21,5,26,2,0
2648,45,36.14,3,14,0,0
2649,32,59.14,3,54,0,1
2650,46,44.32,6,82,0,0
2651,7,63.85,7,19,0,0
2652,42,57.16,6,7,0,0
2653,50,61.24,5,42,0,1
2654,32,34.46,7,9,0,0
2655,51,70.33,5,61,1,1
2656,60,32.54,2,6,2,0
2657,28,71.49,6,18,1,0
2658,25,49.09,4,34,0,0
2659,48,66.48,5,81,1,0
2660,28,32.36,3,8,1,0
2661,16,82.44,3,26,0,0
2662,12,42.08,1,15,0,0
2663,55,45.43,7,38,1,0
2664,11,38.21,5,14,2,0
2665,7,51.74,5,1,0,0
2666,52,83.26,4,16,2,0
2667,48,66.11,6,12,0,0
2668,30,42.56,7,16,1,1
2669,1,72.15,7,7,0,0
2670,26,62.17,1,23,2,0
2671,11,72.25,7,33,1,1
2672,53,29.01,6,10,0,0
2673,14,76.27,5,21,1,0
2674,16,38.01,3,1,1,0
2675,42,45.42,2,7,1,0
2676,50,34.77,4,17,1,0
2677,1,111.46,10,13,0,0
2678,43,66.46,6,15,1,0
2679,59,88.8,5,61,0,0
2680,35,54.11,7,49,1,0
2681,27,39.95,6,9,1,0
2682,41,46.7,3,41,0,0
2683,47,55.29,3,25,0,0
2684,31,31.91,6,11,1,0
2685,46,43.3,3,18,0,0
2686,45,33.09,8,22,0,0
2687,55,30.1,2,36,0,0
2688,34,60.51,5,7,0,0
2689,60,128.73,5,50,2,1
2690,52,81.2,5,1,3,0
2691,42,81.57,4,8,0,0
2692,30,50.87,2,12,1,0
2693,57,73.81,4,20,0,0
2694,4,62.04,6,43,0,0
2695,34,36.62,7,1,1,0
2696,37,40.91,6,7,0,0
2697,16,53.01,4,28,0,0
2698,59,82.04,8,10,1,0
2699,20,94.87,3,13,0,0
2700,27,74.73,2,27,0,0
2701,31,146.04,4,9,0,0
2702,42,51.76,4,11,0,0
2703,49,43.12,3,5,1,0
2704,51,42.98,9,1,0,0
2705,26,53.11,3,13,0,0
2706,23,31.14,5,6,0,0
2707,57,37.98,5,26,0,0
2708,33,66.16,2,61,3,1
2709,38,84.53,7,5,0,0
2710,26,38.03,4,33,0,0
2711,45,30.8,5,22,1,0
2712,22,36.13,6,16,0,0
2713,12,55.54,2,28,0,0
2714,19,63.05,6,92,1,0
2715,15,111.32,4,34,1,0
2716,34,50.09,7,13,0,0
2717,42,25.37,4,68,1,0
2718,6,81.72,6,6,0,0
2719,13,72.05,3,13,0,0
2720,10,59.4,1,25,0,0
2721,33,53.77,2,28,0,0
2722,24,100.8,5,2,0,0
2723,53,68.44,4,38,1,0
2724,15,42.76,6,6,1,0
2725,15,40.07,5,42,0,0
2726,39,55.57,9,50,0,0
2727,41,74.83,4,50,2,0
2728,45,31.33,6,14,0,0
2729,56,27.08,5,8,1,0
2730,19,39.27,4,10,0,0
2731,47,22.92,1,38,0,0
2732,16,34.47,7,14,0,0
2733,59,115.35,9,26,0,0
2734,23,66.88,7,5,0,0
2735,60,71.32,8,9,0,0
2736,28,54.71,7,41,2,0
2737,22,40.54,8,7,0,0
2738,46,45.77,3,12,0,0
2739,29,26.42,5,36,1,0
2740,28,77.24,5,19,1,0
2741,29,48.97,4,20,2,0
2742,43,41.39,8,2,0,0
2743,48,42.65,3,31,1,0
2744,41,94.66,6,10,0,0
2745,6,30.49,5,47,1,1
2746,33,60.65,4,112,0,1
2747,40,43.4,6,32,0,0
2748,5,67.21,7,48,1,0
2749,19,44.04,7,16,1,0
2750,28,37.79,4,20,0,0
2751,43,81.6,4,5,0,1
2752,57,40.44,9,28,0,0
2753,59,73.92,7,32,0,0
2754,35,67.47,3,18,3,0
2755,7,94.34,2,13,0,0
2756,41,42.53,5,4,0,0
2757,16,53.31,7,1,1,0
2758,18,28.4,4,14,0,0
2759,6,42.77,3,5,1,0
2760,31,40.67,3,7,0,0
2761,29,26.93,12,6,0,0
2762,56,45.02,4,42,0,0
2763,29,36.86,4,5,1,0
2764,8,52.11,4,45,0,0
2765,7,65.79,3,15,1,0
2766,34,68.02,5,21,0,0
2767,38,58.26,7,11,0,0
2768,2,64.06,6,18,0,0
2769,47,56.97,3,118,0,1
2770,20,26.97,2,45,2,1
2771,49,53.45,7,1,0,0
2772,40,57.29,6,3,0,0
2773,5,53.35,4,10,0,0
2774,37,80.88,4,30,1,0
2775,46,48.94,7,69,0,1
2776,50,63.32,8,9,0,0
2777,42,78.05,1,7,0,0
2778,55,45.54,5,44,0,0
2779,29,92.89,3,35,0,0
2780,32,54.05,4,15,1,0
2781,22,44.41,7,9,0,0
2782,60,52.15,8,9,0,0
2783,35,44.87,4,1,1,0
2784,59,61.65,9,30,0,0
2785,3,79.46,8,3,1,0
2786,33,79.42,8,8,1,0
2787,59,27.42,2,26,1,0
2788,18,91.41,5,2,1,0
2789,36,70.75,5,2,0,0
2790,29,40.87,6,7,0,0
2791,40,31.15,7,6,1,0
2792,32,36.95,5,25,1,0
2793,1,76.24,7,7,0,0
2794,46,84.87,9,66,0,0
2795,44,72.29,7,4,0,0
2796,36,65.9,9,6,1,0
2797,10,67.0,4,8,1,0
2798,38,26.17,4,22,1,0
2799,55,46.84,4,28,1,0
2800,8,82.0,4,24,0,0
2801,12,78.53,5,0,0,0
2802,52,124.68,3,2,0,0
2803,60,57.89,7,7,1,0
2804,43,61.22,3,7,0,0
2805,49,97.12,6,18,0,0
2806,11,55.95,8,78,0,0
2807,10,63.33,5,0,0,0
2808,33,57.56,6,14,1,0
2809,40,35.35,4,32,0,1
2810,29,55.57,6,3,2,1
2811,57,70.53,4,3,0,0
2812,16,50.6,4,1,1,0
2813,56,57.6,7,12,0,0
2814,11,97.8,7,3,0,0
2815,11,32.47,3,47,0,0
2816,48,69.56,6,0,2,0
2817,56,75.41,4,22,0,0
2818,24,32.78,2,8,0,0
2819,17,86.22,6,29,0,1
2820,34,181.32,6,18,0,0
2821,55,91.97,4,5,0,0
2822,42,112.62,3,27,0,0
2823,25,33.1,4,41,2,0
2824,4,74.67,4,29,0,0
2825,36,63.3,3,35,0,0
2826,30,45.84,5,30,0,0
2827,10,121.14,11,10,1,0
2828,5,45.52,5,31,1,1
2829,38,37.51,5,6,0,0
2830,31,60.99,7,0,0,0
2831,28,39.86,1,5,1,0
2832,39,99.38,8,8,0,0
2833,4,23.06,4,2,1,0
2834,20,47.56,8,13,0,0
2835,24,23.63,6,2,0,0
2836,38,63.76,3,23,0,0
2837,20,85.14,8,4,0,0
2838,5,66.87,4,46,0,0
2839,17,85.65,4,5,1,0
2840,57,32.79,4,15,1,0
2841,19,56.96,6,33,2,1
2842,58,54.24,5,5,1,0
2843,1,50.11,6,29,0,0
2844,32,38.57,6,27,0,0
2845,39,69.31,5,10,1,0
2846,44,31.15,4,9,0,0
2847,18,54.38,5,38,2,0
2848,31,57.92,2,17,0,0
2849,34,46.78,5,9,0,0
2850,34,31.11,4,3,1,0
2851,20,61.98,3,32,1,0
2852,35,65.7,3,17,0,0
2853,51,45.07,5,9,0,0
2854,41,56.42,2,3,0,0
2855,20,38.63,5,39,0,0
2856,10,99.04,5,8,0,0
2857,12,134.28,6,35,1,0
2858,25,63.33,5,81,1,1
2859,19,73.35,5,11,0,0
2860,18,106.92,6,22,1,0
2861,60,62.83,9,25,0,0
2862,14,95.79,5,17,1,0
2863,20,33.24,7,7,1,0
2864,33,19.04,7,22,0,0
2865,29,72.92,7,28,0,1
2866,57,81.26,5,12,2,0
2867,60,45.11,6,0,0,0
2868,60,38.86,4,13,2,0
2869,60,58.06,10,37,0,0
2870,58,45.84,3,25,0,1
2871,10,98.88,3,17,1,0
2872,17,26.13,2,5,2,0
2873,13,49.94,2,17,0,0
2874,55,51.98,4,32,0,0
2875,48,38.84,5,26,0,0
2876,30,66.42,4,29,0,0
2877,57,52.02,4,6,1,0
2878,19,97.43,1,36,0,0
2879,49,121.78,4,16,1,0
2880,53,16.65,4,6,1,0
2881,2,70.76,5,4,0,0
2882,9,38.88,9,12,0,0
2883,10,111.45,4,66,0,0
2884,51,60.91,5,3,1,0
2885,47,34.94,3,4,3,0
2886,46,41.14,7,9,0,0
2887,35,34.71,5,19,0,0
2888,36,64.1,7,3,0,0
2889,8,28.43,4,9,0,0
2890,3,46.8,3,8,0,0
2891,28,27.4,6,13,1,0
2892,26,77.79,2,135,0,1
2893,42,49.23,8,11,0,0
2894,47,64.22,4,18,1,0
2895,41,52.97,3,104,1,0
2896,51,27.53,6,3,0,0
2897,11,45.11,4,17,0,0
2898,16,56.22,7,4,0,0
2899,16,40.27,6,19,0,0
2900,10,31.1,3,41,1,1
2901,15,133.16,5,21,1,1
2902,7,33.29,1,85,0,0
2903,41,39.57,4,0,0,0
2904,30,56.34,9,20,2,1
2905,35,48.32,4,63,0,0
2906,15,65.06,6,11,1,0
2907,17,40.46,6,17,0,0
2908,34,48.75,7,17,0,0
2909,53,68.96,5,14,0,0
2910,54,59.3,5,99,1,1
2911,46,88.03,5,18,0,0
2912,20,56.96,5,23,0,0
2913,39,48.79,6,18,0,0
2914,20,86.56,8,41,0,0
2915,31,41.58,2,6,1,0
2916,49,50.33,8,8,0,0
2917,12,50.83,3,19,1,0
2918,54,71.18,5,4,0,0
2919,21,79.97,8,0,1,0
2920,28,52.16,7,5,0,0
2921,16,50.56,6,1,1,0
2922,14,51.2,3,24,1,0
2923,13,59.78,5,34,0,0
2924,10,65.28,4,24,0,0
2925,3,74.99,7,17,0,0
2926,11,28.2,6,16,0,0
2927,14,43.08,4,32,0,0
2928,35,83.58,2,13,0,0
2929,20,33.88,6,17,0,0
2930,11,32.22,2,13,0,0
2931,46,65.77,2,55,2,0
2932,26,29.44,7,1,0,0
2933,51,71.41,3,43,1,1
2934,7,79.95,2,12,0,0
2935,38,97.81,5,52,0,1
2936,39,63.84,4,7,0,0
2937,18,62.57,4,23,1,0
2938,10,19.08,5,43,1,0
2939,50,44.35,3,8,0,0
2940,56,93.47,5,2,1,0
2941,32,34.34,5,6,0,0
2942,40,41.01,5,14,1,0
2943,31,67.03,5,36,0,0
2944,34,74.25,5,1,0,0
2945,54,69.23,4,8,0,0
2946,45,73.2,6,2,1,0
2947,37,87.22,3,2,1,1
2948,12,77.3,6,74,0,1
2949,27,90.33,5,36,1,0
2950,50,50.35,5,16,1,0
2951,29,43.42,6,14,0,0
2952,40,108.41,3,41,1,0
2953,12,58.23,3,4,1,0
2954,41,65.92,2,23,2,0
2955,24,47.24,5,21,0,0
2956,42,30.49,3,84,0,1
2957,51,83.35,9,56,0,0
2958,17,77.15,4,9,0,0
2959,5,74.15,5,16,0,0
2960,2,32.09,8,15,0,0
2961,7,57.73,6,39,0,0
2962,57,82.58,8,50,2,1
2963,51,34.31,5,22,1,0
2964,45,37.3,5,12,0,0
2965,19,61.76,3,5,0,1
2966,24,35.15,4,20,0,0
2967,24,20.03,2,28,1,0
2968,52,44.96,7,2,0,0
2969,52,39.59,4,114,1,1
2970,13,68.15,6,25,0,0
2971,59,79.69,3,27,0,0
2972,32,41.2,6,3,0,0
2973,36,147.22,4,33,0,0
2974,39,62.6,6,3,0,0
2975,46,40.33,4,17,1,0
2976,51,70.43,4,37,0,1
2977,47,65.09,4,51,0,0
2978,1,67.61,6,28,0,0
2979,51,105.67,6,1,0,0
2980,6,35.77,2,0,0,0
2981,51,71.99,10,10,0,0
2982,49,56.42,7,50,0,0
2983,18,26.19,2,15,0,0
2984,35,29.04,1,43,1,0
2985,52,88.99,7,14,0,0
2986,28,76.89,9,49,0,0
2987,38,104.78,3,18,0,0
2988,35,61.15,8,45,0,0
2989,15,25.78,3,2,0,0
2990,23,49.18,4,26,0,0
2991,1,50.1,4,18,0,0
2992,26,52.68,9,39,0,0
2993,3,35.77,5,3,1,0
2994,43,96.74,9,2,1,0
2995,26,38.0,4,13,1,0
2996,2,55.34,5,15,0,0
2997,12,39.55,8,1,0,0
2998,48,72.48,4,6,0,0
2999,12,31.96,6,22,0,0
3000,29,31.06,3,2,0,0
3001,49,83.05,7,3,0,0
3002,49,65.85,7,1,1,0
3003,30,110.95,5,2,1,0
3004,47,60.04,6,24,1,0
3005,57,61.2,4,13,1,0
3006,39,37.07,4,19,0,0
3007,49,90.01,2,49,0,0
3008,37,82.39,7,29,0,0
3009,3,83.19,5,19,0,0
3010,58,62.52,7,6,1,0
3011,59,44.63,5,45,1,0
3012,37,55.7,6,31,0,0
3013,10,61.13,5,2,0,0
3014,30,51.83,6,3,0,0
3015,32,48.71,5,30,0,0
3016,57,76.39,7,86,0,0
3017,44,86.16,8,11,1,0
3018,10,38.09,2,35,0,0
3019,29,60.13,6,51,0,0
3020,51,107.94,8,24,0,0
3021,50,41.61,5,0,0,0
3022,44,49.49,4,80,0,0
3023,55,40.35,4,10,1,0
3024,43,53.51,3,1,0,0
3025,28,62.91,4,8,1,0
3026,54,58.0,2,49,0,0
3027,9,78.96,5,12,0,0
3028,42,57.97,4,57,1,0
3029,52,65.19,2,16,0,0
3030,14,46.27,2,2,1,0
3031,27,35.17,3,70,0,0
3032,9,119.95,5,14,2,0
3033,10,72.8,5,11,0,0
3034,36,41.01,7,27,0,0
3035,46,55.35,7,6,0,0
3036,32,73.21,1,7,2,0
3037,59,48.28,7,7,0,0
3038,39,55.52,4,6,0,0
3039,44,68.96,7,19,2,1
3040,29,65.12,5,3,0,0
3041,35,29.46,3,33,3,0
3042,8,54.79,8,34,1,0
3043,31,27.72,7,67,0,0
3044,50,62.14,4,48,0,0
3045,1,62.21,5,16,1,0
3046,12,57.36,8,19,0,0
3047,25,71.12,11,24,0,0
3048,5,26.23,5,14,2,0
3049,2,47.54,3,2,1,0
3050,2,42.67,9,1,0,0
3051,5,45.57,5,12,0,0
3052,33,39.57,7,25,2,0
3053,43,43.64,7,24,2,0
3054,36,32.59,5,2,0,0
3055,18,52.96,1,16,0,0
3056,40,60.8,6,31,0,0
3057,20,76.04,3,10,0,0
3058,28,49.27,5,2,0,0
3059,30,73.98,1,10,0,1
3060,59,50.37,4,35,0,0
3061,31,88.36,7,22,0,0
3062,31,62.86,7,39,1,0
3063,6,46.53,8,5,1,0
3064,48,84.99,6,7,0,0
3065,4,41.9,1,43,0,0
3066,40,65.17,4,2,0,0
3067,58,39.56,6,10,2,0
3068,32,83.15,6,13,0,0
3069,1,107.75,4,15,0,0
3070,19,25.9,2,1,1,0
3071,1,51.46,7,26,1,0
3072,8,124.36,3,4,1,0
3073,40,38.75,3,4,0,0
3074,19,47.96,4,25,0,0
3075,1,57.35,5,15,1,1
3076,41,45.55,5,2,0,0
3077,38,103.82,4,22,0,0
3078,4,91.95,5,16,1,0
3079,17,30.03,6,31,0,0
3080,35,48.32,7,36,0,0
3081,16,109.75,4,63,0,0
3082,14,41.43,6,8,0,0
3083,50,59.51,6,63,0,0
3084,41,33.07,10,19,0,0
3085,3,75.23,7,11,0,0
3086,22,64.94,3,18,1,0
3087,51,40.37,8,67,0,0
3088,51,74.81,7,38,1,1
3089,43,36.23,4,78,0,0
3090,60,86.03,6,24,1,0
3091,29,85.71,2,32,2,0
3092,40,72.74,5,11,1,0
3093,43,59.22,5,3,1,0
3094,6,39.64,5,14,1,0
3095,42,35.53,4,77,0,0
3096,43,76.69,6,125,1,1
3097,6,23.35,3,2,0,0
3098,31,37.57,3,88,1,1
3099,38,62.89,5,17,0,0
3100,10,42.8,4,45,0,0
3101,55,105.03,5,37,1,0
3102,21,38.14,4,3,2,0
3103,5,39.75,6,56,0,0
3104,46,42.93,3,13,1,0
3105,4,34.44,6,18,0,0
3106,13,86.12,5,37,1,0
3107,5,26.76,2,79,1,1
3108,13,55.4,5,123,0,1
3109,60,102.52,4,21,0,0
3110,59,72.07,3,26,0,0
3111,21,58.72,8,7,0,0
3112,57,41.34,3,19,1,0
3113,10,47.84,7,28,0,0
3114,31,69.31,6,23,0,0
3115,16,117.5,6,12,0,0
3116,2,47.48,5,5,0,0
3117,24,25.52,4,5,0,0
3118,41,88.01,3,8,2,0
3119,39,56.63,7,35,3,0
3120,23,57.87,3,8,0,0
3121,10,43.47,5,16,1,0
3122,9,38.35,8,16,0,1
3123,48,27.62,5,12,0,0
3124,5,63.76,11,18,1,0
3125,22,76.43,6,23,2,0
3126,44,67.88,7,52,1,0
3127,18,42.86,4,3,1,0
3128,59,134.77,3,7,0,0
3129,37,99.0,6,10,0,1
3130,8,74.52,3,38,0,1
3131,40,49.24,4,5,0,0
3132,45,81.15,1,10,1,0
3133,43,52.34,3,13,0,0
3134,24,95.67,3,33,1,0
3135,53,56.0,3,6,1,0
3136,12,41.23,3,53,0,1
3137,37,89.16,7,11,0,0
3138,57,96.36,5,29,3,0
3139,51,62.02,6,4,0,0
3140,28,63.03,7,11,0,0
3141,4,83.48,4,2,0,0
3142,41,28.59,6,105,1,0
3143,49,69.77,6,41,1,0
3144,53,58.39,6,60,1,0
3145,25,43.28,4,17,0,0
3146,44,67.1,7,35,0,0
3147,25,132.4,1,14,1,0
3148,21,34.67,7,3,0,0
3149,48,65.25,4,18,0,0
3150,14,47.56,5,17,2,0
3151,18,39.75,3,8,0,0
3152,19,44.84,4,8,1,0
3153,50,73.35,2,18,1,0
3154,5,52.95,5,1,3,0
3155,48,74.21,1,12,0,0
3156,21,46.02,4,15,0,0
3157,16,79.77,4,56,0,0
3158,32,32.28,9,1,1,0
3159,53,79.51,5,15,0,0
3160,15,28.55,7,8,0,0
3161,21,64.04,4,2,0,0
3162,44,49.67,4,15,1,0
3163,8,28.13,7,28,0,0
3164,20,75.09,4,17,0,0
3165,37,66.68,5,32,0,0
3166,12,51.23,5,20,0,0
3167,48,22.31,8,3,0,0
3168,31,67.34,5,28,1,0
3169,29,58.19,5,37,0,0
3170,6,21.16,6,15,3,0
3171,49,69.38,5,47,1,0
3172,5,108.1,5,13,1,1
3173,19,28.28,4,9,0,0
3174,6,38.8,7,4,1,0
3175,56,63.21,8,35,2,0
3176,59,108.8,4,2,1,0
3177,6,56.24,7,16,0,0
3178,56,64.86,5,47,0,1
3179,49,24.21,6,122,2,0
3180,26,66.95,4,20,0,0
3181,40,47.61,6,27,0,0
3182,2,67.73,2,15,3,0
3183,8,89.68,7,20,0,0
3184,17,106.45,3,2,0,0
3185,24,77.83,4,21,0,0
3186,51,50.04,5,22,1,0
3187,14,39.31,6,8,0,0
3188,46,36.86,5,44,0,0
3189,56,44.1,2,22,1,0
3190,60,105.98,3,0,0,0
3191,47,38.69,5,4,0,0
3192,36,38.53,6,8,0,0
3193,16,45.78,6,13,0,0
3194,37,49.05,7,5,0,0
3195,40,38.99,5,9,3,1
3196,7,65.53,6,36,0,0
3197,19,67.93,2,6,0,0
3198,31,47.93,2,27,0,0
3199,26,54.36,3,5,0,0
3200,26,46.6,3,4,0,0
3201,11,82.19,6,6,1,0
3202,16,41.03,6,5,1,0
3203,50,37.45,7,18,1,0
3204,53,126.4,6,1,0,0
3205,18,31.94,4,2,2,0
3206,36,65.56,7,18,1,0
3207,53,44.62,5,61,0,0
3208,10,93.65,3,14,0,0
3209,60,36.0,8,35,0,0
3210,34,60.82,2,42,0,0
3211,41,63.6,6,2,1,0
3212,4,84.11,5,13,0,0
3213,12,48.49,4,18,0,0
3214,48,110.53,5,38,0,0
3215,32,66.49,6,16,1,1
3216,22,84.96,6,3,0,0
3217,56,86.46,4,6,0,0
3218,23,56.4,4,74,0,1
3219,49,48.57,6,14,0,0
3220,60,40.09,4,3,0,0
3221,39,59.99,4,6,2,0
3222,36,40.98,9,19,0,0
3223,27,59.93,11,11,0,0
3224,24,83.98,5,15,0,0
3225,58,46.08,1,16,1,1
3226,8,29.86,6,11,0,0
3227,21,51.16,4,8,0,0
3228,43,49.76,7,15,0,0
3229,34,62.14,5,11,0,0
3230,50,57.13,2,31,2,0
3231,38,56.02,5,4,1,0
3232,5,65.29,7,37,0,0
3233,22,65.73,5,27,1,0
3234,46,73.33,2,6,0,1
3235,58,41.9,6,3,0,0
3236,43,45.83,6,27,0,0
3237,47,42.33,5,40,1,1
3238,26,68.49,3,28,1,0
3239,58,41.08,4,14,0,0
3240,46,49.73,2,18,0,0
3241,53,133.09,4,1,1,0
3242,39,67.95,8,39,1,0
3243,18,64.69,5,10,0,0
3244,11,41.08,3,5,1,0
3245,56,84.51,2,18,2,1
3246,4,49.46,2,5,0,0
3247,26,88.69,6,9,0,0
3248,2,48.12,5,35,0,0
3249,60,29.7,8,2,1,0
3250,58,45.72,4,4,1,0
3251,32,49.88,6,45,0,1
3252,38,46.02,3,25,0,0
3253,44,71.06,7,40,0,0
3254,37,105.33,6,10,0,0
3255,38,24.68,2,7,1,0
3256,23,39.48,2,8,1,0
3257,22,66.61,5,2,0,0
3258,23,35.93,7,20,2,1
3259,31,84.78,5,29,1,0
3260,56,37.06,5,22,0,0
3261,10,62.07,5,12,1,0
3262,6,34.63,4,16,0,0
3263,10,60.4,6,5,1,0
3264,51,26.58,4,1,0,0
3265,49,44.78,4,2,0,0
3266,24,50.34,5,7,0,0
3267,28,77.57,4,32,0,0
3268,37,78.66,8,2,0,0
3269,53,54.74,8,3,0,0
3270,50,78.98,6,6,1,0
3271,41,41.86,5,0,0,0
3272,38,85.27,5,1,2,0
3273,17,80.75,4,18,1,0
3274,53,61.06,6,14,0,0
3275,25,73.55,8,13,1,0
3276,22,43.9,8,4,1,1
3277,54,55.92,4,10,1,0
3278,7,82.98,3,40,1,0
3279,51,58.74,4,106,1,1
3280,45,48.61,3,61,0,0
3281,25,59.44,8,29,1,0
3282,26,26.77,1,38,2,0
3283,51,63.96,5,16,2,0
3284,41,35.42,3,23,0,0
3285,48,30.51,7,14,0,1
3286,53,51.32,7,17,0,0
3287,26,78.37,5,43,0,0
3288,6,46.86,3,1,0,0
3289,48,57.63,10,10,0,0
3290,13,66.02,5,4,3,0
3291,8,57.5,8,15,1,0
3292,43,61.84,3,26,0,0
3293,19,48.62,6,37,0,0
3294,26,41.26,4,2,0,0
3295,40,56.36,2,44,0,0
3296,47,88.72,8,1,0,0
3297,37,42.88,4,3,0,0
3298,48,52.49,3,4,0,0
3299,36,47.85,5,123,0,1
3300,40,125.63,5,5,1,0
3301,29,80.82,5,9,1,0
3302,16,44.17,3,33,1,0
3303,2,19.5,6,24,0,0
3304,15,67.62,4,22,0,0
3305,41,43.28,5,49,0,0
3306,43,22.65,5,1,0,0
3307,16,41.99,1,9,0,0
3308,13,96.11,5,91,1,1
3309,57,64.42,9,42,0,0
3310,17,42.77,5,11,1,0
3311,48,56.92,7,42,2,0
3312,17,57.8,3,19,0,0
3313,30,76.84,6,4,0,0
3314,60,60.39,7,5,0,0
3315,51,64.83,5,15,2,0
3316,35,40.24,5,35,1,0
3317,44,66.6,4,3,0,0
3318,25,19.72,4,0,1,0
3319,59,87.06,5,4,1,0
3320,22,43.49,5,12,0,0
3321,24,70.05,7,4,0,0
3322,2,54.04,6,22,0,0
3323,20,25.15,6,25,0,0
3324,54,29.52,7,3,1,0
3325,44,72.21,9,6,0,0
3326,44,45.61,6,2,0,0
3327,38,34.22,10,9,0,0
3328,52,63.33,7,37,0,0
3329,55,64.66,8,14,0,0
3330,43,45.49,8,19,0,0
3331,21,79.79,6,13,0,0
3332,3,34.29,4,27,0,0
3333,37,42.25,5,5,1,0
3334,11,40.76,4,6,1,0
3335,46,114.54,5,3,0,0
3336,16,33.68,4,9,2,1
3337,49,71.66,4,58,0,0
3338,21,81.92,5,2,1,0
3339,18,45.83,9,2,0,0
3340,28,43.69,6,45,0,0
3341,9,112.3,5,3,0,0
3342,18,50.32,5,8,0,0
3343,9,66.52,4,4,0,0
3344,52,68.83,9,12,1,0
3345,5,41.24,8,7,0,0
3346,12,33.95,6,7,0,0
3347,37,36.81,4,11,0,0
3348,50,28.35,3,19,0,0
3349,49,76.51,4,10,1,0
3350,35,25.35,3,13,0,0
3351,12,55.7,4,15,1,0
3352,25,86.03,8,11,1,0
3353,8,18.63,3,7,0,0
3354,21,30.79,2,24,2,0
3355,11,35.74,5,9,1,0
3356,15,72.96,8,15,1,0
3357,9,74.92,6,21,0,0
3358,19,43.01,4,14,1,0
3359,39,83.26,2,2,1,0
3360,12,52.87,4,29,0,0
3361,16,57.75,6,23,1,0
3362,46,53.09,3,4,1,0
3363,14,77.74,5,21,0,0
3364,44,69.3,6,8,1,0
3365,60,56.82,3,33,1,0
3366,30,26.69,4,17,1,0
3367,50,73.47,5,6,0,0
3368,20,75.64,5,57,0,0
3369,47,55.68,5,9,2,0
3370,34,86.26,3,23,1,0
3371,51,68.0,2,9,1,0
3372,58,55.63,4,34,1,0
3373,52,75.43,4,0,0,0
3374,28,38.51,7,27,0,0
3375,4,60.74,3,16,0,0
3376,53,65.24,6,26,0,0
3377,46,92.3,8,5,0,0
3378,11,42.11,4,2,0,0
3379,18,36.92,5,31,1,0
3380,14,74.22,5,8,0,0
3381,42,47.35,4,22,0,0
3382,45,34.6,5,1,1,0
3383,36,61.72,8,2,1,0
3384,28,144.47,4,16,0,0
3385,2,67.84,10,42,0,0
3386,19,33.97,5,5,1,0
3387,52,41.45,4,3,0,0
3388,54,37.32,5,44,0,0
3389,5,35.15,11,26,1,0
3390,32,54.75,6,17,1,0
3391,9,42.52,4,1,1,0
3392,24,105.05,4,5,1,0
3393,39,43.19,4,5,0,0
3394,9,66.01,5,1,0,0
3395,23,62.94,5,38,0,0
3396,28,82.98,7,14,0,0
3397,58,44.23,5,13,1,0
3398,6,33.25,4,15,1,0
3399,56,44.43,2,30,0,0
3400,28,71.18,3,26,2,1
3401,25,50.31,5,42,0,0
3402,59,43.09,5,20,0,0
3403,49,81.86,6,3,1,0
3404,58,65.74,7,3,0,0
3405,55,20.92,8,3,0,0
3406,29,41.48,6,6,0,0
3407,42,98.76,3,6,0,0
3408,43,59.14,5,2,1,0
3409,3,60.38,6,49,0,0
3410,54,28.85,3,54,1,0
3411,53,73.8,5,33,0,0
3412,52,62.07,5,46,1,0
3413,42,51.98,3,20,1,0
3414,37,42.53,4,28,2,1
3415,29,66.73,7,5,1,0
3416,25,37.97,6,38,0,0
3417,9,62.06,4,13,0,0
3418,52,41.59,3,5,0,0
3419,24,42.16,4,3,0,0
3420,26,37.65,3,7,1,0
3421,20,80.18,5,37,1,0
3422,15,70.58,5,23,0,0
3423,13,79.69,4,11,0,0
3424,11,64.91,7,2,0,0
3425,28,60.67,7,29,1,0
3426,55,112.38,1,35,3,0
3427,18,48.9,5,16,1,0
3428,31,111.9,6,29,0,0
3429,36,99.06,2,15,0,0
3430,60,90.18,4,11,0,0
3431,46,80.87,8,18,1,0
3432,35,121.72,6,0,0,0
3433,18,63.58,3,8,0,1
3434,12,47.47,7,37,1,0
3435,22,47.27,5,14,0,0
3436,51,38.17,3,14,0,0
3437,26,93.63,4,4,0,0
3438,30,86.88,5,12,1,0
3439,7,75.76,9,11,1,0
3440,54,36.35,5,7,0,0
3441,50,85.59,5,11,0,0
3442,57,48.04,9,21,1,0
3443,50,38.84,7,29,0,1
3444,31,133.61,9,1,0,0
3445,14,43.4,2,29,1,0
3446,51,57.39,4,22,0,0
3447,31,35.16,6,11,0,0
3448,6,59.24,6,4,0,0
3449,48,74.19,4,41,0,1
3450,59,95.06,9,19,0,0
3451,44,41.99,7,20,2,0
3452,16,63.23,5,4,0,0
3453,32,39.13,5,11,1,0
3454,22,51.54,10,26,0,0
3455,28,73.32,3,57,0,1
3456,24,31.1,10,15,1,0
3457,5,76.01,4,1,2,0
3458,28,30.14,6,14,0,0
3459,20,60.21,5,32,0,0
3460,56,51.93,2,10,0,0
3461,34,46.2,6,1,0,0
3462,45,50.15,9,14,0,0
3463,16,87.24,6,1,0,0
3464,7,37.73,6,59,0,0
3465,58,44.0,7,32,0,0
3466,4,134.38,8,11,1,0
3467,5,78.5,6,47,1,1
3468,16,63.26,4,18,3,0
3469,51,83.71,5,9,1,0
3470,54,54.73,3,9,0,0
3471,16,58.52,7,2,0,0
3472,3,38.22,6,8,1,0
3473,38,75.2,4,37,1,0
3474,36,42.84,5,65,0,1
3475,27,102.0,7,1,1,0
3476,51,42.22,3,77,0,0
3477,57,60.03,6,60,1,0
3478,31,34.49,4,22,0,0
3479,28,38.9,6,5,0,0
3480,38,42.08,5,3,1,0
3481,51,96.68,1,2,1,0
3482,16,73.32,3,29,1,1
3483,59,75.38,4,5,0,0
3484,55,99.96,4,25,1,0
3485,24,58.59,3,31,1,0
3486,6,27.92,5,30,1,0
3487,21,60.82,5,17,0,0
3488,37,72.86,5,7,0,0
3489,16,51.71,4,15,0,0
3490,3,97.81,7,39,0,0
3491,11,45.32,7,8,0,0
3492,4,28.82,3,24,0,1
3493,43,68.7,5,3,0,0
3494,46,63.58,2,22,0,0
3495,34,35.37,4,4,0,0
3496,33,48.49,7,22,0,0
3497,32,64.26,5,45,0,0
3498,35,26.47,5,18,1,0
3499,59,53.41,5,3,2,0
3500,49,55.36,5,33,0,0
3501,58,94.57,4,33,0,0
3502,6,127.8,5,5,0,0
3503,25,53.01,3,7,0,0
3504,40,30.6,4,62,1,1
3505,39,96.38,2,18,0,0
3506,50,37.31,4,55,0,1
3507,30,81.84,6,68,1,1
3508,45,65.95,6,49,0,0
3509,10,75.27,5,4,0,0
3510,49,72.55,2,12,0,0
3511,15,52.2,4,1,0,0
3512,10,84.44,6,19,0,0
3513,29,50.51,6,1,0,0
3514,56,122.32,5,15,1,0
3515,54,73.99,3,5,1,0
3516,31,56.35,5,34,1,0
3517,58,42.69,6,14,1,0
3518,7,84.06,5,5,1,0
3519,23,47.08,6,6,1,1
3520,10,36.16,3,57,0,1
3521,1,61.94,5,49,1,0
3522,58,28.89,3,5,0,0
3523,14,68.8,5,28,2,0
3524,59,46.48,5,10,2,0
3525,43,114.14,4,22,0,0
3526,34,53.58,3,9,0,0
3527,56,71.43,8,33,0,0
3528,11,93.58,4,5,0,0
3529,16,53.06,4,5,0,0
3530,31,76.26,3,8,1,0
3531,16,109.27,5,9,0,0
3532,24,48.39,4,1,2,0
3533,24,62.79,8,40,1,0
3534,51,92.18,6,22,1,0
3535,20,52.78,5,2,0,0
3536,42,51.78,3,32,0,0
3537,45,35.6,5,15,0,0
3538,23,28.87,2,17,0,0
3539,5,43.56,4,25,0,0
3540,60,27.11,13,8,0,0
3541,32,80.22,8,57,0,0
3542,18,38.99,4,125,2,1
3543,45,114.9,7,3,0,0
3544,49,155.16,2,6,2,0
3545,8,54.04,4,55,0,0
3546,50,63.5,5,27,1,0
3547,16,61.95,5,10,2,0
3548,51,40.06,3,30,0,0
3549,2,26.37,4,18,1,0
3550,58,34.74,4,6,0,0
3551,58,21.88,4,11,0,0
3552,6,36.65,4,2,1,0
3553,55,105.29,6,16,0,0
3554,48,47.34,3,16,1,0
3555,48,58.72,4,14,0,0
3556,16,107.14,4,5,1,0
3557,44,43.81,4,12,0,0
3558,10,50.67,7,5,0,0
3559,33,46.89,6,32,0,0
3560,15,111.06,3,51,0,0
3561,47,66.4,4,17,1,0
3562,35,71.32,7,37,0,0
3563,34,76.33,5,14,1,0
3564,39,53.58,1,10,1,0
3565,20,48.69,7,28,0,0
3566,1,64.14,3,35,1,0
3567,14,50.92,5,11,1,0
3568,33,56.84,3,34,2,1
3569,15,79.42,8,30,0,0
3570,18,59.47,4,9,0,0
3571,21,70.06,3,54,0,0
3572,36,77.68,8,1,0,0
3573,8,28.96,4,25,1,0
3574,5,30.17,4,34,1,0
3575,52,36.67,8,7,0,0
3576,42,26.07,5,13,0,0
3577,57,36.9,3,25,0,0
3578,58,111.69,3,0,1,0
3579,1,66.32,3,14,1,0
3580,5,72.6,7,2,0,0
3581,40,62.38,3,26,0,0
3582,2,61.8,5,26,0,0
3583,14,71.46,5,1,0,0
3584,36,64.09,5,12,3,0
3585,39,76.12,5,15,1,0
3586,14,32.09,7,6,2,0
3587,47,76.08,4,1,0,0
3588,9,89.14,4,1,0,0
3589,46,33.01,4,16,1,0
3590,2,49.45,3,3,0,0
3591,25,53.46,5,15,0,0
3592,13,52.28,6,16,0,0
3593,57,56.37,2,8,0,0
3594,59,89.99,5,30,0,0
3595,13,95.72,9,106,0,0
3596,40,49.99,5,34,1,0
3597,30,24.32,2,1,1,0
3598,46,35.03,6,9,0,0
3599,39,102.12,3,16,0,0
3600,56,35.44,4,13,2,0
3601,26,32.85,7,7,0,0
3602,51,54.54,7,15,1,0
3603,1,52.08,7,22,1,0
3604,59,30.47,5,62,0,0
3605,51,62.79,5,0,0,0
3606,36,43.19,4,21,2,0
3607,54,80.89,8,61,0,0
3608,33,37.47,6,42,2,0
3609,41,64.7,4,27,0,0
3610,8,35.23,10,56,1,0
3611,24,79.54,3,4,0,0
3612,35,36.29,2,44,0,0
3613,17,46.94,5,27,0,0
3614,22,54.98,3,14,0,1
3615,2,87.31,5,4,0,0
3616,6,41.47,3,16,3,0
3617,32,54.76,2,18,2,0
3618,52,45.3,6,23,1,0
3619,2,39.55,6,52,0,0
3620,56,53.05,4,45,1,1
3621,6,38.39,3,1,1,0
3622,29,51.47,3,2,1,0
3623,30,62.35,4,2,0,0
3624,31,76.02,4,17,0,0
3625,27,88.44,5,15,0,0
3626,21,103.88,8,25,0,0
3627,39,55.55,5,27,0,0
3628,42,58.51,7,6,0,0
3629,48,45.46,5,38,1,0
3630,53,71.22,7,12,0,0
3631,32,58.95,8,10,0,0
3632,42,101.78,3,46,0,0
3633,38,66.81,6,2,3,0
3634,15,43.54,3,16,0,0
3635,37,73.22,5,4,0,0
3636,15,44.59,4,24,1,0
3637,57,38.67,5,8,2,0
3638,6,56.13,5,41,1,0
3639,38,24.29,3,11,3,0
3640,23,72.62,4,16,0,1
3641,38,51.46,6,4,0,0
3642,58,64.87,6,7,0,0
3643,33,106.31,7,16,0,0
3644,6,86.98,6,9,0,0
3645,49,54.8,3,32,0,0
3646,37,52.86,3,8,1,0
3647,56,96.44,6,70,0,0
3648,15,36.76,4,38,1,0
3649,21,59.26,6,14,0,0
3650,51,112.45,5,4,0,0
3651,18,60.58,9,4,3,0
3652,51,71.72,10,3,1,0
3653,49,63.12,8,19,1,0
3654,58,50.95,4,30,0,0
3655,59,43.93,7,18,0,0
3656,44,46.23,3,2,1,0
3657,14,46.79,4,6,2,0
3658,9,51.96,4,79,0,1
3659,10,81.38,5,12,1,0
3660,50,60.23,2,13,0,0
3661,44,34.38,3,41,0,0
3662,5,75.13,9,2,2,0
3663,11,47.19,4,2,1,0
3664,43,42.22,3,56,1,0
3665,39,39.31,3,16,1,0
3666,37,38.18,7,42,1,0
3667,47,64.59,6,2,0,0
3668,18,145.01,4,8,0,0
3669,19,53.39,5,45,2,1
3670,36,36.92,6,37,1,0
3671,50,50.5,9,6,0,0
3672,59,31.46,4,21,0,0
3673,4,38.29,4,10,0,0
3674,20,92.69,5,12,3,1
3675,39,55.17,3,17,1,0
3676,29,88.92,5,7,0,0
3677,43,64.26,4,4,1,0
3678,35,36.59,8,9,1,0
3679,39,33.16,6,1,0,0
3680,14,86.05,3,4,1,0
3681,1,42.67,6,3,0,0
3682,29,42.11,5,13,0,0
3683,33,39.47,5,3,1,0
3684,50,68.81,8,0,0,0
3685,38,59.29,5,9,0,0
3686,40,52.8,7,41,1,1
3687,37,77.5,8,3,2,0
3688,43,38.0,7,51,0,0
3689,33,51.23,3,14,0,0
3690,51,57.12,3,6,2,0
3691,41,64.74,9,7,0,0
3692,42,76.43,5,18,0,0
3693,57,28.94,3,14,1,0
3694,17,67.53,5,2,0,0
3695,48,47.85,1,10,0,0
3696,60,46.5,10,11,0,0
3697,5,35.89,5,21,0,0
3698,27,32.81,4,25,0,0
3699,18,57.05,4,4,1,0
3700,59,43.88,5,21,2,0
3701,7,48.46,5,50,0,0
3702,50,44.77,4,14,1,0
3703,14,38.67,4,11,0,0
3704,43,25.51,3,13,0,0
3705,15,50.93,6,19,0,0
3706,12,48.96,8,4,0,0
3707,40,65.43,6,6,1,0
3708,10,37.54,3,3,1,0
3709,60,81.24,6,51,1,0
3710,38,158.52,6,5,1,0
3711,18,65.66,3,11,0,0
3712,5,27.84,5,26,2,1
3713,30,42.77,5,14,1,0
3714,9,25.9,3,57,0,1
3715,43,25.22,4,25,0,0
3716,52,67.88,4,25,0,0
3717,16,55.83,7,26,0,0
3718,40,74.39,6,4,1,0
3719,2,137.43,4,29,0,0
3720,3,40.25,6,3,1,0
3721,13,67.59,6,13,1,0
3722,41,43.06,4,14,0,0
3723,2,53.25,3,91,0,1
3724,58,129.34,3,29,0,0
3725,45,42.76,6,9,2,0
3726,30,57.54,3,10,0,0
3727,15,116.5,4,1,0,0
3728,19,57.65,4,12,0,1
3729,42,53.3,3,7,0,0
3730,36,68.16,7,8,1,0
3731,2,115.44,3,28,2,0
3732,20,68.66,3,32,0,0
3733,53,75.38,3,20,0,0
3734,41,56.63,6,2,0,0
3735,1,44.92,6,12,2,0
3736,51,64.42,8,7,1,0
3737,30,37.77,7,11,2,0
3738,8,50.15,1,16,0,0
3739,46,49.2,3,4,0,0
3740,33,92.72,5,17,0,0
3741,20,43.57,6,14,1,0
3742,28,87.02,6,18,1,0
3743,55,54.73,5,1,0,0
3744,5,54.38,5,0,0,0
3745,26,92.5,8,12,1,1
3746,15,43.88,7,5,2,0
3747,48,69.89,6,1,0,0
3748,40,40.42,7,28,0,0
3749,57,123.73,3,18,2,1
3750,14,46.02,3,10,0,0
3751,49,90.78,5,22,0,0
3752,22,41.93,4,2,1,0
3753,4,76.56,6,27,0,0
3754,8,100.57,4,12,1,0
3755,10,67.41,4,18,2,0
3756,51,67.43,4,35,0,0
3757,50,38.23,7,18,1,0
3758,15,31.35,5,13,1,0
3759,60,59.95,5,32,1,0
3760,56,96.53,7,22,0,0
3761,11,43.28,2,26,2,0
3762,59,45.73,7,5,1,0
3763,27,65.67,12,1,0,0
3764,11,39.42,5,13,1,0
3765,54,63.02,5,31,0,0
3766,14,67.1,4,21,0,0
3767,35,46.29,6,81,0,0
3768,29,28.7,3,12,0,0
3769,48,67.73,6,15,1,0
3770,14,52.6,6,26,1,0
3771,17,49.46,2,56,1,0
3772,37,65.76,4,3,0,0
3773,31,60.48,4,15,0,0
3774,18,34.79,5,0,0,0
3775,14,53.4,6,48,0,0
3776,26,47.2,5,30,1,0
3777,56,104.97,7,1,0,0
3778,46,50.91,5,16,0,0
3779,7,90.86,3,12,1,0
3780,42,108.55,5,58,1,0
3781,54,61.26,4,10,0,1
3782,33,27.99,7,11,2,0
3783,25,81.68,10,5,0,0
3784,55,26.36,6,20,0,0
3785,21,58.46,5,18,0,0
3786,24,70.29,3,37,1,0
3787,55,43.14,4,20,0,0
3788,12,97.94,4,11,1,0
3789,1,120.77,9,1,1,0
3790,34,75.66,5,1,1,0
3791,47,23.54,4,1,1,0
3792,22,55.5,5,60,0,0
3793,48,30.56,4,11,0,0
3794,51,63.94,4,3,1,0
3795,14,72.14,4,8,0,0
3796,41,64.73,7,19,0,0
3797,13,25.47,3,2,0,0
3798,39,39.79,3,4,0,0
3799,20,48.49,7,7,0,0
3800,22,52.36,5,14,0,0
3801,22,61.77,10,16,0,0
3802,35,52.47,5,17,1,0
3803,18,39.14,4,2,2,0
3804,8,36.32,8,43,0,0
3805,12,40.86,3,38,1,0
3806,37,57.34,6,16,0,0
3807,12,101.2,2,20,1,0
3808,31,52.91,1,2,0,0
3809,28,31.94,5,4,0,0
3810,2,156.05,7,29,1,0
3811,37,58.04,5,58,0,1
3812,12,83.91,3,5,0,0
3813,47,47.54,7,14,0,0
3814,52,56.93,3,13,1,0
3815,42,43.07,4,1,0,0
3816,30,95.02,4,7,0,0
3817,38,49.93,3,22,0,0
3818,6,33.07,6,4,1,1
3819,16,53.12,5,19,1,0
3820,28,87.89,2,17,0,0
3821,9,33.77,8,44,0,0
3822,12,62.62,3,18,0,0
3823,12,46.2,4,2,2,0
3824,23,67.14,2,5,2,0
3825,51,63.23,5,12,1,1
3826,38,64.67,4,5,0,0
3827,33,28.51,6,9,1,0
3828,38,51.4,6,21,1,0
3829,34,184.05,8,36,1,1
3830,33,22.72,4,38,1,0
3831,58,37.51,6,2,1,0
3832,53,82.01,8,28,0,1
3833,1,73.03,7,6,0,0
3834,21,60.17,6,24,1,0
3835,51,23.4,5,9,2,0
3836,60,99.52,5,40,1,0
3837,59,53.77,7,9,0,0
3838,27,63.26,4,6,1,1
3839,12,37.28,6,7,0,1
3840,39,72.89,4,14,0,0
3841,27,44.73,4,26,0,0
3842,38,39.95,11,4,1,0
3843,40,80.09,4,37,1,1
3844,19,68.5,3,9,0,0
3845,58,56.94,4,28,1,0
3846,17,73.76,9,3,1,0
3847,45,125.9,3,11,0,0
3848,20,61.68,4,11,1,0
3849,26,37.7,6,35,1,0
3850,28,71.36,6,3,0,0
3851,35,58.76,6,29,0,0
3852,39,65.97,5,24,1,1
3853,23,46.11,1,53,1,0
3854,58,96.07,4,13,0,0
3855,32,82.92,4,6,0,0
3856,51,49.53,6,1,1,0
3857,29,30.62,6,31,1,1
3858,8,72.1,6,26,1,1
3859,2,58.72,6,5,0,0
3860,56,34.84,5,24,0,0
3861,32,50.53,6,14,0,0
3862,35,42.86,3,18,1,0
3863,1,71.69,5,17,0,0
3864,42,34.18,6,8,0,0
3865,37,85.51,10,0,1,0
3866,11,92.84,5,28,1,0
3867,21,41.5,5,12,0,0
3868,32,52.13,4,8,1,0
3869,59,49.76,6,45,0,0
3870,8,45.1,5,39,0,1
3871,54,94.01,6,65,1,0
3872,7,50.87,10,11,0,0
3873,33,50.29,4,10,0,0
3874,53,47.41,4,72,0,1
3875,49,31.06,5,27,3,0
3876,16,67.98,4,48,1,0
3877,35,119.69,3,26,0,0
3878,29,62.51,5,5,1,0
3879,35,40.55,3,13,0,0
3880,56,54.23,6,16,0,0
3881,50,71.06,4,23,1,0
3882,3,78.68,5,47,0,0
3883,10,51.44,5,29,3,1
3884,49,63.41,4,8,0,0
3885,32,28.75,4,11,1,0
3886,59,40.44,5,4,0,0
3887,17,75.12,9,24,2,0
3888,60,44.45,7,1,3,0
3889,48,34.43,8,35,0,0
3890,8,53.73,5,20,1,0
3891,55,49.92,5,12,0,0
3892,34,66.61,10,5,1,0
3893,39,58.82,4,3,2,0
3894,51,84.15,4,11,0,0
3895,24,30.58,6,11,0,0
3896,8,81.62,5,8,0,0
3897,36,60.51,5,3,0,0
3898,31,89.74,4,11,1,0
3899,38,79.5,4,10,1,0
3900,53,65.26,5,48,1,0
3901,13,69.91,5,15,0,0
3902,16,80.3,8,22,2,0
3903,48,38.2,4,7,0,0
3904,3,59.25,6,29,0,0
3905,27,40.82,4,16,0,0
3906,43,42.74,10,37,0,0
3907,1,54.96,3,56,0,0
3908,45,36.96,5,0,0,0
3909,43,75.53,6,28,0,0
3910,32,51.38,5,28,0,0
3911,53,71.21,8,9,1,0
3912,20,57.02,4,32,0,0
3913,7,48.25,1,16,1,0
3914,31,103.07,5,4,0,0
3915,14,54.28,4,26,1,0
3916,47,72.42,3,64,1,0
3917,5,40.35,6,14,0,0
3918,48,42.85,1,6,0,0
3919,43,42.15,4,27,0,0
3920,27,21.46,7,1,0,0
3921,25,29.14,3,24,0,0
3922,19,50.17,5,3,0,0
3923,37,62.27,6,5,0,0
3924,11,39.64,8,11,0,0
3925,22,47.85,9,44,0,0
3926,32,63.85,7,3,0,0
3927,29,29.26,3,6,1,0
3928,27,48.95,7,1,0,0
3929,3,62.49,3,10,0,0
3930,14,87.31,6,29,1,0
3931,26,24.0,3,7,0,0
3932,36,53.45,6,27,0,0
3933,4,44.25,6,5,1,0
3934,51,50.45,6,9,0,0
3935,20,29.82,3,2,1,0
3936,47,42.47,6,3,0,0
3937,51,123.15,5,0,0,0
3938,33,87.68,4,3,0,0
3939,36,100.19,4,49,0,0
3940,21,66.23,4,30,1,1
3941,18,46.61,2,17,0,0
3942,22,31.93,5,10,1,0
3943,31,54.63,8,25,1,0
3944,26,73.32,7,67,1,0
3945,32,199.14,5,18,1,0
3946,45,52.08,5,15,1,0
3947,43,97.48,3,10,0,0
3948,25,36.92,6,10,1,1
3949,7,61.13,5,13,1,0
3950,28,39.84,6,62,2,0
3951,57,63.01,6,0,1,0
3952,37,96.62,4,30,0,0
3953,60,101.82,4,55,0,0
3954,36,82.69,4,1,0,0
3955,20,32.38,9,25,1,0
3956,17,63.98,6,6,1,0
3957,44,93.16,6,7,0,1
3958,56,38.2,4,11,1,0
3959,32,51.89,4,8,1,0
3960,17,82.37,10,21,0,0
3961,41,14.57,2,9,1,0
3962,26,42.14,9,6,1,0
3963,59,125.04,12,25,0,0
3964,57,150.02,4,21,1,0
3965,31,97.86,6,7,1,0
3966,47,20.8,7,27,0,0
3967,6,80.64,4,32,1,0
3968,8,84.22,5,15,1,0
3969,52,48.66,3,7,0,0
3970,10,154.48,8,35,0,0
3971,55,32.64,4,43,2,0
3972,19,85.48,3,10,1,0
3973,42,40.97,5,3,0,0
3974,13,88.95,5,50,1,0
3975,1,92.94,5,62,0,0
3976,18,66.89,8,27,0,0
3977,30,24.12,5,10,1,0
3978,21,46.09,7,1,1,0
3979,53,88.15,4,73,1,0
3980,3,41.46,6,11,0,0
3981,38,35.06,2,11,0,0
3982,18,63.29,4,25,0,0
3983,8,47.6,2,48,0,0
3984,4,35.57,4,23,0,0
3985,53,38.68,3,0,0,0
3986,17,59.23,8,2,0,0
3987,36,70.82,7,17,0,0
3988,25,33.99,3,6,0,0
3989,6,71.87,3,37,2,1
3990,9,43.09,4,16,0,1
3991,24,89.75,5,12,1,0
3992,26,78.56,4,2,1,0
3993,13,61.07,4,12,1,0
3994,18,57.77,6,0,3,0
3995,25,120.92,8,15,1,1
3996,25,63.26,7,14,2,0
3997,59,72.01,4,5,1,0
3998,58,138.51,2,2,0,0
3999,22,64.26,8,16,0,0
4000,19,65.92,4,28,0,0
4001,24,46.33,8,63,1,0
4002,59,28.05,6,7,0,0
4003,60,54.55,8,45,0,0
4004,17,43.97,3,4,2,0
4005,57,53.55,4,3,2,0
4006,36,93.9,5,16,3,0
4007,43,39.15,6,12,1,0
4008,17,25.54,4,10,2,0
4009,50,27.6,7,6,2,0
4010,8,37.23,4,25,0,0
4011,45,31.64,5,6,1,0
4012,17,52.33,13,1,0,0
4013,16,26.4,10,4,0,0
4014,47,41.83,5,31,0,0
4015,48,35.01,4,7,1,0
4016,52,42.47,4,31,0,0
4017,27,108.5,8,8,0,0
4018,43,68.54,4,4,0,0
4019,30,102.51,3,20,0,0
4020,17,73.26,3,2,1,0
4021,42,88.02,2,13,0,0
4022,39,37.81,6,20,0,0
4023,43,46.9,6,1,1,0
4024,49,66.95,2,16,0,0
4025,54,44.9,5,6,1,0
4026,54,40.43,6,26,0,0
4027,42,87.95,4,0,2,0
4028,59,60.99,7,1,0,0
4029,37,67.82,7,14,0,0
4030,18,27.87,3,14,0,0
4031,45,35.23,5,30,1,0
4032,55,49.1,6,16,0,0
4033,48,44.76,6,35,0,0
4034,33,41.07,2,7,2,0
4035,25,38.27,7,16,2,0
4036,44,54.99,3,25,0,0
4037,30,58.44,11,24,0,0
4038,13,27.14,5,4,1,0
4039,33,48.93,5,29,1,0
4040,25,79.71,6,8,0,0
4041,48,60.1,2,37,1,0
4042,19,83.79,2,49,0,1
4043,46,41.87,3,33,3,0
4044,29,49.96,2,9,1,0
4045,29,29.86,7,7,0,0
4046,30,51.63,2,6,0,0
4047,47,44.57,5,76,0,1
4048,11,46.29,4,5,2,0
4049,47,35.27,3,20,0,0
4050,28,65.95,5,2,0,0
4051,43,53.62,4,17,1,0
4052,35,76.4,7,8,1,0
4053,12,30.38,1,11,0,0
4054,12,69.68,10,2,0,0
4055,19,66.09,5,29,1,0
4056,57,25.85,3,3,1,0
4057,40,87.52,5,4,0,0
4058,47,78.75,3,5,0,0
4059,19,88.37,4,1,0,0
4060,1,63.05,5,8,1,0
4061,39,47.35,4,37,1,0
4062,38,65.77,2,11,0,0
4063,45,39.49,4,13,0,0
4064,26,89.77,5,14,0,0
4065,50,37.81,5,10,0,0
4066,31,68.26,3,8,0,0
4067,32,43.15,5,12,0,0
4068,27,41.95,5,5,0,0
4069,29,66.54,4,10,1,0
4070,27,88.54,10,29,2,0
4071,24,40.08,5,1,0,0
4072,31,68.24,2,5,1,0
4073,43,90.33,5,4,0,0
4074,15,62.09,7,3,0,0
4075,44,82.77,4,25,1,1
4076,40,47.28,3,10,2,0
4077,8,61.05,6,4,1,0
4078,44,56.59,5,54,2,0
4079,60,87.14,6,0,1,0
4080,30,42.69,5,49,0,0
4081,32,60.99,2,16,0,1
4082,41,34.3,3,30,0,0
4083,49,41.94,4,12,0,0
4084,35,106.34,5,16,1,0
4085,13,126.05,5,7,2,1
4086,60,48.48,7,9,0,0
4087,37,41.06,2,46,0,0
4088,33,103.52,6,48,0,0
4089,18,38.77,7,18,2,0
4090,48,56.61,4,17,1,0
4091,59,70.38,7,24,0,0
4092,52,103.36,6,16,0,0
4093,55,34.17,7,13,0,0
4094,36,41.22,4,12,0,0
4095,29,49.56,5,6,0,0
4096,37,44.6,5,6,0,0
4097,4,100.27,4,1,1,0
4098,21,44.13,4,10,0,0
4099,40,38.15,2,35,0,0
4100,27,32.62,5,23,0,0
4101,50,30.57,5,20,0,0
4102,37,52.07,2,43,1,0
4103,16,63.79,4,7,1,1
4104,18,25.24,5,25,1,0
4105,26,51.02,5,17,0,0
4106,27,39.69,5,37,0,0
4107,21,47.61,6,17,1,0
4108,30,40.46,5,20,1,0
4109,29,51.48,3,1,0,0
4110,44,30.72,7,4,0,0
4111,2,62.61,6,17,1,0
4112,33,47.03,5,2,0,0
4113,60,82.71,7,8,0,0
4114,21,61.33,11,25,0,0
4115,40,39.76,3,4,0,0
4116,46,62.48,3,3,0,0
4117,51,83.12,4,22,0,0
4118,58,48.13,6,2,0,0
4119,34,63.05,3,6,0,0
4120,58,59.87,3,4,1,0
4121,35,62.34,3,8,1,0
4122,17,58.86,2,25,1,0
4123,8,31.07,6,7,0,0
4124,24,33.08,5,12,0,0
4125,36,28.32,5,19,0,0
4126,22,33.77,6,1,1,0
4127,41,58.1,5,54,0,0
4128,24,65.62,4,26,0,0
4129,18,36.86,6,28,1,0
4130,37,33.76,5,16,0,0
4131,16,64.44,6,25,0,0
4132,42,47.89,2,43,0,0
4133,14,30.15,4,87,0,0
4134,58,130.24,6,48,0,0
4135,42,59.98,3,1,0,0
4136,20,61.59,2,7,0,0
4137,38,38.86,5,64,0,0
4138,27,93.17,6,31,0,0
4139,7,65.53,3,8,0,0
4140,14,102.75,4,34,1,0
4141,25,38.5,3,18,0,0
4142,50,49.82,5,6,0,0
4143,52,22.32,5,10,1,0
4144,58,74.78,9,3,0,0
4145,38,64.06,3,30,1,0
4146,51,96.87,2,46,1,0
4147,49,41.38,4,1,0,1
4148,28,64.85,9,35,0,1
4149,27,51.77,8,6,0,0
4150,26,59.29,4,8,0,0
4151,42,47.64,3,1,0,0
4152,26,26.3,5,14,0,0
4153,21,57.2,4,6,0,1
4154,42,55.67,7,19,0,0
4155,28,83.43,6,4,0,0
4156,58,47.07,4,28,0,0
4157,4,72.5,5,6,0,0
4158,33,40.39,5,17,2,0
4159,60,37.04,7,2,0,0
4160,18,60.98,5,17,0,0
4161,21,41.5,8,26,1,0
4162,59,125.59,7,4,1,0
4163,49,34.05,5,16,1,0
4164,13,95.7,6,2,1,0
4165,13,28.21,5,8,1,0
4166,56,73.44,7,35,0,0
4167,32,87.38,4,3,1,0
4168,57,64.47,4,4,0,0
4169,39,79.17,4,26,0,0
4170,7,63.67,9,150,0,1
4171,56,59.33,5,55,0,0
4172,42,59.5,5,19,0,0
4173,17,41.19,2,7,0,0
4174,59,50.04,8,29,1,0
4175,35,54.14,4,46,0,0
4176,58,24.45,4,28,1,0
4177,35,55.7,1,25,2,0
4178,53,81.96,3,2,0,1
4179,46,80.59,6,16,1,0
4180,19,27.9,2,3,1,0
4181,19,42.67,8,51,0,0
4182,42,81.3,3,4,0,0
4183,41,32.78,10,10,2,0
4184,45,82.33,4,9,0,0
4185,36,36.85,6,32,0,0
4186,40,54.68,6,1,0,0
4187,49,26.82,8,24,0,0
4188,2,103.75,3,22,1,0
4189,2,27.77,3,20,2,0
4190,50,44.9,3,7,0,0
4191,48,52.66,8,4,0,0
4192,36,31.57,4,20,1,0
4193,34,58.35,5,24,0,1
4194,22,65.48,11,0,0,0
4195,40,43.33,8,17,1,0
4196,13,77.42,5,39,0,0
4197,55,37.8,7,15,0,0
4198,4,44.62,5,65,0,0
4199,5,32.6,5,1,0,0
4200,17,45.83,4,11,1,0
4201,25,77.35,1,25,1,0
4202,15,49.14,5,55,0,0
4203,49,39.02,6,22,1,0
4204,60,36.96,6,2,0,0
4205,56,52.6,6,6,0,0
4206,41,65.04,7,6,0,0
4207,50,75.36,3,3,0,0
4208,45,88.4,4,12,2,0
4209,51,86.53,3,0,0,0
4210,6,81.27,4,5,2,0
4211,1,50.02,4,5,1,0
4212,51,54.29,6,33,0,0
4213,15,70.68,8,54,0,1
4214,9,64.47,3,11,0,0
4215,54,75.17,2,13,0,0
4216,51,20.04,9,5,1,0
4217,60,60.15,4,19,1,0
4218,33,40.36,9,6,0,1
4219,16,55.11,4,12,1,0
4220,23,74.22,7,7,0,0
4221,53,27.93,7,3,1,0
4222,44,85.01,5,14,0,0
4223,6,46.62,5,0,0,0
4224,6,33.04,3,31,1,0
4225,10,25.63,9,2,1,0
4226,23,111.73,6,14,0,0
4227,47,38.76,1,19,1,0
4228,54,53.77,4,1,0,0
4229,52,60.3,7,15,0,0
4230,4,45.45,4,1,0,0
4231,57,25.17,4,55,0,1
4232,10,58.4,2,13,1,0
4233,7,89.06,9,1,0,0
4234,17,46.27,7,16,1,0
4235,39,77.62,3,3,1,0
4236,35,100.48,6,13,0,0
4237,28,24.46,9,24,0,0
4238,31,94.76,5,25,0,0
4239,28,106.37,3,6,1,0
4240,38,64.08,4,29,3,0
4241,37,66.81,6,15,0,0
4242,4,127.92,3,9,0,0
4243,55,61.19,2,1,0,0
4244,8,125.57,3,17,0,0
4245,56,80.52,5,12,2,0
4246,55,37.17,3,93,0,1
4247,34,42.52,5,6,0,0
4248,24,74.26,2,21,1,1
4249,36,34.96,5,10,1,0
4250,8,89.77,9,3,1,0
4251,45,72.91,6,14,0,0
4252,18,65.91,7,3,0,0
4253,44,27.2,4,2,0,0
4254,32,63.7,9,11,1,0
4255,49,49.06,7,24,0,0
4256,16,60.92,5,11,0,0
4257,6,46.74,6,6,1,0
4258,54,32.78,4,16,0,0
4259,35,51.77,5,64,0,0
4260,23,43.1,7,22,0,0
4261,45,26.28,8,17,1,0
4262,2,115.22,4,21,0,0
4263,14,43.0,6,6,2,0
4264,27,40.52,4,14,0,0
4265,41,40.84,6,14,0,0
4266,14,58.58,5,10,0,0
4267,3,57.84,2,48,1,0
4268,24,36.8,6,2,1,0
4269,42,30.75,4,37,0,0
4270,36,90.02,5,5,1,0
4271,28,30.92,3,57,0,0
4272,2,47.99,7,1,1,0
4273,40,73.54,6,7,0,0
4274,9,35.4,4,8,0,0
4275,18,60.25,2,16,1,0
4276,21,42.96,6,17,0,0
4277,23,43.67,3,8,0,0
4278,35,51.15,5,13,0,0
4279,11,91.13,3,44,0,0
4280,54,27.1,4,49,0,0
4281,21,74.81,9,14,0,0
4282,46,114.48,4,11,0,0
4283,10,64.2,6,1,3,0
4284,11,59.23,7,13,0,0
4285,51,77.53,5,17,1,0
4286,52,50.37,5,33,0,1
4287,27,14.69,5,28,0,0
4288,44,124.07,9,8,0,0
4289,7,32.56,5,35,0,0
4290,4,61.3,3,10,1,0
4291,50,47.43,4,38,0,0
4292,45,49.61,5,45,1,0
4293,56,47.06,3,2,0,0
4294,9,87.07,4,30,0,0
4295,35,58.86,4,2,0,0
4296,14,55.82,7,33,0,0
4297,16,48.71,7,13,0,0
4298,7,48.34,5,6,0,0
4299,46,78.85,5,81,1,0
4300,45,48.22,4,50,0,0
4301,51,38.43,6,13,1,0
4302,53,47.11,2,0,1,1
4303,38,44.97,6,3,0,0
4304,49,36.7,4,54,1,0
4305,32,107.47,2,18,0,0
4306,12,45.09,7,3,1,0
4307,42,48.94,7,29,1,0
4308,41,38.96,4,5,0,0
4309,18,47.32,5,36,1,0
4310,33,74.69,3,15,0,0
4311,47,60.44,9,11,0,0
4312,27,50.34,5,35,0,0
4313,47,44.97,9,8,0,0
4314,14,66.98,6,37,0,0
4315,8,38.33,4,7,0,0
4316,31,44.0,5,10,1,0
4317,22,51.52,6,13,1,1
4318,25,59.63,6,25,1,0
4319,57,104.05,2,11,0,0
4320,48,36.81,9,2,0,0
4321,3,44.74,4,4,0,0
4322,39,84.14,1,10,3,1
4323,31,66.51,4,72,1,0
4324,26,54.19,6,49,0,0
4325,35,58.47,9,7,1,0
4326,14,56.29,10,61,1,1
4327,32,62.69,7,11,2,0
4328,53,57.6,3,14,1,0
4329,23,67.83,5,11,1,0
4330,5,96.27,9,4,1,0
4331,7,108.81,4,41,0,0
4332,51,33.86,4,5,0,0
4333,41,109.34,6,58,1,0
4334,60,87.36,9,12,0,0
4335,50,45.94,4,9,0,0
4336,47,74.61,5,40,0,0
4337,20,112.59,8,38,1,0
4338,59,40.46,3,15,0,0
4339,54,47.65,10,58,0,0
4340,51,72.99,3,18,0,0
4341,7,67.68,3,31,0,0
4342,17,58.08,10,12,1,0
4343,20,55.72,11,3,1,0
4344,46,51.8,2,0,0,0
4345,32,82.0,5,0,1,0
4346,15,54.64,4,7,0,0
4347,3,47.75,4,6,0,0
4348,48,72.71,2,43,1,0
4349,24,48.54,3,0,0,0
4350,25,88.63,4,1,0,0
4351,41,86.87,5,23,0,0
4352,19,119.58,8,25,0,0
4353,60,63.44,5,4,2,0
4354,31,70.48,6,12,1,0
4355,20,64.47,7,10,0,0
4356,7,72.25,7,26,0,0
4357,29,46.06,3,7,0,0
4358,36,53.34,5,58,1,0
4359,22,90.66,4,54,0,0
4360,12,92.31,8,1,0,0
4361,57,37.76,5,15,1,0
4362,23,61.39,3,37,1,0
4363,46,84.05,4,0,1,0
4364,51,100.89,5,6,0,0
4365,41,80.23,5,6,1,0
4366,49,47.81,3,44,0,0
4367,50,65.78,3,4,0,0
4368,57,52.67,2,6,0,0
4369,49,25.41,6,1,0,0
4370,31,52.35,7,3,0,0
4371,58,55.92,6,32,1,0
4372,50,54.98,7,32,0,0
4373,52,85.87,5,37,1,0
4374,23,50.12,3,11,0,0
4375,18,64.55,4,31,0,0
4376,27,70.31,2,45,0,0
4377,4,49.63,7,13,0,0
4378,37,56.81,7,3,2,0
4379,5,28.79,4,1,0,0
4380,6,46.5,10,4,0,0
4381,1,53.51,9,12,1,0
4382,51,39.67,8,23,0,0
4383,28,32.59,4,11,0,0
4384,20,96.62,6,60,0,0
4385,32,47.65,9,35,0,0
4386,43,34.28,7,16,0,0
4387,17,59.41,7,3,0,0
4388,12,57.11,5,37,1,1
4389,48,30.79,2,0,1,0
4390,57,52.51,3,58,1,1
4391,43,75.21,7,9,1,0
4392,38,100.73,4,30,0,0
4393,5,39.36,3,74,0,0
4394,24,39.37,5,95,0,1
4395,33,56.44,6,45,0,0
4396,55,53.43,4,2,2,0
4397,4,52.89,5,30,1,1
4398,21,52.61,3,13,0,0
4399,30,92.07,5,6,0,0
4400,47,57.49,5,1,1,0
4401,60,89.44,4,16,1,0
4402,5,62.01,4,1,0,0
4403,43,77.39,5,18,1,0
4404,35,67.39,6,2,0,0
4405,42,39.45,6,13,2,0
4406,54,47.32,6,14,1,0
4407,33,92.76,5,43,1,0
4408,58,61.57,9,128,0,1
4409,35,42.59,7,5,2,0
4410,28,40.43,3,4,0,0
4411,8,29.81,5,0,0,0
4412,56,23.64,6,3,0,0
4413,12,25.87,3,12,1,0
4414,15,79.52,6,25,1,0
4415,4,43.67,3,9,0,0
4416,42,61.49,5,4,0,0
4417,51,77.03,3,32,3,0
4418,20,21.12,6,26,0,0
4419,37,62.43,5,4,0,0
4420,34,40.47,4,19,0,0
4421,36,82.15,1,42,0,0
4422,41,67.03,4,7,0,0
4423,6,50.67,12,97,0,0
4424,54,61.16,4,1,0,0
4425,22,55.41,6,27,1,0
4426,37,48.85,6,0,1,0
4427,48,54.62,3,7,0,0
4428,11,58.71,6,25,4,0
4429,5,76.06,3,5,1,0
4430,44,57.43,6,33,0,0
4431,28,51.58,5,3,0,0
4432,4,58.8,3,30,2,0
4433,1,35.12,3,15,2,0
4434,23,113.32,5,9,0,0
4435,56,64.2,4,52,0,0
4436,37,44.84,4,6,1,0
4437,59,60.99,10,3,1,0
4438,27,54.1,8,17,0,0
4439,23,79.99,5,5,0,0
4440,8,33.83,7,5,1,0
4441,1,97.81,2,19,1,0
4442,10,84.87,6,6,1,0
4443,10,74.87,3,3,0,0
4444,50,50.39,6,26,0,0
4445,10,39.67,4,67,0,0
4446,59,132.66,5,3,1,0
4447,16,24.75,4,5,0,0
4448,19,49.7,1,66,0,0
4449,21,88.63,4,1,1,1
4450,55,57.51,4,3,0,0
4451,48,56.43,6,8,1,0
4452,25,94.25,9,9,1,0
4453,17,39.39,5,31,0,0
4454,13,25.26,4,8,0,0
4455,41,96.51,2,2,0,0
4456,51,49.14,6,16,0,0
4457,45,68.36,4,4,0,0
4458,48,52.54,3,1,1,0
4459,45,42.74,10,19,1,0
4460,26,21.55,4,17,0,0
4461,20,39.9,5,13,0,0
4462,5,60.92,4,7,1,0
4463,58,41.32,9,0,0,0
4464,6,114.97,6,7,0,0
4465,46,47.44,4,26,1,0
4466,38,76.46,2,27,0,0
4467,29,78.03,3,11,0,0
4468,13,53.1,3,7,0,0
4469,45,84.48,5,5,0,0
4470,19,47.75,5,6,0,0
4471,16,69.55,5,12,1,0
4472,4,45.04,3,41,0,0
4473,30,32.35,5,14,0,0
4474,51,60.05,4,17,0,0
4475,49,62.51,7,6,1,0
4476,54,27.79,3,0,0,0
4477,8,72.48,5,1,1,0
4478,6,67.92,6,2,0,0
4479,2,68.95,7,48,0,0
4480,46,119.81,9,12,1,0
4481,26,50.16,5,105,2,1
4482,60,69.87,4,35,0,0
4483,35,41.73,3,63,1,1
4484,7,91.36,6,31,0,0
4485,51,41.23,5,13,1,0
4486,37,33.99,3,6,0,0
4487,60,38.09,5,51,0,0
4488,42,55.22,3,6,0,0
4489,42,54.38,4,47,0,0
4490,45,47.38,6,6,0,1
4491,50,94.63,11,18,1,0
4492,24,70.1,3,5,0,0
4493,23,131.23,7,9,2,0
4494,21,102.72,3,87,0,0
4495,42,32.32,2,18,1,0
4496,43,47.67,9,8,0,0
4497,36,43.2,5,21,0,0
4498,24,58.15,7,8,3,0
4499,11,65.71,7,21,0,0
4500,20,44.08,3,6,0,0
4501,16,39.11,5,12,0,0
4502,22,76.85,5,29,0,0
4503,33,45.04,4,7,2,0
4504,35,33.32,7,5,0,0
4505,59,49.32,3,2,0,1
4506,58,49.27,5,2,0,0
4507,4,42.44,2,23,0,0
4508,22,65.91,8,11,1,0
4509,8,50.9,3,85,1,1
4510,2,32.42,4,17,1,0
4511,16,45.61,6,13,0,0
4512,58,46.37,5,11,0,0
4513,44,66.96,2,13,1,0
4514,16,54.4,5,6,2,0
4515,25,64.54,5,27,1,0
4516,59,51.01,4,51,0,0
4517,23,73.45,3,3,0,0
4518,52,152.93,8,11,0,0
4519,32,59.73,7,3,0,1
4520,45,58.43,5,8,1,0
4521,2,42.5,5,64,2,1
4522,28,68.12,7,28,0,0
4523,59,130.27,3,2,1,0
4524,60,45.39,7,14,1,0
4525,48,40.95,5,6,1,0
4526,17,37.31,8,46,1,0
4527,30,38.39,4,79,0,0
4528,32,26.95,4,17,0,0
4529,49,33.9,4,21,0,0
4530,11,30.42,9,45,0,0
4531,34,39.81,2,10,2,0
4532,52,86.01,5,2,0,0
4533,3,46.8,5,37,0,1
4534,24,35.05,7,1,1,0
4535,47,35.84,4,21,0,0
4536,31,52.7,6,45,0,0
4537,55,45.56,3,15,1,0
4538,43,59.31,4,17,0,0
4539,43,92.18,5,1,0,0
4540,43,45.03,11,17,1,0
4541,7,27.38,4,3,0,0
4542,27,41.23,7,6,2,0
4543,52,75.75,6,96,1,1
4544,25,17.92,6,8,0,0
4545,26,33.63,7,16,1,0
4546,11,38.69,4,8,0,0
4547,45,46.59,6,4,1,0
4548,41,63.24,7,1,0,0
4549,59,63.18,6,12,0,0
4550,19,63.84,5,6,1,0
4551,13,41.99,4,22,1,0
4552,59,74.5,5,3,0,0
4553,21,37.05,4,2,0,0
4554,36,76.35,4,10,0,0
4555,4,85.52,1,3,0,0
4556,11,23.95,5,18,1,0
4557,51,29.52,1,11,0,0
4558,45,106.04,3,13,1,0
4559,49,30.7,3,71,0,0
4560,41,57.31,5,1,1,0
4561,38,70.12,4,7,1,0
4562,38,57.56,5,1,0,0
4563,51,45.78,5,47,1,1
4564,35,44.7,9,23,0,0
4565,14,95.49,3,11,0,0
4566,37,53.21,8,11,0,0
4567,12,46.05,4,48,0,1
4568,58,60.52,6,56,0,0
4569,33,58.89,1,41,2,0
4570,44,90.06,4,1,1,0
4571,14,56.81,5,0,1,0
4572,52,55.02,7,31,0,0
4573,15,40.84,6,53,0,1
4574,27,72.51,6,24,0,0
4575,44,34.85,2,29,0,0
4576,5,37.33,3,29,1,0
4577,14,17.99,1,11,1,0
4578,7,106.75,4,15,0,0
4579,1,76.41,2,3,1,0
4580,27,31.71,7,25,0,0
4581,52,36.0,6,25,0,0
4582,28,30.13,2,1,0,0
4583,59,58.5,5,4,0,0
4584,4,68.24,5,6,0,0
4585,4,46.01,7,6,3,0
4586,10,49.16,5,22,1,0
4587,22,25.77,3,15,0,0
4588,2,46.51,10,13,1,0
4589,43,97.27,4,4,1,0
4590,4,36.39,7,5,0,0
4591,1,55.61,3,41,1,0
4592,11,79.01,5,40,0,0
4593,11,64.02,6,13,0,0
4594,8,79.98,7,6,1,0
4595,30,73.49,6,38,0,0
4596,11,170.14,6,18,0,0
4597,17,65.99,2,4,1,0
4598,16,17.39,5,27,0,0
4599,30,34.72,4,4,0,0
4600,13,33.79,3,2,1,0
4601,28,19.88,4,44,0,0
4602,11,59.26,5,27,0,0
4603,4,76.52,5,1,0,0
4604,29,97.72,3,4,0,0
4605,31,49.95,6,1,0,0
4606,43,77.34,3,24,0,0
4607,29,48.68,9,13,0,0
4608,19,80.21,7,39,1,0
4609,39,106.3,5,4,0,0
4610,10,68.19,5,8,0,0
4611,21,106.68,7,17,0,0
4612,20,115.71,7,28,1,0
4613,31,50.44,4,16,1,0
4614,5,46.95,4,19,1,0
4615,21,62.07,9,2,1,0
4616,50,49.12,4,37,0,0
4617,16,82.96,4,26,0,0
4618,41,79.82,8,7,1,0
4619,47,54.81,5,26,1,0
4620,41,44.19,6,1,0,0
4621,12,52.61,7,32,0,1
4622,55,78.03,8,13,1,0
4623,22,71.13,4,8,1,0
4624,2,75.42,6,9,1,0
4625,60,50.68,3,5,1,0
4626,42,46.35,4,13,0,0
4627,56,49.93,6,18,1,0
4628,41,68.48,1,10,0,0
4629,3,68.97,6,9,0,0
4630,18,53.55,6,11,1,0
4631,10,44.79,3,0,1,0
4632,24,171.61,8,2,0,0
4633,55,56.05,4,3,0,0
4634,45,54.51,6,14,0,0
4635,41,76.34,6,6,0,0
4636,26,44.03,3,41,1,0
4637,43,42.51,3,2,0,0
4638,43,35.58,5,17,0,0
4639,17,78.66,4,27,0,0
4640,14,133.36,4,37,0,0
4641,33,22.81,4,5,1,0
4642,13,45.33,3,36,1,1
4643,6,49.28,7,50,0,0
4644,52,85.88,5,22,0,0
4645,20,41.57,5,60,2,0
4646,24,36.52,6,9,0,0
4647,36,85.7,6,4,0,0
4648,18,36.5,4,8,1,0
4649,3,25.43,6,43,0,0
4650,37,43.78,4,2,0,0
4651,3,42.2,4,10,0,0
4652,24,58.03,4,5,2,0
4653,50,40.19,5,4,0,0
4654,4,47.87,9,10,1,0
4655,43,49.96,5,13,1,0
4656,11,23.98,4,20,2,0
4657,49,111.7,5,3,0,0
4658,46,107.87,8,37,1,1
4659,22,58.68,5,43,1,0
4660,42,20.98,7,1,1,0
4661,11,72.88,6,6,0,0
4662,51,53.71,4,29,0,0
4663,6,75.83,2,18,1,0
4664,43,75.41,5,33,0,0
4665,40,34.82,3,13,0,1
4666,33,58.45,3,7,0,0
4667,10,113.51,3,36,0,0
4668,29,45.96,6,42,1,0
4669,17,90.61,2,41,0,0
4670,22,30.7,4,17,1,0
4671,8,83.47,2,9,0,0
4672,1,22.12,7,18,0,0
4673,47,48.43,4,20,1,0
4674,26,27.2,3,27,0,0
4675,39,102.09,5,22,0,0
4676,27,47.38,7,17,0,0
4677,30,59.51,5,18,1,0
4678,48,76.96,4,28,0,0
4679,55,36.09,3,5,0,0
4680,7,90.43,5,17,0,0
4681,20,100.9,4,9,1,0
4682,34,40.31,3,14,1,0
4683,56,62.65,5,3,0,0
4684,19,87.47,6,4,0,0
4685,25,54.61,5,16,0,0
4686,56,90.7,3,31,0,0
4687,17,57.19,4,5,0,0
4688,16,45.48,6,36,2,1
4689,35,68.93,4,9,0,0
4690,12,44.53,6,14,1,0
4691,48,35.75,6,56,0,0
4692,59,65.26,5,53,1,0
4693,30,34.97,3,19,1,0
4694,24,66.87,5,6,0,0
4695,60,63.27,3,13,1,0
4696,7,53.29,6,31,0,0
4697,40,45.51,4,17,0,0
4698,31,53.85,4,15,0,0
4699,39,25.99,6,15,1,0
4700,19,81.82,9,6,0,0
4701,37,24.83,4,3,0,0
4702,21,38.18,1,21,0,1
4703,45,56.89,5,6,0,0
4704,43,53.26,3,7,0,0
4705,16,68.27,4,29,0,0
4706,26,46.58,4,7,0,0
4707,21,69.62,5,18,0,0
4708,17,90.68,4,5,1,0
4709,59,43.66,6,15,1,0
4710,21,61.68,5,6,1,0
4711,57,92.11,6,4,0,0
4712,22,60.32,5,25,0,0
4713,39,37.6,6,34,0,0
4714,35,46.9,8,10,0,0
4715,29,27.49,7,6,1,0
4716,27,40.86,4,10,0,0
4717,33,41.29,1,17,0,0
4718,52,82.17,9,11,1,0
4719,2,62.74,3,3,0,0
4720,36,85.72,5,13,0,0
4721,52,56.42,10,18,1,0
4722,20,31.54,2,23,0,0
4723,60,71.91,7,10,1,0
4724,20,59.23,5,8,0,0
4725,11,65.04,6,14,1,0
4726,52,73.66,3,1,2,0
4727,19,61.07,6,10,1,0
4728,46,80.87,7,32,2,0
4729,35,53.57,4,33,1,0
4730,46,43.91,4,19,2,0
4731,19,37.87,6,2,0,0
4732,43,47.31,4,24,0,0
4733,2,53.51,3,6,0,0
4734,13,76.7,5,8,1,0
4735,23,46.14,8,3,0,0
4736,13,25.11,5,55,0,0
4737,40,34.69,6,9,1,0
4738,33,73.35,8,20,2,0
4739,58,25.94,6,52,1,0
4740,20,58.79,7,18,1,0
4741,48,55.99,9,10,0,0
4742,35,43.6,1,18,0,1
4743,11,40.96,7,19,0,0
4744,12,159.49,4,6,1,0
4745,19,71.94,6,19,0,0
4746,22,29.99,7,31,0,0
4747,27,81.46,6,5,3,0
4748,27,39.04,5,8,0,0
4749,49,53.02,5,0,0,0
4750,38,69.77,4,6,0,0
4751,16,62.59,6,8,3,0
4752,37,68.2,4,0,2,0
4753,37,53.77,5,30,2,0
4754,27,42.59,4,32,0,0
4755,23,43.7,4,8,0,0
4756,56,58.71,13,20,0,0
4757,19,37.58,5,6,1,0
4758,43,68.49,6,21,0,0
4759,18,27.94,9,0,1,0
4760,60,63.11,10,25,2,0
4761,6,45.02,7,65,0,0
4762,23,110.49,9,3,1,0
4763,19,131.59,6,18,1,0
4764,38,64.54,3,38,0,0
4765,20,31.26,7,4,1,0
4766,32,59.7,4,17,0,0
4767,21,73.53,7,11,0,0
4768,54,49.59,3,59,1,1
4769,6,105.74,7,18,0,0
4770,34,53.74,2,13,0,0
4771,32,73.39,4,6,0,0
4772,53,80.98,7,21,1,0
4773,51,22.73,3,1,0,0
4774,59,34.64,5,0,1,0
4775,39,68.89,6,0,0,0
4776,40,58.65,5,5,0,0
4777,56,100.44,4,21,2,1
4778,23,68.78,5,7,0,0
4779,13,116.17,7,38,0,1
4780,39,50.78,3,42,1,0
4781,49,50.31,3,11,0,0
4782,13,27.97,5,16,0,0
4783,4,36.3,8,114,0,1
4784,8,69.9,3,44,0,0
4785,60,44.11,5,2,0,0
4786,8,63.09,5,30,1,0
4787,20,78.69,11,18,0,0
4788,47,59.23,5,6,0,0
4789,28,26.51,6,5,1,0
4790,28,69.26,2,21,0,0
4791,8,37.23,4,12,1,1
4792,46,43.88,9,2,0,0
4793,12,64.84,7,9,1,0
4794,19,79.05,3,17,1,0
4795,22,91.36,5,6,0,0
4796,39,88.09,9,19,1,0
4797,33,56.18,3,7,1,0
4798,14,40.46,1,72,0,1
4799,58,25.95,5,39,0,0
4800,49,55.56,2,19,0,0
4801,15,97.11,6,32,0,0
4802,19,57.51,3,7,2,0
4803,50,77.41,4,7,0,0
4804,15,113.36,3,14,0,0
4805,19,51.15,9,42,0,0
4806,12,26.74,7,48,0,0
4807,58,77.38,1,15,0,0
4808,24,28.67,9,5,1,0
4809,47,35.43,4,4,1,0
4810,14,72.09,1,13,0,0
4811,15,37.27,7,30,1,0
4812,33,21.72,9,17,0,0
4813,24,35.52,5,27,0,0
4814,49,57.3,2,1,0,0
4815,38,57.64,2,30,1,0
4816,52,54.7,3,5,0,0
4817,41,113.94,4,45,0,0
4818,24,63.7,7,2,0,0
4819,45,50.01,7,35,1,0
4820,57,57.08,5,21,0,0
4821,3,85.93,4,15,0,0
4822,46,55.69,5,27,1,0
4823,2,83.82,4,17,0,0
4824,21,80.14,4,24,0,0
4825,35,60.43,2,10,0,0
4826,52,70.06,5,66,0,0
4827,42,84.88,2,24,0,0
4828,8,25.5,6,6,1,0
4829,49,60.02,5,15,0,0
4830,33,43.09,4,21,1,0
4831,35,81.5,9,13,0,0
4832,30,38.17,3,3,0,0
4833,20,119.24,4,21,1,0
4834,47,80.71,5,31,0,0
4835,46,51.17,4,6,0,0
4836,5,63.25,3,16,1,0
4837,8,98.25,4,12,1,0
4838,28,57.95,3,10,0,0
4839,52,36.73,4,10,0,0
4840,38,28.07,7,35,1,0
4841,31,61.88,2,10,1,0
4842,25,43.76,4,8,0,0
4843,51,61.59,4,12,0,0
4844,59,50.28,4,36,2,0
4845,43,83.7,6,28,0,0
4846,55,122.35,6,14,1,0
4847,2,64.72,5,27,2,0
4848,49,76.38,4,11,0,0
4849,47,88.28,2,14,1,0
4850,24,74.77,6,39,1,0
4851,32,100.41,2,7,0,0
4852,23,35.22,6,3,0,0
4853,3,70.58,6,6,0,0
4854,46,101.36,5,2,1,0
4855,2,22.8,5,2,1,0
4856,42,57.47,5,12,0,0
4857,10,44.56,4,1,2,0
4858,33,34.67,1,34,0,0
4859,17,46.76,8,42,2,1
4860,60,38.32,6,1,0,0
4861,7,31.69,6,12,0,0
4862,53,56.37,4,31,0,0
4863,55,70.72,5,5,1,0
4864,39,93.23,4,36,0,0
4865,13,70.37,6,6,0,0
4866,50,47.58,11,8,0,0
4867,38,90.19,5,13,1,0
4868,30,54.99,4,4,1,0
4869,2,42.8,5,5,1,0
4870,40,79.82,4,15,1,0
4871,40,102.66,7,10,0,0
4872,13,38.55,5,0,2,0
4873,4,42.61,8,20,0,0
4874,31,88.87,4,7,0,0
4875,13,75.57,3,12,2,0
4876,23,70.4,5,1,0,0
4877,10,93.81,6,15,0,0
4878,31,101.47,5,25,0,0
4879,50,58.34,8,36,1,0
4880,4,136.09,6,40,1,1
4881,25,150.99,3,43,0,0
4882,42,49.98,5,7,0,0
4883,29,69.74,5,12,0,0
4884,49,42.72,3,14,0,0
4885,48,77.97,8,16,0,0
4886,33,33.07,2,34,2,1
4887,8,38.41,3,4,0,0
4888,40,58.49,5,6,1,0
4889,26,69.03,2,2,2,0
4890,46,42.15,5,36,0,0
4891,4,28.58,6,47,0,0
4892,43,87.78,3,9,0,0
4893,54,47.07,5,29,0,0
4894,54,60.74,2,13,1,0
4895,29,51.28,4,22,1,0
4896,57,94.29,5,24,0,0
4897,58,35.05,6,6,0,0
4898,6,67.02,3,18,2,0
4899,45,120.4,3,11,1,0
4900,9,50.04,3,12,0,0
4901,23,52.88,4,64,0,0
4902,26,50.41,5,22,1,0
4903,42,42.03,7,55,1,0
4904,7,43.79,9,26,0,0
4905,4,67.66,4,34,0,0
4906,51,63.14,6,32,0,0
4907,27,55.46,3,28,0,0
4908,33,34.79,3,3,0,0
4909,24,29.52,5,10,0,0
4910,38,51.56,7,22,0,0
4911,13,72.9,4,37,0,0
4912,26,47.2,6,23,1,0
4913,42,75.92,3,10,0,0
4914,40,64.08,6,8,0,0
4915,12,22.55,4,26,0,0
4916,59,33.08,3,5,2,0
4917,11,44.45,6,4,0,0
4918,30,52.21,1,19,3,0
4919,42,44.63,7,4,0,0
4920,8,91.53,7,12,0,0
4921,60,88.5,5,17,0,0
4922,23,77.66,4,13,0,0
4923,1,22.1,6,17,0,0
4924,6,64.52,5,12,1,0
4925,35,56.43,6,20,1,0
4926,12,74.11,4,14,0,0
4927,8,51.14,8,14,0,0
4928,8,60.33,5,5,0,0
4929,44,63.7,5,53,0,0
4930,14,54.38,4,19,1,0
4931,50,49.04,8,13,0,0
4932,12,37.3,3,4,0,0
4933,26,51.97,5,35,1,0
4934,40,28.58,6,6,1,0
4935,44,74.55,5,1,2,0
4936,9,54.85,6,7,0,0
4937,45,62.58,4,25,1,0
4938,45,32.25,6,13,0,0
4939,45,36.96,7,27,0,0
4940,44,34.2,2,2,2,0
4941,27,16.51,6,10,3,0
4942,17,42.44,3,22,0,0
4943,20,23.21,5,7,0,0
4944,19,74.43,8,2,1,0
4945,56,61.96,5,4,1,0
4946,51,136.96,5,1,1,0
4947,46,44.95,6,19,2,0
4948,11,55.5,4,16,2,0
4949,45,72.63,4,20,1,0
4950,5,45.52,6,83,0,0
4951,45,78.43,5,51,4,1
4952,25,68.86,9,8,0,0
4953,57,85.08,7,5,1,0
4954,45,36.46,9,6,0,0
4955,35,45.06,6,27,0,0
4956,43,44.32,3,39,0,0
4957,57,47.51,4,42,0,0
4958,1,28.53,2,41,0,0
4959,54,71.19,4,12,0,0
4960,20,61.18,6,11,1,0
4961,14,99.91,5,20,1,0
4962,22,27.99,6,5,1,0
4963,17,85.59,5,27,0,0
4964,31,48.47,4,18,0,0
4965,23,53.58,6,33,0,0
4966,32,55.56,6,5,0,0
4967,11,91.56,6,36,0,0
4968,24,59.9,2,34,0,0
4969,35,55.71,10,17,0,0
4970,20,45.46,5,8,2,0
4971,21,65.62,4,27,2,0
4972,51,36.2,4,19,2,1
4973,16,143.85,5,24,1,0
4974,19,32.16,5,3,1,0
4975,34,34.6,4,20,2,0
4976,48,40.18,3,11,0,0
4977,8,51.24,5,7,0,0
4978,19,24.39,7,20,0,0
4979,28,41.19,3,2,0,0
4980,39,43.35,4,55,1,0
4981,22,57.59,4,33,0,0
4982,51,36.21,4,9,1,0
4983,38,93.23,8,33,1,0
4984,10,39.83,1,4,2,0
4985,2,51.31,5,106,2,1
4986,26,41.69,1,20,0,0
4987,17,116.05,5,13,1,0
4988,37,35.8,8,20,0,0
4989,33,54.92,5,10,1,0
4990,21,38.46,6,13,1,0
4991,12,67.7,4,55,2,0
4992,22,63.37,1,7,2,0
4993,8,43.91,3,3,0,0
4994,10,59.43,7,0,0,0
4995,28,60.58,5,5,0,0
4996,55,65.52,4,29,1,1
4997,31,63.73,4,4,1,0
4998,11,62.46,2,12,0,0
4999,27,30.19,5,18,1,0
5000,14,43.47,4,1,1,0
5001,50,72.16,5,5,0,0
5002,51,51.23,4,55,0,0
5003,28,39.42,6,12,1,1
5004,26,51.3,2,43,0,0
5005,49,29.21,4,4,1,1
5006,8,75.78,7,44,0,0
5007,34,86.41,3,57,1,0
5008,43,41.04,4,37,0,0
5009,46,61.39,6,23,1,0
5010,10,38.85,4,13,0,0
5011,47,40.63,6,0,0,0
5012,36,102.01,3,6,0,0
5013,17,54.22,10,20,0,0
5014,45,49.08,4,15,1,0
5015,19,28.53,4,20,1,0
5016,8,85.78,4,3,0,0
5017,15,30.19,5,19,0,0
5018,29,34.28,10,1,2,0
5019,25,26.72,5,3,0,0
5020,60,46.32,6,56,0,0
5021,29,103.59,2,28,1,0
5022,39,46.86,5,35,0,0
5023,46,46.84,6,15,3,0
5024,16,50.45,4,6,2,1
5025,10,57.43,5,2,1,0
5026,20,59.03,9,12,1,0
5027,11,33.98,8,4,0,0
5028,57,164.49,5,11,0,0
5029,4,78.57,4,1,3,0
5030,38,68.89,2,10,1,0
5031,41,64.84,3,7,1,0
5032,60,92.25,7,24,2,0
5033,59,79.33,9,8,0,0
5034,43,44.45,4,12,1,0
5035,23,55.3,4,13,0,0
5036,41,86.89,3,11,0,0
5037,29,70.11,4,19,0,0
5038,14,74.93,3,9,1,0
5039,11,67.25,2,37,0,0
5040,14,39.48,1,1,2,0
5041,1,46.8,2,5,0,0
5042,38,86.11,6,5,2,0
5043,40,59.23,7,20,0,0
5044,14,62.4,6,21,0,0
5045,25,129.56,4,4,0,0
5046,15,71.05,4,0,1,1
5047,44,60.28,6,13,1,0
5048,34,94.87,6,1,0,0
5049,25,83.0,4,14,0,0
5050,38,59.38,3,0,0,0
5051,43,28.96,5,38,0,0
5052,52,74.44,5,18,0,0
5053,53,76.42,6,15,1,0
5054,34,80.46,9,2,0,0
5055,15,52.95,9,5,0,0
5056,59,46.7,4,14,0,0
5057,17,54.42,7,43,0,0
5058,9,39.53,7,36,0,0
5059,32,48.61,6,8,0,0
5060,7,72.34,4,0,0,0
5061,28,47.03,8,42,0,0
5062,30,46.07,6,12,0,0
5063,52,112.65,3,18,0,0
5064,58,47.0,4,11,0,0
5065,4,41.28,5,5,0,0
5066,37,37.82,2,13,1,0
5067,41,50.64,7,1,1,0
5068,12,37.8,4,7,0,0
5069,4,63.05,4,15,0,0
5070,29,31.61,8,7,0,0
5071,5,26.27,4,17,0,0
5072,52,42.38,6,1,1,0
5073,59,60.36,5,25,0,0
5074,36,88.82,4,2,0,0
5075,24,61.95,5,7,2,0
5076,47,53.9,3,21,0,0
5077,22,22.32,4,3,0,0
5078,55,87.09,4,43,0,0
5079,54,37.48,7,26,1,0
5080,30,43.76,4,18,1,0
5081,6,23.65,3,14,0,0
5082,58,57.51,3,3,2,0
5083,7,152.07,4,0,0,0
5084,19,51.62,6,67,1,1
5085,54,39.63,3,0,1,0
5086,7,51.36,7,17,0,1
5087,16,88.0,6,3,0,0
5088,41,78.03,7,12,0,0
5089,45,45.9,5,2,1,0
5090,27,83.53,3,48,0,0
5091,47,99.17,6,5,1,0
5092,19,84.01,9,8,0,0
5093,60,40.58,5,1,0,0
5094,12,72.53,4,5,2,0
5095,23,50.33,5,9,2,1
5096,57,56.8,4,0,1,0
5097,22,40.97,6,20,1,0
5098,60,30.38,9,0,0,0
5099,53,44.1,4,52,0,0
5100,50,30.79,4,24,0,0
5101,41,36.86,3,6,0,0
5102,10,50.63,1,43,1,0
5103,22,44.91,7,27,0,0
5104,28,34.2,6,10,0,0
5105,41,31.27,5,6,0,0
5106,40,59.17,5,1,0,0
5107,41,70.21,5,11,0,0
5108,37,51.41,3,25,1,1
5109,34,50.34,3,5,0,0
5110,2,34.77,3,11,0,0
5111,33,37.02,4,0,0,0
5112,50,63.74,5,9,0,0
5113,52,32.85,6,5,1,0
5114,21,50.57,3,67,0,0
5115,58,41.56,2,16,1,0
5116,7,35.98,6,6,0,0
5117,39,43.4,4,9,0,0
5118,19,96.27,6,6,0,0
5119,3,59.29,5,10,0,0
5120,47,135.1,6,4,0,0
5121,42,51.31,6,40,1,0
5122,31,62.65,7,13,0,0
5123,20,22.32,5,14,1,0
5124,35,40.73,6,3,2,0
5125,20,37.61,6,2,2,0
5126,53,40.6,4,10,0,0
5127,55,77.27,5,23,0,0
5128,46,58.78,3,41,0,0
5129,21,29.55,6,6,0,0
5130,20,33.19,4,51,2,0
5131,33,56.03,3,14,0,0
5132,41,52.45,2,10,0,0
5133,15,84.22,9,2,0,0
5134,9,28.66,5,1,0,0
5135,56,73.2,3,33,1,0
5136,41,73.1,8,1,1,0
5137,38,37.87,8,11,0,0
5138,46,46.55,2,0,0,0
5139,54,80.48,6,7,0,0
5140,28,19.92,1,11,0,0
5141,17,64.36,3,10,0,0
5142,11,74.42,3,38,0,1
5143,41,54.78,6,3,0,0
5144,40,55.99,4,1,0,0
5145,39,28.92,4,79,2,0
5146,3,26.9,4,26,0,0
5147,42,50.33,3,28,1,0
5148,59,86.43,7,24,1,0
5149,29,48.06,3,26,1,0
5150,38,60.81,4,8,1,0
5151,22,31.21,6,6,1,0
5152,29,49.78,3,83,0,0
5153,49,30.9,1,27,2,0
5154,3,88.9,3,34,0,0
5155,2,36.46,3,54,0,0
5156,3,46.44,3,43,0,0
5157,32,53.1,3,12,0,0
5158,19,48.21,5,3,1,0
5159,23,48.46,7,4,2,0
5160,4,55.62,5,25,1,0
5161,22,47.06,9,28,0,0
5162,37,85.08,6,20,0,0
5163,12,84.33,11,18,0,0
5164,7,26.16,5,60,0,1
5165,31,46.76,5,10,0,0
5166,14,69.15,3,4,1,0
5167,10,43.03,4,5,1,0
5168,20,100.2,7,3,1,0
5169,22,43.77,2,12,0,0
5170,49,25.79,6,18,1,0
5171,30,39.25,7,73,1,0
5172,42,48.86,8,7,0,0
5173,32,47.85,3,3,1,0
5174,18,28.18,3,14,1,1
5175,37,32.34,5,18,1,0
5176,36,41.58,3,59,0,0
5177,32,36.53,3,12,1,0
5178,22,109.53,8,19,0,0
5179,23,55.63,3,12,1,0
5180,29,109.44,1,2,0,0
5181,35,79.99,2,12,1,0
5182,55,74.45,3,9,3,0
5183,14,37.75,5,56,0,0
5184,45,63.3,8,15,2,0
5185,37,117.42,6,23,0,0
5186,6,74.88,4,4,3,0
5187,1,58.02,3,8,0,0
5188,56,78.24,6,39,0,1
5189,58,29.09,8,26,0,0
5190,45,38.8,5,7,1,0
5191,27,100.47,6,17,1,0
5192,56,96.62,4,19,0,0
5193,40,46.97,5,26,0,0
5194,19,24.14,6,24,0,0
5195,52,26.08,2,48,0,0
5196,2,66.43,3,2,1,0
5197,54,46.04,3,14,0,0
5198,31,36.05,7,0,1,0
5199,56,74.41,6,2,0,0
5200,4,46.08,6,1,0,0
5201,58,30.12,7,6,1,0
5202,44,56.83,3,49,1,0
5203,60,67.22,2,14,0,0
5204,60,29.85,6,37,0,0
5205,29,33.0,6,20,0,0
5206,21,35.5,10,41,1,0
5207,60,62.7,5,15,1,0
5208,5,78.66,4,3,0,0
5209,25,35.52,1,44,2,0
5210,5,41.71,6,93,2,1
5211,14,29.34,11,15,1,0
5212,42,58.62,3,1,0,0
5213,46,41.51,5,15,2,0
5214,30,58.49,5,35,0,0
5215,12,48.92,6,8,0,0
5216,38,56.21,7,2,0,0
5217,39,23.85,4,29,2,0
5218,12,50.37,6,10,0,0
5219,30,59.62,5,29,0,0
5220,31,24.62,7,1,0,0
5221,21,86.37,4,36,0,0
5222,55,79.18,5,23,0,0
5223,50,81.08,4,10,0,0
5224,52,53.68,5,13,0,0
5225,11,73.77,2,12,1,0
5226,40,112.75,7,19,0,0
5227,44,32.56,11,62,0,0
5228,27,85.46,4,5,0,0
5229,44,57.58,8,11,1,0
5230,30,24.68,5,41,0,0
5231,2,58.7,6,9,2,0
5232,7,71.64,5,68,0,0
5233,4,77.22,9,7,0,0
5234,25,68.63,4,8,0,0
5235,36,77.49,8,30,1,0
5236,3,61.85,6,26,0,0
5237,21,34.15,5,24,0,0
5238,43,51.66,3,11,0,0
5239,22,72.91,4,20,1,0
5240,25,50.43,5,27,2,0
5241,36,48.8,4,20,1,0
5242,30,28.88,3,21,0,0
5243,48,62.99,7,78,0,0
5244,46,75.77,3,38,0,0
5245,22,61.37,3,3,0,0
5246,59,60.98,5,24,1,0
5247,5,50.36,4,6,1,0
5248,46,80.92,6,7,1,0
5249,40,132.87,2,19,0,0
5250,3,47.01,4,52,0,0
5251,26,83.23,5,9,1,0
5252,37,38.33,6,40,0,1
5253,45,44.1,7,12,1,0
5254,4,32.62,7,7,0,0
5255,48,76.34,6,21,0,0
5256,9,50.56,5,7,0,0
5257,7,30.94,5,15,0,0
5258,48,85.25,6,17,2,0
5259,59,31.79,6,64,1,0
5260,39,71.55,5,20,1,0
5261,16,59.85,2,4,0,0
5262,39,21.29,6,9,0,0
5263,5,53.23,6,70,0,1
5264,8,45.52,8,54,1,0
5265,11,28.21,4,25,0,0
5266,3,70.68,1,37,1,0
5267,37,52.33,6,0,0,0
5268,3,60.73,6,36,1,0
5269,47,40.72,8,11,0,0
5270,45,68.94,5,5,0,0
5271,56,40.67,3,14,0,0
5272,14,91.69,3,90,0,0
5273,50,64.07,6,43,0,0
5274,55,40.69,4,16,1,0
5275,49,73.65,5,50,1,0
5276,5,56.21,5,15,0,0
5277,15,71.81,4,15,0,0
5278,5,32.95,7,18,0,0
5279,15,23.55,6,4,0,0
5280,30,55.43,8,5,1,0
5281,15,38.74,5,19,0,0
5282,16,69.79,4,37,0,0
5283,27,74.74,3,68,0,1
5284,12,36.34,4,64,0,0
5285,2,103.47,6,3,0,0
5286,15,59.33,5,39,2,0
5287,24,44.67,7,42,0,0
5288,10,80.89,3,36,0,0
5289,11,74.83,5,6,0,0
5290,47,49.17,10,17,0,0
5291,21,31.35,5,1,0,0
5292,3,32.7,9,17,1,0
5293,32,52.36,6,8,0,0
5294,16,73.96,8,4,3,0
5295,56,23.02,10,3,1,0
5296,30,53.81,6,36,1,0
5297,16,48.91,6,4,1,0
5298,55,79.87,7,37,0,0
5299,32,19.66,2,25,1,0
5300,15,59.42,7,15,0,1
5301,53,38.55,2,21,0,1
5302,51,58.71,3,0,0,0
5303,49,163.07,5,7,0,0
5304,8,105.37,2,10,1,0
5305,55,58.23,6,6,1,0
5306,21,26.97,2,10,0,0
5307,9,40.98,3,27,0,0
5308,38,86.3,6,2,0,0
5309,51,45.75,4,18,0,0
5310,30,33.01,3,4,0,0
5311,51,53.7,8,12,0,0
5312,8,48.33,5,96,0,0
5313,50,90.35,6,35,0,0
5314,48,35.86,7,8,2,0
5315,30,38.09,4,38,0,0
5316,42,66.3,8,6,0,0
5317,17,61.51,9,24,0,1
5318,45,56.72,5,32,0,0
5319,22,57.65,5,5,0,0
5320,3,131.07,5,45,1,0
5321,33,38.48,2,17,2,0
5322,9,46.92,9,1,0,0
5323,38,96.7,4,13,1,1
5324,54,42.51,5,5,0,0
5325,15,84.43,7,58,0,1
5326,53,62.31,7,4,0,0
5327,6,27.55,4,2,0,0
5328,53,40.4,5,2,1,0
5329,41,55.24,10,1,0,0
5330,22,26.94,8,61,2,1
5331,1,55.33,4,0,1,0
5332,17,37.68,7,20,0,0
5333,6,36.4,4,6,0,0
5334,32,402.35,7,11,0,0
5335,15,93.51,10,24,0,0
5336,6,81.54,8,17,0,0
5337,6,28.58,3,12,0,0
5338,42,30.5,5,26,0,0
5339,29,69.75,4,8,0,0
5340,58,19.33,2,12,0,0
5341,42,36.48,3,12,0,0
5342,18,36.84,3,26,3,0
5343,14,44.2,10,14,0,0
5344,38,83.96,9,5,0,0
5345,59,98.03,3,36,1,0
5346,48,69.2,8,41,0,0
5347,11,32.21,2,67,0,1
5348,11,34.1,5,4,0,0
5349,57,86.85,4,27,0,0
5350,58,72.42,11,70,0,0
5351,5,84.11,4,27,0,0
5352,47,34.63,7,9,0,0
5353,46,44.69,7,36,0,0
5354,40,88.23,3,94,0,0
5355,31,76.16,4,4,0,0
5356,30,76.34,6,2,0,0
5357,54,65.83,9,8,0,0
5358,18,39.68,6,18,0,0
5359,17,68.96,4,4,1,0
5360,13,57.65,4,29,0,0
5361,24,42.17,3,71,0,0
5362,40,41.12,3,49,1,0
5363,57,57.39,5,18,0,0
5364,50,52.23,9,9,0,0
5365,14,45.99,7,39,0,0
5366,12,53.29,2,2,1,0
5367,5,42.71,4,31,1,1
5368,50,63.14,8,19,1,0
5369,58,61.58,6,3,1,0
5370,7,63.31,3,24,0,0
5371,34,25.87,4,48,0,0
5372,39,36.33,2,15,0,0
5373,50,36.98,5,10,0,0
5374,44,28.86,4,22,0,0
5375,35,95.81,9,43,0,0
5376,26,58.17,8,6,0,0
5377,29,40.4,7,8,2,0
5378,21,40.92,7,27,0,0
5379,28,28.27,4,65,1,1
5380,16,25.3,4,2,0,0
5381,30,63.33,4,41,0,0
5382,1,144.21,5,16,0,0
5383,46,73.68,7,25,0,0
5384,36,54.42,2,4,0,0
5385,2,38.65,7,28,0,0
5386,25,49.03,4,30,0,0
5387,29,22.95,2,32,0,0
5388,2,50.15,5,14,0,0
5389,7,47.04,4,28,0,1
5390,11,29.05,3,0,0,0
5391,34,26.59,4,37,0,0
5392,10,63.94,3,97,0,1
5393,22,29.17,5,8,0,0
5394,9,118.57,8,2,1,0
5395,16,28.28,3,16,0,0
5396,16,74.0,6,1,0,0
5397,38,25.01,1,28,0,0
5398,35,62.99,6,4,1,0
5399,9,40.84,6,19,1,0
5400,7,46.94,4,34,0,1
5401,51,59.35,9,62,0,0
5402,1,37.26,4,39,0,0
5403,27,74.63,5,29,0,0
5404,37,65.17,3,4,0,0
5405,3,36.01,3,45,0,0
5406,16,31.34,7,7,0,0
5407,22,50.92,3,3,1,0
5408,41,61.94,2,12,0,0
5409,27,37.92,7,12,2,0
5410,58,53.94,5,10,1,0
5411,3,71.26,2,12,0,0
5412,49,62.54,8,5,0,0
5413,26,43.46,10,41,0,0
5414,7,89.54,3,19,0,0
5415,30,39.97,6,19,1,0
5416,4,22.29,4,14,0,0
5417,31,24.18,4,0,1,0
5418,57,44.62,5,40,0,0
5419,48,42.79,7,10,0,0
5420,3,45.34,5,45,2,1
5421,45,41.46,5,43,0,0
5422,7,42.97,4,67,0,0
5423,23,33.89,4,28,1,0
5424,57,66.98,4,136,0,1
5425,47,48.03,3,31,0,0
5426,21,77.53,6,10,1,0
5427,5,58.03,5,14,0,0
5428,7,41.4,6,2,0,0
5429,50,46.46,5,55,0,0
5430,44,56.86,3,10,0,0
5431,52,32.95,9,35,0,0
5432,58,57.63,7,6,0,0
5433,49,65.61,7,12,1,0
5434,16,19.65,4,4,1,0
5435,57,35.0,2,49,0,0
5436,9,68.84,6,8,0,1
5437,16,60.83,4,9,0,0
5438,47,47.53,4,66,0,0
5439,4,53.72,4,13,0,0
5440,47,50.96,5,2,0,0
5441,49,88.57,6,31,0,0
5442,37,30.84,6,0,0,0
5443,49,78.75,4,8,0,0
5444,11,60.08,7,7,0,0
5445,19,88.35,7,6,2,0
5446,10,68.69,6,35,0,0
5447,27,62.85,2,2,1,0
5448,53,51.19,6,7,0,0
5449,33,50.61,5,9,0,0
5450,4,102.51,4,3,0,0
5451,2,29.48,5,6,0,0
5452,7,37.94,3,26,0,1
5453,55,76.85,4,32,0,0
5454,1,67.39,4,20,1,0
5455,52,118.73,7,6,1,0
5456,16,41.84,10,27,3,0
5457,49,54.75,6,30,0,0
5458,24,87.69,5,2,0,0
5459,26,63.9,11,15,0,0
5460,36,88.07,8,7,0,0
5461,16,40.96,5,15,0,0
5462,20,66.72,4,44,0,0
5463,52,28.75,10,4,0,0
5464,34,92.78,6,22,0,0
5465,17,59.73,6,5,1,0
5466,53,67.56,6,44,1,0
5467,28,44.02,5,5,0,0
5468,17,61.65,4,9,2,0
5469,12,89.66,3,12,0,0
5470,56,35.08,4,1,0,0
5471,28,103.62,2,80,0,0
5472,35,63.43,8,30,1,0
5473,39,40.31,9,5,1,0
5474,28,42.0,3,13,2,0
5475,4,66.25,1,0,0,0
5476,3,43.1,4,1,0,0
5477,16,77.4,3,7,0,0
5478,42,59.37,4,37,0,0
5479,6,99.98,5,1,1,0
5480,52,65.73,2,15,0,0
5481,26,81.44,3,11,1,0
5482,20,57.17,5,17,0,0
5483,2,30.92,3,3,1,0
5484,25,51.72,2,22,0,0
5485,17,29.43,3,1,0,0
5486,47,53.65,5,27,1,0
5487,10,63.76,5,3,0,0
5488,51,40.61,6,2,4,0
5489,12,38.43,6,53,2,0
5490,21,88.73,6,7,0,0
5491,29,27.08,1,6,0,0
5492,12,96.56,3,20,0,0
5493,56,70.31,5,4,0,0
5494,1,27.66,6,13,2,0
5495,38,19.01,6,7,1,0
5496,57,34.77,3,3,0,0
5497,60,39.99,6,20,0,0
5498,17,51.22,3,7,0,0
5499,39,45.83,8,12,0,0
5500,38,69.66,4,11,1,0
5501,41,37.76,6,83,1,0
5502,56,52.25,7,20,0,0
5503,59,46.64,8,8,0,0
5504,44,52.93,4,2,0,0
5505,15,64.81,2,3,0,0
5506,54,55.48,5,1,1,0
5507,48,72.61,5,32,1,0
5508,26,70.49,4,47,0,0
5509,33,30.38,2,10,0,0
5510,36,64.96,6,10,0,0
5511,7,41.61,5,54,0,0
5512,4,64.84,3,6,1,0
5513,4,64.62,3,55,1,0
5514,58,39.27,6,32,0,0
5515,17,57.39,9,7,0,0
5516,7,52.98,7,32,0,0
5517,24,71.33,2,12,0,0
5518,48,64.86,5,9,0,0
5519,18,71.39,5,8,1,0
5520,15,62.96,5,21,0,0
5521,28,25.64,3,50,1,0
5522,33,72.41,2,29,2,0
5523,42,60.12,11,37,0,0
5524,43,140.7,6,5,0,0
5525,38,71.52,10,7,0,0
5526,56,78.79,5,54,0,1
5527,19,78.71,6,23,0,0
5528,13,57.89,6,8,1,0
5529,58,40.27,5,2,0,0
5530,39,59.99,5,29,0,0
5531,28,64.76,5,5,0,0
5532,42,46.85,9,22,0,0
5533,22,22.45,5,7,2,0
5534,54,37.65,5,19,0,0
5535,19,50.05,7,45,0,0
5536,18,132.36,6,17,1,0
5537,24,45.19,4,54,2,0
5538,33,152.44,4,0,3,0
5539,8,55.69,3,9,1,0
5540,57,49.11,4,16,0,0
5541,22,47.44,4,55,0,0
5542,44,72.78,3,18,0,0
5543,6,42.16,5,3,0,0
5544,12,53.35,4,3,1,0
5545,40,34.75,7,6,0,0
5546,38,32.76,4,13,0,0
5547,22,71.12,4,8,2,0
5548,54,26.43,3,4,0,0
5549,34,42.49,5,5,1,0
5550,30,64.74,3,28,0,0
5551,26,43.87,1,24,0,0
5552,56,45.0,3,8,1,0
5553,51,92.65,4,53,1,0
5554,16,77.69,4,4,0,0
5555,18,90.5,3,3,0,0
5556,20,38.62,10,32,0,1
5557,40,72.06,5,57,0,0
5558,7,53.55,2,3,1,0
5559,7,26.96,7,50,1,1
5560,22,40.06,5,39,0,0
5561,55,134.21,4,54,0,0
5562,25,41.94,6,3,1,0
5563,39,83.56,9,2,2,0
5564,2,63.53,7,11,1,0
5565,16,32.61,3,4,1,0
5566,55,108.56,3,10,1,0
5567,23,65.41,6,39,2,0
5568,32,48.82,4,8,1,0
5569,2,95.05,7,13,0,0
5570,14,29.75,2,25,1,0
5571,55,46.9,6,43,0,0
5572,13,80.52,3,43,1,0
5573,32,70.47,3,69,1,0
5574,33,75.57,7,27,2,0
5575,44,70.01,4,18,0,0
5576,37,56.45,7,11,0,0
5577,37,36.86,7,19,0,0
5578,57,40.13,8,47,1,0
5579,46,71.01,3,32,2,1
5580,42,37.83,4,20,0,0
5581,3,28.99,5,50,1,0
5582,37,87.07,5,13,0,0
5583,51,209.83,7,19,1,0
5584,42,47.56,11,28,0,0
5585,38,35.95,4,7,1,0
5586,50,107.82,5,77,0,0
5587,5,45.75,5,8,0,0
5588,25,53.05,4,23,0,0
5589,12,22.62,4,44,0,0
5590,17,28.05,9,18,0,1
5591,16,60.43,5,7,1,0
5592,57,43.71,7,18,0,0
5593,17,35.81,7,28,0,0
5594,8,65.06,3,28,0,0
5595,58,48.83,4,20,0,0
5596,50,49.97,6,3,2,1
5597,1,79.24,6,54,0,0
5598,3,50.99,5,4,0,0
5599,4,36.97,2,62,0,1
5600,10,77.43,4,16,0,0
5601,51,56.0,3,4,0,0
5602,52,42.25,6,29,2,1
5603,19,74.45,4,8,1,0
5604,22,33.27,4,9,0,0
5605,30,47.87,4,1,1,1
5606,59,47.63,7,9,1,0
5607,7,109.56,5,12,0,0
5608,29,97.23,7,2,2,0
5609,30,47.09,2,0,0,0
5610,46,92.78,3,41,0,0
5611,31,52.64,4,15,2,0
5612,57,71.84,5,3,0,0
5613,11,44.21,3,11,0,0
5614,3,94.42,3,26,2,0
5615,36,108.64,2,10,1,0
5616,19,48.92,5,4,1,0
5617,54,72.99,4,20,0,0
5618,3,124.29,2,10,1,0
5619,14,96.55,4,16,0,0
5620,41,51.9,3,7,0,0
5621,30,34.63,5,6,0,0
5622,28,97.35,7,10,0,0
5623,29,39.33,6,15,1,0
5624,32,45.3,10,5,1,0
5625,52,54.11,5,1,0,0
5626,59,38.37,3,2,1,0
5627,25,116.45,6,14,0,0
5628,59,52.02,6,20,0,0
5629,28,40.49,3,7,1,0
5630,35,95.09,5,14,0,0
5631,25,51.34,4,5,0,0
5632,8,41.16,5,29,0,0
5633,50,45.02,5,97,1,1
5634,17,59.41,7,1,0,0
5635,51,81.13,7,12,0,0
5636,18,129.33,5,7,1,0
5637,8,90.3,4,12,0,0
5638,10,60.85,3,8,0,0
5639,1,89.11,4,12,1,0
5640,49,81.45,5,50,1,0
5641,52,57.43,5,26,0,1
5642,43,40.83,7,31,0,0
5643,9,48.43,7,34,1,0
5644,42,60.2,6,34,0,0
5645,20,64.6,6,41,0,0
5646,60,67.46,4,7,0,0
5647,36,20.49,5,1,1,0
5648,2,58.83,3,35,1,0
5649,25,87.66,5,22,0,0
5650,18,81.99,6,32,1,0
5651,43,31.83,6,13,0,0
5652,5,67.25,4,6,0,0
5653,42,65.19,7,16,1,0
5654,3,52.9,8,1,0,0
5655,30,56.53,4,2,1,1
5656,10,75.37,5,19,2,0
5657,5,27.65,3,26,1,0
5658,55,66.4,8,5,1,0
5659,6,55.71,11,18,1,0
5660,42,71.54,5,10,1,0
5661,33,48.23,5,2,1,0
5662,12,47.9,4,4,0,0
5663,24,50.06,6,48,2,0
5664,51,36.86,6,37,0,1
5665,9,46.55,5,1,0,0
5666,37,56.3,4,30,0,0
5667,34,60.03,3,3,0,0
5668,33,28.95,9,23,0,0
5669,13,30.09,5,22,0,0
5670,32,64.41,11,6,0,0
5671,35,45.35,6,13,0,1
5672,6,68.44,8,45,0,1
5673,24,39.55,5,8,0,0
5674,2,118.75,7,6,1,0
5675,11,73.58,5,12,2,0
5676,33,90.49,4,23,0,0
5677,21,50.84,7,55,1,0
5678,37,50.34,6,17,0,0
5679,15,81.57,4,2,0,0
5680,23,37.59,6,10,0,0
5681,54,61.47,2,37,0,1
5682,60,71.65,7,26,0,0
5683,3,30.23,4,6,0,0
5684,27,49.8,6,4,0,0
5685,38,55.87,4,1,1,0
5686,21,77.74,6,17,1,0
5687,35,34.41,5,12,1,0
5688,7,46.21,6,4,0,0
5689,14,61.4,4,2,0,0
5690,36,86.09,3,27,2,0
5691,43,82.13,5,24,0,0
5692,36,80.24,6,24,0,0
5693,39,75.34,7,7,0,0
5694,21,46.19,5,85,0,0
5695,54,33.01,3,1,0,0
5696,31,39.61,6,33,0,0
5697,49,69.97,4,5,1,0
5698,22,28.47,3,12,1,0
5699,13,114.35,9,5,2,0
5700,47,26.33,6,7,0,0
5701,16,34.85,3,6,1,0
5702,14,54.8,4,10,1,0
5703,30,44.71,6,1,0,0
5704,8,41.27,5,11,0,0
5705,36,41.19,4,30,0,1
5706,38,61.32,5,7,0,0
5707,58,88.34,4,56,1,1
5708,26,36.48,3,17,4,0
5709,6,49.45,7,9,1,0
5710,14,41.32,4,66,0,0
5711,52,27.44,5,0,0,0
5712,26,32.27,5,8,0,1
5713,3,37.42,4,1,0,0
5714,49,67.58,3,5,0,0
5715,34,30.36,5,1,2,0
5716,39,83.06,6,1,0,0
5717,16,76.73,8,4,2,0
5718,39,42.27,6,2,1,0
5719,46,84.49,4,2,1,0
5720,4,36.68,7,10,1,0
5721,6,56.62,7,1,3,0
5722,8,58.75,2,42,0,0
5723,9,137.94,6,40,0,0
5724,27,61.28,3,4,0,0
5725,27,50.9,8,13,0,0
5726,12,58.64,5,7,0,0
5727,19,55.77,7,64,1,0
5728,43,84.37,4,20,1,0
5729,46,39.17,7,60,0,0
5730,44,105.2,8,10,0,0
5731,32,29.38,7,22,1,0
5732,39,85.68,3,12,0,0
5733,58,103.3,3,24,0,0
5734,47,25.72,5,12,1,0
5735,14,85.25,7,75,0,1
5736,41,50.76,3,2,1,0
5737,53,49.45,4,3,1,0
5738,9,59.36,5,28,1,0
5739,54,51.5,4,23,0,0
5740,35,30.17,5,6,2,0
5741,14,64.95,6,12,0,0
5742,12,55.01,4,13,0,0
5743,46,76.65,7,10,2,0
5744,6,65.53,6,29,1,0
5745,54,56.04,7,34,0,0
5746,43,60.94,8,26,1,0
5747,55,44.8,5,14,1,1
5748,27,151.1,7,26,2,0
5749,3,33.75,4,41,0,0
5750,53,52.01,4,15,0,0
5751,6,75.67,5,18,0,0
5752,18,66.5,3,5,0,0
5753,36,31.91,4,29,0,1
5754,17,33.5,2,49,0,1
5755,1,38.49,2,31,0,0
5756,33,30.65,2,2,0,0
5757,44,42.78,5,5,2,0
5758,41,86.1,4,19,0,0
5759,33,60.28,4,21,1,0
5760,8,126.12,2,22,3,0
5761,13,38.41,2,64,0,0
5762,12,31.95,3,0,1,0
5763,17,47.79,3,31,1,0
5764,2,33.87,4,11,0,0
5765,11,58.57,3,11,0,0
5766,43,87.45,3,5,0,0
5767,16,53.06,9,27,0,0
5768,6,37.05,5,25,1,0
5769,12,43.57,2,4,0,0
5770,39,40.19,8,32,0,0
5771,28,92.85,4,5,1,0
5772,59,60.12,2,21,0,0
5773,47,91.94,2,24,0,0
5774,21,30.71,4,5,0,0
5775,34,152.63,4,26,1,1
5776,41,86.52,3,6,1,0
5777,60,84.63,6,4,0,0
5778,23,54.47,6,7,0,0
5779,3,81.55,6,33,0,0
5780,24,31.67,7,48,0,0
5781,21,62.73,5,17,1,0
5782,43,57.73,3,1,1,0
5783,16,40.6,5,5,0,0
5784,40,50.98,8,3,1,0
5785,48,44.04,4,19,0,0
5786,57,27.52,8,6,1,0
5787,30,31.75,4,16,0,0
5788,3,25.66,6,13,0,0
5789,42,64.19,7,22,0,0
5790,52,97.22,1,17,1,0
5791,6,98.7,6,23,1,0
5792,53,43.55,3,22,0,0
5793,47,46.73,5,2,1,0
5794,2,35.23,4,1,2,0
5795,1,55.16,7,11,1,0
5796,15,88.28,9,42,0,0
5797,5,86.61,7,41,1,1
5798,36,50.23,4,4,0,0
5799,60,82.11,7,15,0,0
5800,14,37.85,3,7,0,0
5801,51,40.61,3,6,0,0
5802,19,68.19,5,9,1,0
5803,12,42.57,5,27,0,0
5804,12,20.64,7,8,0,0
5805,30,83.88,7,62,1,0
5806,46,56.01,4,28,0,0
5807,18,78.22,6,5,1,0
5808,49,28.03,4,12,0,0
5809,3,68.31,7,8,0,0
5810,30,73.54,7,15,0,0
5811,55,80.45,5,19,0,0
5812,53,37.86,2,68,0,0
5813,11,31.5,3,44,0,1
5814,9,54.9,4,3,1,0
5815,10,46.19,4,21,0,0
5816,20,111.7,3,79,2,1
5817,24,31.68,7,61,0,1
5818,25,57.49,4,4,0,0
5819,42,75.06,7,25,0,0
5820,51,74.61,4,19,2,0
5821,42,29.83,6,14,3,0
5822,46,35.58,5,21,1,0
5823,11,65.5,2,7,0,0
5824,5,40.76,4,21,1,0
5825,21,83.35,7,87,1,1
5826,21,118.11,6,39,0,0
5827,43,43.74,4,35,0,0
5828,31,38.4,4,14,2,1
5829,35,88.19,4,4,0,0
5830,8,82.24,3,28,1,0
5831,45,43.2,6,62,1,0
5832,7,38.3,3,18,0,0
5833,4,33.64,6,5,3,0
5834,3,155.07,5,44,0,0
5835,17,95.13,7,6,0,0
5836,34,56.68,1,7,0,1
5837,60,53.97,6,26,0,0
5838,5,64.27,3,7,1,0
5839,37,40.45,8,40,0,0
5840,60,22.95,10,9,1,0
5841,22,39.45,4,54,0,0
5842,25,42.38,6,4,1,0
5843,32,48.21,4,21,2,1
5844,4,46.67,7,2,0,0
5845,43,61.84,8,31,1,0
5846,11,38.16,2,16,0,0
5847,23,71.74,3,26,0,0
5848,15,27.17,5,47,0,0
5849,46,53.71,7,23,0,0
5850,55,56.91,4,9,1,0
5851,54,99.81,4,16,1,0
5852,36,78.05,6,18,0,0
5853,26,30.37,7,0,1,0
5854,21,41.29,7,0,1,0
5855,55,68.2,5,29,0,0
5856,42,32.92,6,7,2,0
5857,55,90.77,6,32,1,0
5858,15,26.66,3,1,0,0
5859,49,99.52,4,27,1,0
5860,46,79.54,4,29,1,0
5861,40,51.66,4,4,1,0
5862,28,69.78,8,13,0,0
5863,46,50.71,5,11,0,0
5864,18,43.92,5,17,0,0
5865,4,67.55,4,4,0,0
5866,40,51.49,8,16,0,0
5867,33,56.17,9,3,1,0
5868,49,37.22,6,3,0,0
5869,6,20.82,4,5,0,0
5870,3,46.72,6,10,0,0
5871,55,51.71,6,32,0,0
5872,54,36.02,7,48,1,1
5873,53,121.17,6,11,0,0
5874,41,55.13,5,5,0,0
5875,32,54.08,6,10,1,0
5876,25,64.71,3,35,0,0
5877,22,66.24,5,0,0,0
5878,50,71.21,4,2,1,0
5879,47,58.81,5,31,1,0
5880,55,68.67,5,4,0,0
5881,18,118.42,4,79,0,0
5882,45,79.54,2,6,0,0
5883,34,95.2,8,30,0,0
5884,51,37.87,4,18,1,0
5885,41,30.25,8,1,0,0
5886,57,84.98,2,28,1,0
5887,46,83.12,7,7,0,0
5888,11,47.67,5,66,0,1
5889,22,60.67,6,44,0,0
5890,39,30.88,8,82,0,1
5891,33,68.5,3,42,0,0
5892,45,49.46,2,2,1,0
5893,56,85.69,3,3,0,0
5894,49,46.73,6,51,0,1
5895,20,42.9,7,25,0,0
5896,24,52.05,5,26,0,0
5897,42,42.72,3,7,0,0
5898,56,71.14,5,5,1,0
5899,41,58.38,6,39,1,0
5900,20,59.57,5,10,0,0
5901,16,46.04,4,43,0,0
5902,27,96.01,10,4,1,0
5903,3,58.69,3,20,1,0
5904,56,58.79,5,41,0,0
5905,38,47.8,6,35,1,0
5906,41,66.94,3,2,0,0
5907,11,58.62,7,4,0,0
5908,5,46.87,5,3,0,0
5909,48,39.88,4,11,1,0
5910,51,39.24,4,25,1,0
5911,43,79.38,2,50,0,0
5912,3,54.8,4,31,1,0
5913,26,64.43,5,3,1,0
5914,37,82.43,4,15,0,0
5915,53,27.97,3,73,2,1
5916,40,82.41,5,7,0,0
5917,7,35.98,7,14,0,0
5918,11,151.7,5,70,0,0
5919,28,37.45,1,58,0,1
5920,40,53.47,4,5,0,0
5921,7,49.76,5,7,0,0
5922,23,34.19,5,12,0,1
5923,24,152.6,6,16,0,0
5924,44,44.7,3,15,0,0
5925,27,25.08,5,9,1,0
5926,19,51.24,3,8,1,0
5927,24,40.19,5,10,0,0
5928,37,62.61,4,11,0,0
5929,19,38.04,8,13,0,0
5930,24,91.12,4,18,2,0
5931,54,90.54,7,0,0,0
5932,60,58.04,6,41,0,0
5933,44,178.42,6,18,0,0
5934,54,34.86,5,12,0,0
5935,45,31.55,6,52,0,0
5936,33,55.9,5,58,2,0
5937,40,54.81,3,90,0,1
5938,29,61.45,4,4,1,0
5939,46,78.18,7,14,0,0
5940,23,76.36,3,2,1,0
5941,43,50.87,7,26,1,0
5942,2,28.78,7,12,0,0
5943,14,38.39,5,2,1,0
5944,50,23.63,9,0,1,0
5945,48,100.31,4,4,0,0
5946,28,28.44,7,28,0,0
5947,10,57.43,6,25,0,0
5948,46,57.12,3,69,0,0
5949,25,50.57,5,3,1,0
5950,58,64.62,5,20,1,0
5951,37,34.3,4,1,0,0
5952,17,29.84,3,30,1,1
5953,29,85.26,5,32,0,1
5954,52,34.47,8,26,0,0
5955,53,61.89,7,60,0,1
5956,10,49.24,4,29,1,0
5957,41,64.45,3,26,0,0
5958,34,54.32,6,39,1,0
5959,11,63.6,5,2,0,0
5960,4,63.62,4,6,0,0
5961,42,38.16,4,112,0,0
5962,6,67.78,5,3,0,0
5963,1,80.34,4,49,0,0
5964,47,47.89,10,57,0,0
5965,56,61.61,6,12,0,0
5966,21,41.62,6,55,0,1
5967,30,72.28,2,0,0,0
5968,20,54.67,6,9,0,0
5969,50,53.39,4,52,1,0
5970,36,22.35,5,43,0,0
5971,23,62.93,5,70,0,1
5972,15,70.78,3,45,0,1
5973,48,96.2,5,33,0,0
5974,48,29.47,4,8,0,0
5975,17,23.87,6,35,2,0
5976,2,74.51,8,30,2,0
5977,55,97.48,3,60,0,0
5978,36,65.0,3,21,0,1
5979,11,33.95,7,29,0,0
5980,14,30.75,7,7,1,0
5981,26,44.77,6,36,0,0
5982,15,111.27,4,16,0,0
5983,46,51.08,6,32,0,0
5984,17,98.18,6,52,0,0
5985,10,27.34,4,1,1,0
5986,6,79.65,4,54,0,0
5987,43,44.93,3,4,0,0
5988,19,86.99,4,8,1,0
5989,1,68.01,2,6,2,0
5990,4,49.24,4,59,0,0
5991,10,87.94,5,10,0,0
5992,55,82.0,7,9,1,0
5993,53,61.75,8,53,0,0
5994,17,59.38,4,20,1,0
5995,39,40.42,6,16,0,0
5996,12,35.48,5,10,1,1
5997,27,43.99,2,16,0,0
5998,11,33.11,3,46,0,1
5999,2,59.04,6,0,0,0
6000,36,80.01,4,50,1,0
6001,58,37.06,3,3,0,0
6002,49,58.86,3,10,1,0
6003,60,46.53,4,4,0,0
6004,38,51.47,7,1,0,0
6005,18,51.2,5,47,1,0
6006,42,69.22,5,85,0,0
6007,45,22.99,6,55,0,0
6008,44,65.95,7,2,1,0
6009,16,35.86,8,36,1,0
6010,26,43.19,4,23,0,0
6011,49,30.44,5,0,1,0
6012,42,47.6,3,3,0,0
6013,12,108.0,2,30,1,0
6014,23,37.02,5,2,0,0
6015,14,30.56,4,18,0,0
6016,34,68.26,10,8,1,0
6017,55,66.01,4,9,0,0
6018,1,74.52,9,30,1,1
6019,43,72.65,5,6,1,0
6020,34,65.37,9,38,0,0
6021,10,66.49,3,49,1,0
6022,5,37.43,4,23,0,0
6023,26,31.56,5,37,0,0
6024,45,38.95,5,31,0,0
6025,32,28.89,4,25,1,0
6026,2,40.66,7,57,0,0
6027,18,40.15,7,7,1,0
6028,18,123.29,3,87,0,1
6029,21,82.24,8,13,0,0
6030,15,45.38,3,7,0,0
6031,7,115.48,4,1,1,1
6032,3,43.88,4,0,0,0
6033,54,38.08,4,3,0,0
6034,23,117.58,5,4,0,0
6035,44,114.89,3,28,1,0
6036,16,83.63,10,4,1,0
6037,60,67.8,7,60,1,0
6038,38,75.95,4,7,0,0
6039,3,56.81,3,3,1,0
6040,6,95.52,4,13,1,0
6041,35,126.59,8,27,0,0
6042,3,94.21,9,3,1,0
6043,47,85.88,4,10,0,0
6044,17,28.55,8,2,1,0
6045,27,77.21,7,26,0,1
6046,3,41.16,4,39,0,0
6047,26,30.37,2,56,0,0
6048,34,48.18,4,3,0,0
6049,19,36.45,5,7,0,0
6050,27,72.46,5,1,0,0
6051,5,105.62,3,3,1,0
6052,8,42.48,9,14,0,0
6053,39,58.95,6,40,2,1
6054,59,28.87,5,19,0,0
6055,38,78.86,6,33,0,0
6056,40,101.79,5,31,1,0
6057,59,43.2,6,0,1,0
6058,56,58.85,6,20,0,0
6059,20,39.25,6,40,3,0
6060,5,41.25,5,11,0,0
6061,42,59.71,6,54,0,0
6062,24,39.91,2,6,0,0
6063,57,62.39,6,19,0,0
6064,25,64.76,5,4,2,0
6065,54,46.09,2,26,1,0
6066,10,103.39,5,25,0,0
6067,46,64.86,8,7,0,0
6068,26,74.62,3,1,0,0
6069,18,196.78,7,13,0,0
6070,58,89.86,9,41,1,0
6071,41,117.66,4,5,0,0
6072,37,42.44,5,2,1,0
6073,15,27.32,9,38,1,0
6074,15,31.53,6,12,0,0
6075,59,72.93,3,2,0,0
6076,41,50.72,3,13,0,0
6077,24,65.39,12,54,1,1
6078,2,28.66,6,26,0,0
6079,17,70.33,11,62,0,0
6080,57,34.57,3,17,0,0
6081,18,40.75,4,45,1,0
6082,5,62.92,10,9,0,0
6083,49,40.86,5,23,1,0
6084,47,53.81,7,1,0,0
6085,34,36.15,5,6,0,0
6086,30,73.36,4,67,0,0
6087,33,89.53,4,17,1,0
6088,1,64.35,6,3,1,0
6089,36,85.8,7,5,0,0
6090,32,14.9,4,7,0,0
6091,35,61.55,8,10,1,0
6092,45,54.83,6,1,1,0
6093,40,58.72,7,23,1,0
6094,11,79.89,5,3,1,0
6095,36,45.62,9,3,1,0
6096,59,76.7,3,49,0,0
6097,26,25.66,5,34,0,0
6098,5,75.3,10,97,1,1
6099,59,65.19,3,22,2,0
6100,55,78.28,8,15,0,0
6101,45,52.56,3,32,1,0
6102,47,33.45,4,7,2,0
6103,52,102.55,5,17,0,0
6104,6,44.48,6,1,1,0
6105,21,81.82,5,8,1,0
6106,8,48.37,6,0,0,0
6107,49,46.07,8,13,0,0
6108,41,145.55,7,13,1,0
6109,3,72.62,4,29,0,0
6110,7,54.1,5,1,0,0
6111,2,100.38,5,11,0,0
6112,13,37.39,7,2,1,0
6113,45,73.83,13,17,2,0
6114,30,63.28,4,39,0,0
6115,37,80.56,4,0,0,0
6116,3,33.67,2,17,0,0
6117,42,81.09,5,39,0,0
6118,24,38.93,9,50,2,0
6119,31,65.52,7,3,0,0
6120,44,23.67,7,10,0,0
6121,11,63.67,3,11,0,0
6122,56,122.0,6,12,2,1
6123,40,38.78,4,11,0,0
6124,10,78.05,4,1,1,0
6125,9,58.86,3,36,1,0
6126,52,54.34,5,18,1,0
6127,43,82.71,5,32,1,0
6128,6,40.64,4,14,0,0
6129,26,56.86,7,40,0,0
6130,14,54.7,4,9,0,0
6131,48,48.54,7,7,1,0
6132,21,52.81,4,21,0,0
6133,34,40.21,8,4,0,0
6134,5,35.62,2,26,0,0
6135,28,68.74,4,14,0,0
6136,3,57.85,4,19,0,0
6137,33,42.83,2,34,1,0
6138,30,78.86,5,19,1,0
6139,36,42.87,5,14,0,1
6140,11,45.62,4,11,0,0
6141,26,69.49,6,61,0,0
6142,13,48.88,4,38,0,0
6143,35,96.64,6,15,1,0
6144,18,93.17,3,41,0,0
6145,3,72.92,4,18,1,0
6146,22,112.22,3,59,0,1
6147,49,86.61,7,23,0,0
6148,39,75.23,6,26,0,0
6149,57,88.02,4,19,0,0
6150,46,85.96,4,70,1,1
6151,42,129.8,5,20,2,0
6152,43,51.13,6,61,0,0
6153,9,53.32,7,9,0,0
6154,58,57.03,4,10,0,0
6155,2,83.53,2,18,0,0
6156,18,34.45,7,6,0,0
6157,49,54.8,5,35,0,0
6158,17,75.12,7,2,0,0
6159,44,32.27,6,5,2,0
6160,36,44.99,3,1,1,0
6161,22,45.81,6,66,0,0
6162,23,63.23,2,29,0,0
6163,20,77.47,5,11,1,0
6164,20,25.43,6,33,0,0
6165,13,65.79,4,6,1,0
6166,27,42.56,3,6,0,0
6167,55,20.29,4,11,1,1
6168,57,21.91,7,15,1,0
6169,10,34.98,3,11,0,1
6170,54,41.03,3,6,0,0
6171,54,81.81,4,3,0,0
6172,59,51.74,4,23,0,0
6173,8,55.16,4,6,0,0
6174,50,40.17,5,17,0,0
6175,9,61.28,5,22,1,0
6176,39,94.41,4,66,1,0
6177,28,39.06,4,33,0,0
6178,16,80.39,6,7,0,0
6179,16,69.61,4,4,0,0
6180,1,141.84,5,46,0,0
6181,42,33.83,7,16,0,0
6182,44,72.43,6,39,0,0
6183,31,39.25,3,10,0,0
6184,48,67.98,7,9,0,0
6185,30,70.36,7,17,3,1
6186,22,45.99,3,20,0,0
6187,43,69.11,7,50,0,0
6188,25,63.99,7,29,0,0
6189,29,64.33,3,25,1,0
6190,32,39.77,8,12,0,0
6191,19,68.2,4,18,1,0
6192,55,48.55,7,0,0,0
6193,46,43.61,5,20,0,0
6194,47,32.67,3,2,0,0
6195,34,28.35,4,17,0,0
6196,39,31.31,4,2,1,0
6197,2,44.94,4,2,0,0
6198,32,22.43,4,26,0,0
6199,2,40.88,3,11,0,0
6200,22,127.83,7,28,0,0
6201,8,69.81,1,10,3,0
6202,27,94.27,4,8,0,0
6203,31,27.45,6,31,1,0
6204,26,61.07,5,33,0,0
6205,33,54.01,6,5,1,0
6206,15,32.64,7,2,1,0
6207,31,45.31,9,14,2,0
6208,38,80.88,6,1,1,0
6209,20,36.09,4,9,1,0
6210,43,83.16,5,38,0,0
6211,8,32.21,6,14,0,0
6212,19,77.15,2,32,1,0
6213,59,29.5,3,43,0,0
6214,32,54.74,5,5,0,0
6215,2,35.15,3,10,2,0
6216,40,19.6,5,6,1,0
6217,41,50.67,3,9,1,0
6218,28,95.63,3,4,0,0
6219,6,78.55,4,21,1,0
6220,42,47.19,5,10,1,0
6221,29,40.59,2,20,0,0
6222,18,57.29,3,34,0,0
6223,44,56.2,3,20,1,0
6224,48,82.24,4,13,0,0
6225,11,42.07,5,7,0,0
6226,54,87.72,2,4,0,0
6227,59,21.89,4,3,0,0
6228,32,91.6,3,5,0,0
6229,39,24.18,2,28,0,0
6230,57,69.92,7,2,0,0
6231,17,69.64,4,33,1,0
6232,8,60.12,4,3,1,0
6233,7,64.72,6,1,1,0
6234,28,58.5,6,32,0,0
6235,35,60.32,5,4,0,0
6236,18,37.11,5,20,0,1
6237,35,92.19,6,26,1,0
6238,47,96.37,4,29,0,0
6239,15,50.0,4,3,0,0
6240,58,62.29,7,20,0,0
6241,23,77.37,2,60,1,1
6242,49,85.34,6,16,0,0
6243,31,57.42,6,42,0,0
6244,36,46.64,11,28,2,0
6245,49,30.47,6,9,1,0
6246,4,34.78,3,1,0,0
6247,56,98.07,4,4,0,1
6248,7,220.06,7,5,1,0
6249,53,110.19,4,55,0,0
6250,35,45.08,7,13,0,0
6251,20,49.04,6,5,0,0
6252,54,34.28,2,2,0,0
6253,56,21.99,5,6,1,0
6254,1,102.78,6,11,0,0
6255,22,70.95,5,58,0,0
6256,52,49.41,5,9,1,0
6257,8,29.57,5,31,0,1
6258,53,50.29,6,15,0,0
6259,15,52.96,2,15,0,0
6260,7,37.07,5,8,0,0
6261,34,75.14,5,5,1,0
6262,10,99.66,5,3,0,0
6263,39,41.82,3,18,1,0
6264,51,62.15,4,4,0,0
6265,26,73.75,5,25,1,0
6266,57,25.64,4,6,0,0
6267,47,28.93,5,16,0,0
6268,42,91.2,3,74,1,1
6269,6,47.25,5,11,0,0
6270,21,83.79,5,2,0,0
6271,53,89.26,4,43,1,0
6272,32,65.49,6,19,1,0
6273,47,43.78,4,12,0,0
6274,32,76.63,5,18,0,0
6275,32,131.54,6,4,1,0
6276,43,99.58,7,4,1,0
6277,12,43.95,8,4,0,0
6278,44,29.58,3,11,1,0
6279,49,75.13,8,6,0,0
6280,18,77.8,7,14,0,0
6281,50,39.87,2,7,0,0
6282,21,79.94,5,14,1,0
6283,15,45.04,3,70,0,0
6284,54,41.74,6,4,0,0
6285,2,61.27,5,6,1,0
6286,14,35.02,5,25,0,0
6287,6,48.1,6,5,0,0
6288,43,46.18,6,37,0,0
6289,19,67.02,4,27,0,0
6290,39,42.49,5,36,0,0
6291,8,39.89,4,60,0,0
6292,43,36.59,3,23,0,0
6293,60,83.73,2,14,2,1
6294,12,35.78,2,24,0,0
6295,2,72.73,3,27,1,0
6296,48,55.06,8,12,0,0
6297,10,56.12,6,1,0,0
6298,33,40.05,7,8,1,0
6299,45,51.01,9,2,0,0
6300,24,42.68,3,7,0,0
6301,59,92.78,3,1,1,0
6302,53,56.52,5,0,0,0
6303,46,53.73,7,17,0,0
6304,39,63.05,6,14,0,0
6305,22,80.95,5,12,1,0
6306,49,62.85,5,1,0,0
6307,45,62.22,4,37,0,0
6308,5,57.3,7,5,0,0
6309,52,69.47,3,55,1,0
6310,13,30.99,4,7,1,0
6311,33,50.32,1,20,0,0
6312,7,53.66,6,70,0,1
6313,58,49.08,5,48,0,0
6314,39,50.77,8,29,1,0
6315,47,103.6,3,17,0,0
6316,28,64.86,2,2,1,0
6317,36,34.77,4,14,1,0
6318,3,31.93,7,15,0,0
6319,37,84.85,9,37,0,0
6320,37,38.87,6,10,0,0
6321,2,49.34,3,13,0,1
6322,30,44.01,3,19,0,0
6323,48,59.56,5,16,1,0
6324,7,41.26,5,48,0,1
6325,30,51.12,7,12,0,0
6326,36,46.46,5,16,0,0
6327,17,83.59,5,43,1,0
6328,54,47.23,3,7,0,0
6329,43,58.66,5,2,1,0
6330,34,28.04,5,10,0,0
6331,27,43.82,4,15,0,0
6332,9,57.22,3,1,0,0
6333,25,36.15,7,20,0,0
6334,15,23.07,8,19,1,0
6335,38,46.39,5,38,0,0
6336,29,84.56,3,6,0,0
6337,17,59.05,1,3,0,0
6338,6,42.49,10,4,0,0
6339,26,31.51,4,10,1,0
6340,1,40.96,4,29,0,0
6341,22,73.23,4,21,0,0
6342,42,73.49,10,17,0,0
6343,58,53.86,6,5,0,0
6344,6,37.18,6,3,0,0
6345,55,43.76,4,13,0,0
6346,42,46.8,7,4,3,0
6347,32,30.64,5,49,2,0
6348,47,58.0,7,16,0,0
6349,33,48.14,6,19,1,0
6350,4,122.67,5,2,0,0
6351,38,58.45,6,16,1,0
6352,6,42.63,3,32,0,0
6353,15,73.26,1,7,0,0
6354,39,58.93,4,24,0,0
6355,23,27.09,5,5,0,0
6356,34,67.75,2,12,1,0
6357,59,55.02,5,29,0,0
6358,20,49.85,3,7,1,0
6359,33,48.0,3,4,0,0
6360,33,73.64,5,23,0,0
6361,12,54.06,5,19,2,0
6362,56,73.54,2,17,0,0
6363,41,67.94,9,10,1,0
6364,34,74.63,7,17,0,0
6365,48,70.16,7,62,0,0
6366,22,51.55,2,4,0,0
6367,36,52.25,5,37,0,1
6368,57,62.92,4,17,1,0
6369,52,26.73,3,8,0,0
6370,9,82.3,6,17,0,0
6371,39,64.51,5,56,1,0
6372,57,86.8,12,12,0,0
6373,50,46.89,8,37,1,0
6374,34,37.59,8,1,0,0
6375,6,45.8,8,17,1,0
6376,6,55.14,5,9,2,0
6377,54,52.29,6,10,0,0
6378,18,53.43,2,18,2,0
6379,56,47.24,2,37,1,1
6380,57,37.28,5,17,0,0
6381,2,57.26,2,11,1,0
6382,8,57.16,9,34,0,0
6383,7,68.36,3,28,0,0
6384,25,72.34,5,6,0,0
6385,21,71.7,8,0,0,0
6386,35,52.36,6,17,0,0
6387,32,48.24,8,14,1,0
6388,53,103.07,4,25,1,0
6389,40,41.06,4,6,0,0
6390,6,114.6,5,1,1,0
6391,6,72.73,4,53,0,1
6392,43,80.93,5,14,0,0
6393,38,90.65,5,17,2,0
6394,9,70.01,3,4,0,0
6395,33,64.14,3,20,0,0
6396,40,62.65,8,20,0,0
6397,41,36.89,7,14,0,0
6398,45,72.66,7,5,0,0
6399,38,38.56,7,29,1,0
6400,50,38.77,4,10,0,0
6401,18,57.5,4,3,0,0
6402,24,35.98,4,28,0,0
6403,28,37.49,4,1,0,0
6404,4,110.2,6,14,0,0
6405,29,97.62,8,50,1,0
6406,15,49.72,3,70,1,0
6407,30,52.48,8,11,1,0
6408,54,73.72,3,60,1,0
6409,9,170.12,2,40,0,0
6410,10,61.14,7,8,2,0
6411,5,38.03,4,22,0,0
6412,49,41.56,6,15,0,1
6413,39,70.57,4,51,0,0
6414,31,60.77,3,10,0,0
6415,44,75.54,1,7,1,0
6416,59,31.51,3,60,1,0
6417,49,93.02,4,1,1,0
6418,51,53.22,4,6,1,0
6419,44,58.98,5,1,0,0
6420,23,45.25,5,13,1,0
6421,37,45.24,5,28,0,0
6422,27,35.47,4,29,0,0
6423,47,78.19,4,80,0,0
6424,20,51.64,1,2,0,0
6425,45,32.13,5,29,0,0
6426,1,43.08,4,24,0,0
6427,24,24.8,2,11,0,0
6428,3,27.45,3,11,0,0
6429,38,52.08,2,22,0,0
6430,49,62.92,3,33,0,0
6431,33,144.21,2,5,1,0
6432,28,38.63,6,10,0,0
6433,15,87.48,7,5,1,0
6434,28,63.18,3,51,1,0
6435,40,60.82,6,19,1,0
6436,50,42.47,4,20,1,0
6437,8,52.06,4,56,2,1
6438,12,64.91,5,2,0,0
6439,4,43.42,4,32,2,0
6440,19,103.71,5,16,0,0
6441,56,35.68,7,1,0,0
6442,52,60.99,3,15,1,0
6443,17,55.52,4,30,0,0
6444,44,73.56,4,2,0,0
6445,36,67.34,10,30,0,0
6446,30,48.63,2,19,0,0
6447,18,43.63,2,12,1,0
6448,21,45.65,4,17,1,0
6449,58,37.63,3,39,0,0
6450,16,37.9,2,7,0,0
6451,15,49.04,3,14,2,0
6452,15,53.57,11,13,1,0
6453,26,73.05,4,10,0,0
6454,15,71.23,3,3,0,0
6455,13,46.26,6,16,0,0
6456,12,93.62,4,1,0,0
6457,53,84.9,5,35,1,0
6458,14,35.08,6,4,0,0
6459,4,33.09,5,0,0,0
6460,22,51.89,3,31,0,0
6461,50,33.8,5,2,0,0
6462,21,46.45,4,1,1,0
6463,58,49.96,4,9,0,0
6464,2,62.47,8,4,1,0
6465,38,43.64,5,33,0,0
6466,17,43.34,5,36,2,0
6467,46,62.65,4,2,1,0
6468,4,66.45,4,7,1,0
6469,18,44.29,2,81,1,0
6470,47,54.58,5,3,1,0
6471,24,42.39,6,38,1,0
6472,13,58.2,7,1,0,0
6473,2,44.05,4,5,0,0
6474,17,44.83,2,31,0,0
6475,44,40.44,5,22,1,0
6476,49,47.3,4,6,2,0
6477,30,35.6,2,1,0,0
6478,37,32.45,4,34,0,0
6479,46,82.04,7,63,0,1
6480,16,67.1,5,40,1,1
6481,57,53.28,6,7,1,0
6482,6,29.39,5,1,0,0
6483,20,45.54,3,19,1,1
6484,38,95.23,4,27,1,0
6485,1,47.12,6,2,0,0
6486,43,21.62,5,10,0,0
6487,10,57.74,3,49,0,0
6488,21,65.98,5,22,0,0
6489,8,56.62,6,48,2,1
6490,48,59.73,3,1,0,0
6491,10,76.11,6,12,0,0
6492,43,67.21,3,55,0,0
6493,5,39.71,2,40,1,0
6494,28,19.24,5,41,1,0
6495,1,70.27,3,21,0,0
6496,3,34.99,6,19,0,0
6497,52,27.25,3,10,0,0
6498,14,77.58,4,1,1,0
6499,28,53.17,3,3,0,0
6500,20,58.18,6,6,1,0
6501,43,67.0,4,17,0,0
6502,34,36.01,8,2,1,0
6503,23,37.86,8,0,2,0
6504,4,127.03,3,31,0,0
6505,58,73.83,5,14,0,0
6506,36,54.97,6,30,2,0
6507,6,37.61,6,19,0,0
6508,5,34.34,3,23,1,0
6509,9,108.99,3,21,0,0
6510,35,65.66,7,34,0,1
6511,35,45.72,6,34,1,0
6512,11,142.99,5,1,0,0
6513,15,58.27,6,15,0,0
6514,55,43.18,6,35,1,0
6515,20,30.98,5,7,2,0
6516,36,49.06,6,14,1,0
6517,37,48.82,5,21,0,0
6518,13,29.93,5,2,0,0
6519,53,114.59,3,44,0,0
6520,42,56.5,8,3,0,0
6521,4,41.99,3,2,2,0
6522,13,97.72,4,1,0,0
6523,33,64.93,3,2,0,0
6524,25,42.57,7,5,0,0
6525,6,35.52,4,15,0,1
6526,43,63.18,4,18,0,0
6527,43,42.7,4,13,0,0
6528,45,74.33,4,18,0,0
6529,31,29.64,6,9,0,0
6530,56,41.97,3,70,0,0
6531,55,79.15,2,4,0,0
6532,8,28.52,7,19,0,0
6533,49,45.7,3,5,2,0
6534,49,77.55,7,85,1,0
6535,7,72.53,2,14,0,0
6536,15,66.89,1,13,0,0
6537,14,74.45,6,40,0,1
6538,46,108.45,1,25,2,0
6539,39,27.5,6,82,1,0
6540,27,32.01,3,4,1,0
6541,26,47.53,8,10,0,0
6542,36,55.19,10,8,1,0
6543,28,61.06,6,6,2,0
6544,15,38.98,6,10,0,0
6545,54,88.21,7,14,0,0
6546,34,65.79,10,9,0,0
6547,28,120.67,4,15,0,0
6548,44,83.54,6,4,0,0
6549,27,70.71,6,7,0,0
6550,42,35.94,5,32,1,0
6551,4,34.47,4,25,0,0
6552,23,47.41,11,7,1,0
6553,47,35.19,5,1,0,0
6554,39,23.76,2,3,0,0
6555,30,45.94,6,2,1,0
6556,42,148.74,7,18,0,0
6557,49,80.55,5,4,2,0
6558,11,32.07,5,7,0,0
6559,60,58.54,3,21,1,1
6560,39,51.84,7,1,0,0
6561,41,37.55,12,8,0,0
6562,15,59.67,5,35,0,0
6563,24,35.64,4,15,1,0
6564,25,35.03,3,20,1,1
6565,22,39.82,4,18,1,0
6566,31,25.88,10,22,0,0
6567,55,51.81,6,66,2,0
6568,12,52.05,6,90,0,1
6569,41,33.82,11,0,0,0
6570,39,70.28,4,4,0,0
6571,2,36.92,8,15,1,0
6572,19,44.79,7,2,2,0
6573,27,34.2,3,33,1,0
6574,10,60.71,4,25,0,1
6575,11,42.28,6,2,0,0
6576,13,69.01,6,11,1,0
6577,10,67.62,5,4,0,0
6578,14,58.21,5,3,1,1
6579,42,64.73,3,20,0,0
6580,13,83.78,5,1,0,0
6581,13,66.5,7,15,1,0
6582,12,50.82,4,27,1,0
6583,25,57.61,5,2,0,0
6584,46,62.98,6,0,1,0
6585,7,39.39,4,6,0,0
6586,27,40.61,7,9,0,0
6587,4,69.61,6,40,0,0
6588,28,71.57,6,9,0,0
6589,30,113.12,5,2,0,0
6590,31,53.23,2,2,0,0
6591,18,68.49,5,6,0,0
6592,34,52.21,7,10,0,0
6593,29,137.06,6,12,0,0
6594,6,109.9,2,11,1,0
6595,40,31.41,3,12,0,0
6596,39,78.53,3,10,0,0
6597,45,28.56,4,2,0,0
6598,2,151.84,8,19,1,0
6599,20,48.82,3,20,1,0
6600,54,46.3,3,18,0,0
6601,19,15.16,5,44,1,1
6602,50,47.92,2,29,0,0
6603,6,37.8,6,132,1,1
6604,25,42.21,2,2,1,0
6605,7,63.05,5,3,0,0
6606,40,71.15,5,14,0,0
6607,51,46.45,1,13,0,0
6608,53,54.13,6,10,1,0
6609,49,62.08,6,41,0,1
6610,7,48.35,13,35,1,0
6611,15,32.71,8,7,1,0
6612,58,103.56,8,42,1,0
6613,33,32.82,6,4,0,0
6614,51,66.1,5,18,0,0
6615,7,81.04,2,17,1,0
6616,58,102.93,6,6,0,0
6617,6,45.72,5,17,2,0
6618,60,49.32,5,27,0,0
6619,54,67.69,8,4,0,0
6620,23,58.33,1,7,1,0
6621,33,65.03,6,36,0,0
6622,57,86.41,4,10,0,0
6623,34,62.94,8,52,1,0
6624,10,38.21,6,13,1,0
6625,10,143.13,7,8,0,0
6626,54,51.76,5,7,1,1
6627,26,58.95,6,28,0,0
6628,47,42.33,4,12,0,0
6629,27,22.45,5,0,1,0
6630,41,24.91,5,13,0,0
6631,45,52.99,4,15,0,1
6632,36,28.09,3,70,2,1
6633,44,26.19,3,44,1,0
6634,2,58.75,4,13,1,0
6635,26,58.24,3,1,0,0
6636,38,47.53,3,4,2,0
6637,49,79.62,6,13,1,0
6638,55,43.0,6,25,1,0
6639,15,60.25,6,15,1,0
6640,38,73.57,9,14,1,0
6641,13,37.83,9,28,0,0
6642,11,44.68,3,16,0,0
6643,14,48.41,7,11,1,0
6644,42,51.58,7,8,0,0
6645,46,38.33,3,10,0,0
6646,12,159.76,1,18,0,0
6647,10,111.06,5,20,0,0
6648,22,61.34,7,15,0,0
6649,43,35.47,6,2,1,0
6650,28,136.92,5,35,0,0
6651,33,80.0,7,33,2,0
6652,14,83.54,1,9,1,0
6653,53,51.43,5,32,0,0
6654,20,68.81,8,33,1,0
6655,31,82.09,4,4,1,0
6656,44,28.65,8,14,0,0
6657,23,57.5,9,40,0,0
6658,13,57.42,5,22,0,0
6659,17,71.19,8,7,0,0
6660,34,74.33,4,3,0,0
6661,35,49.65,2,2,1,0
6662,33,34.29,3,19,0,0
6663,6,20.03,6,16,0,0
6664,57,60.01,7,52,0,1
6665,11,55.67,7,51,0,0
6666,26,37.87,4,19,0,0
6667,46,44.08,5,4,1,0
6668,9,116.98,6,53,0,0
6669,58,34.12,5,44,0,1
6670,31,24.86,5,16,1,0
6671,23,59.95,10,12,1,0
6672,51,40.19,9,17,2,0
6673,50,79.05,5,3,1,0
6674,60,54.4,5,86,1,1
6675,32,22.03,6,41,0,0
6676,28,49.41,3,8,0,0
6677,42,44.11,6,2,0,0
6678,36,77.19,9,24,0,0
6679,31,57.84,7,30,1,0
6680,59,63.42,4,3,1,0
6681,56,128.09,5,4,0,0
6682,39,91.79,2,27,1,0
6683,16,37.32,6,6,0,0
6684,38,37.28,4,9,0,0
6685,28,37.96,9,23,1,0
6686,36,42.65,7,5,0,0
6687,60,30.86,4,7,0,0
6688,49,50.93,5,31,1,0
6689,29,39.53,3,12,0,0
6690,54,53.5,5,62,0,0
6691,53,66.83,8,21,1,0
6692,21,57.58,3,2,1,0
6693,18,33.31,3,46,1,0
6694,1,49.26,2,1,1,0
6695,56,57.02,5,12,0,0
6696,45,46.25,5,17,0,0
6697,52,45.75,2,13,2,0
6698,7,35.44,5,2,0,0
6699,56,66.27,2,33,0,0
6700,24,61.6,5,18,0,0
6701,40,42.97,13,4,0,0
6702,53,83.52,2,1,2,0
6703,58,22.67,6,3,1,0
6704,29,27.45,3,4,1,0
6705,20,133.22,5,10,1,0
6706,2,74.67,4,16,1,0
6707,38,46.5,2,3,0,0
6708,14,58.58,6,26,0,0
6709,43,39.42,2,36,0,0
6710,53,97.88,5,27,0,0
6711,47,81.15,2,2,0,0
6712,49,38.07,4,37,0,0
6713,40,55.52,6,17,2,0
6714,56,56.57,2,48,0,0
6715,54,63.47,4,2,0,0
6716,10,34.62,4,11,0,0
6717,36,50.64,3,58,0,0
6718,50,38.34,7,50,0,0
6719,15,89.12,8,27,2,0
6720,1,73.79,5,10,0,0
6721,17,31.07,4,17,0,0
6722,22,34.21,5,10,0,0
6723,13,36.76,4,16,0,0
6724,17,54.61,3,9,1,0
6725,2,77.79,7,3,1,0
6726,45,72.07,5,1,0,0
6727,34,89.32,5,33,0,0
6728,52,73.76,7,39,0,1
6729,37,49.88,5,22,2,1
6730,52,74.6,5,17,0,0
6731,21,24.7,5,21,0,0
6732,50,40.43,6,30,0,0
6733,42,22.69,7,0,0,0
6734,58,37.82,8,36,0,1
6735,2,29.72,4,1,0,0
6736,51,57.77,4,1,1,0
6737,14,30.34,4,9,1,0
6738,46,55.77,8,4,1,0
6739,39,53.3,2,9,0,0
6740,32,63.43,6,1,0,0
6741,24,55.07,9,4,0,0
6742,12,53.53,6,9,0,0
6743,28,29.88,7,11,1,0
6744,4,206.93,3,34,0,0
6745,20,47.74,4,30,1,0
6746,31,86.45,5,6,0,0
6747,7,68.41,9,12,1,0
6748,51,49.99,9,0,1,0
6749,44,40.64,5,24,1,0
6750,1,52.57,1,3,1,1
6751,37,62.08,4,15,0,0
6752,58,26.7,4,21,0,0
6753,37,68.79,5,14,1,0
6754,12,40.47,6,24,0,0
6755,10,97.15,9,6,0,0
6756,20,91.17,3,25,0,0
6757,37,43.5,2,3,0,0
6758,42,31.93,3,60,1,0
6759,37,28.66,5,17,0,0
6760,19,59.38,3,20,1,0
6761,40,53.8,5,44,0,0
6762,51,114.16,9,15,1,0
6763,21,38.82,4,28,0,0
6764,42,37.34,6,4,0,0
6765,14,36.08,6,7,0,0
6766,48,65.68,4,7,0,0
6767,7,36.12,2,2,0,0
6768,43,65.05,8,4,0,0
6769,34,49.69,4,10,0,0
6770,16,34.98,7,37,0,0
6771,43,78.77,9,77,0,0
6772,11,85.99,3,7,0,0
6773,8,51.82,4,72,0,1
6774,16,77.68,3,19,1,0
6775,19,87.94,2,4,1,0
6776,55,89.46,5,9,0,0
6777,43,47.84,4,35,0,0
6778,46,90.91,4,7,0,0
6779,9,55.86,4,61,0,0
6780,55,41.31,8,8,0,0
6781,7,77.49,4,14,1,0
6782,56,44.47,4,4,0,0
6783,11,60.16,6,35,0,0
6784,11,72.22,3,20,0,0
6785,32,53.31,1,23,0,0
6786,22,37.36,9,3,1,0
6787,12,60.99,9,19,1,1
6788,37,33.75,6,19,0,1
6789,55,33.48,6,17,0,0
6790,1,79.69,4,6,0,1
6791,27,38.13,6,13,0,0
6792,60,112.01,3,7,1,1
6793,6,50.15,4,5,0,0
6794,26,68.5,3,48,0,0
6795,55,29.53,5,2,1,0
6796,10,26.54,9,19,1,0
6797,57,129.36,9,15,0,0
6798,1,99.37,3,5,0,0
6799,7,107.79,2,12,1,0
6800,17,46.64,5,21,0,0
6801,24,62.76,4,24,0,0
6802,16,57.52,1,5,1,0
6803,43,57.44,4,5,0,0
6804,37,93.9,4,8,0,0
6805,11,86.49,8,21,1,0
6806,46,61.87,3,3,0,0
6807,37,37.64,4,12,1,0
6808,58,92.58,3,53,1,0
6809,46,31.23,7,59,1,0
6810,51,43.41,6,37,1,0
6811,40,43.47,5,0,0,0
6812,20,36.97,7,6,1,0
6813,17,73.2,7,18,2,0
6814,50,45.16,5,1,0,0
6815,12,46.45,5,19,1,0
6816,57,36.19,11,39,1,0
6817,60,58.32,5,10,1,0
6818,6,59.68,5,2,0,0
6819,28,49.15,4,21,0,0
6820,60,54.53,4,29,0,0
6821,44,64.45,7,9,0,0
6822,39,60.12,3,1,0,0
6823,56,67.32,4,30,0,0
6824,13,30.41,8,30,2,0
6825,48,41.39,4,7,1,0
6826,56,55.07,3,61,1,0
6827,11,37.37,5,5,1,0
6828,7,41.09,6,14,0,0
6829,55,24.74,6,42,1,0
6830,28,114.81,4,4,0,0
6831,52,57.86,6,17,1,0
6832,35,46.48,2,8,2,0
6833,50,87.08,4,56,1,0
6834,29,84.85,9,11,0,0
6835,15,53.66,1,31,1,0
6836,29,67.55,8,10,0,0
6837,3,44.7,4,5,1,0
6838,3,79.36,3,4,0,0
6839,43,50.34,5,12,1,0
6840,7,42.72,6,37,1,0
6841,39,53.99,3,7,1,0
6842,9,33.31,6,56,0,0
6843,4,60.48,5,25,1,0
6844,44,47.42,5,11,0,0
6845,3,53.37,4,49,0,0
6846,21,54.08,3,20,0,0
6847,18,59.75,4,63,1,1
6848,45,49.5,6,53,1,0
6849,38,51.75,6,6,0,0
6850,47,55.11,6,7,0,0
6851,34,64.98,4,6,1,0
6852,39,63.32,6,44,1,0
6853,39,65.57,7,4,0,0
6854,31,30.12,4,13,1,1
6855,39,35.25,7,7,0,1
6856,7,90.94,5,17,0,0
6857,14,51.3,5,21,0,0
6858,11,75.03,3,18,1,0
6859,60,50.45,6,8,0,0
6860,49,39.15,3,4,2,1
6861,55,23.22,4,36,2,0
6862,40,25.3,4,14,0,0
6863,33,129.63,5,5,1,0
6864,43,101.93,5,31,0,0
6865,2,82.68,3,19,0,0
6866,44,94.78,6,6,2,0
6867,20,53.46,3,0,1,0
6868,58,37.39,4,3,0,0
6869,4,64.01,4,2,0,0
6870,58,55.53,5,22,0,0
6871,41,40.85,6,8,0,0
6872,12,48.26,5,7,0,0
6873,28,37.51,4,37,0,0
6874,57,73.74,3,12,0,0
6875,2,103.73,7,2,0,0
6876,56,43.09,7,10,0,0
6877,20,68.66,5,3,1,0
6878,50,43.84,4,4,0,0
6879,1,104.04,6,13,0,0
6880,1,86.48,7,12,0,0
6881,34,47.95,5,32,1,0
6882,40,53.75,6,11,1,0
6883,25,49.38,4,12,1,0
6884,6,106.94,8,9,1,0
6885,48,45.6,6,40,0,0
6886,14,80.34,3,10,1,0
6887,58,91.92,2,82,0,0
6888,17,47.94,2,6,1,0
6889,37,82.98,5,2,0,0
6890,11,36.37,2,3,0,0
6891,21,76.23,3,17,0,0
6892,45,67.19,3,7,1,0
6893,52,44.61,3,7,0,0
6894,10,61.52,12,42,3,0
6895,20,35.34,3,6,0,0
6896,16,80.56,5,7,1,0
6897,33,35.2,3,7,0,0
6898,30,82.82,4,19,1,0
6899,57,104.13,2,15,1,0
6900,23,35.49,5,55,0,0
6901,58,85.86,4,14,0,0
6902,22,45.39,5,18,0,0
6903,31,60.51,6,124,1,1
6904,4,73.39,7,3,1,0
6905,5,26.34,7,11,0,0
6906,19,24.38,8,27,1,0
6907,15,36.43,4,14,0,0
6908,41,100.69,4,22,1,0
6909,26,44.13,8,56,0,0
6910,2,78.54,7,45,1,0
6911,31,53.59,7,24,0,0
6912,52,46.99,2,3,1,0
6913,59,91.19,5,14,0,0
6914,5,52.14,4,20,1,0
6915,59,57.36,3,5,0,0
6916,53,29.89,6,2,1,0
6917,44,76.14,3,10,0,0
6918,11,43.7,4,16,0,0
6919,32,52.86,2,18,2,0
6920,29,71.64,3,17,0,0
6921,37,45.26,6,23,1,0
6922,3,47.92,9,6,0,0
6923,54,43.83,4,19,0,0
6924,56,49.27,5,64,1,0
6925,10,58.38,8,26,0,0
6926,42,38.68,5,6,0,1
6927,1,99.1,4,8,0,0
6928,52,79.98,2,2,0,0
6929,2,52.15,7,18,1,0
6930,15,37.01,9,5,0,0
6931,25,47.2,3,20,2,0
6932,48,66.48,2,7,0,0
6933,25,120.44,4,41,2,0
6934,14,69.51,4,5,1,0
6935,18,31.71,4,22,0,0
6936,49,48.72,6,7,1,0
6937,26,40.24,2,64,0,0
6938,32,47.05,5,14,0,0
6939,47,46.42,5,5,0,0
6940,11,40.47,4,7,1,0
6941,17,75.26,4,3,2,0
6942,28,22.03,2,24,0,0
6943,41,69.97,4,23,1,0
6944,4,81.19,6,5,0,0
6945,38,34.7,3,4,0,0
6946,14,59.42,3,8,1,0
6947,59,54.07,8,23,0,0
6948,23,32.45,5,9,1,0
6949,36,92.51,3,7,1,0
6950,12,115.3,3,36,0,1
6951,28,74.45,8,7,1,0
6952,11,34.73,7,39,0,0
6953,5,79.32,7,16,0,0
6954,19,51.94,3,2,0,0
6955,53,41.1,9,16,2,0
6956,9,92.34,9,64,2,1
6957,22,49.79,7,20,1,0
6958,11,39.17,5,35,0,0
6959,48,55.4,2,7,2,0
6960,6,45.28,3,35,1,0
6961,41,31.66,7,11,0,0
6962,25,62.83,5,9,1,0
6963,30,72.39,3,11,0,0
6964,54,44.07,7,23,1,0
6965,18,64.82,3,10,0,0
6966,27,74.54,8,18,2,0
6967,13,33.23,6,4,1,0
6968,33,76.65,5,25,1,0
6969,25,39.13,4,2,0,0
6970,51,74.75,3,39,1,0
6971,47,53.8,2,10,0,0
6972,34,77.11,7,5,1,0
6973,16,25.94,9,35,1,0
6974,41,69.46,7,5,2,0
6975,13,76.95,3,40,1,1
6976,26,61.6,7,6,0,0
6977,12,157.12,6,0,0,0
6978,53,45.15,9,11,0,0
6979,20,66.2,7,4,1,0
6980,48,88.77,5,5,1,0
6981,9,101.85,6,18,0,0
6982,36,47.69,3,14,1,1
6983,58,68.36,8,8,0,0
6984,4,60.8,3,40,1,1
6985,43,30.41,5,32,0,0
6986,45,44.3,4,7,0,0
6987,44,42.75,3,0,2,0
6988,50,47.46,6,51,0,0
6989,29,101.23,3,35,0,0
6990,32,33.25,6,4,0,0
6991,18,53.66,3,45,0,0
6992,11,45.83,6,4,0,0
6993,52,80.6,5,45,2,0
6994,20,47.57,5,4,1,0
6995,34,52.65,2,18,0,0
6996,21,53.47,9,11,0,0
6997,18,37.98,6,22,0,0
6998,6,30.14,3,14,2,0
6999,2,70.41,3,46,0,0
7000,11,42.59,5,0,2,0
7001,41,60.58,4,2,0,0
7002,18,61.91,7,3,1,0
7003,44,102.55,8,35,0,0
7004,52,78.2,2,1,0,0
7005,50,53.6,5,27,1,1
7006,10,66.55,5,34,0,0
7007,32,35.76,3,8,0,0
7008,14,55.07,5,29,0,0
7009,9,38.58,6,7,0,0
7010,28,86.91,5,45,0,0
7011,15,43.42,4,21,0,0
7012,43,67.66,3,0,0,0
7013,27,47.98,5,30,1,0
7014,40,56.86,5,9,0,0
7015,35,96.27,5,30,0,0
7016,49,42.89,3,18,0,0
7017,22,64.35,5,16,1,0
7018,21,52.1,5,0,0,0
7019,19,58.7,5,2,0,0
7020,33,52.62,8,9,0,0
7021,26,61.49,5,3,1,0
7022,10,122.09,6,32,1,0
7023,47,32.82,3,23,2,0
7024,26,42.93,6,24,2,0
7025,41,49.91,2,8,1,0
7026,48,82.11,5,5,0,0
7027,47,54.54,7,0,0,0
7028,19,40.18,3,3,1,0
7029,26,127.59,6,1,2,0
7030,39,28.93,7,5,0,0
7031,49,39.93,4,4,0,0
7032,55,124.93,7,7,1,0
7033,22,29.91,1,7,0,0
7034,25,41.94,2,18,1,0
7035,55,104.5,6,5,1,0
7036,13,35.71,2,19,0,0
7037,50,26.76,5,19,0,0
7038,33,51.58,3,1,1,0
7039,59,45.37,5,10,0,0
7040,27,67.93,3,18,1,1
7041,53,52.31,4,8,0,0
7042,58,31.24,3,46,1,1
7043,31,53.89,7,14,0,0
7044,56,49.72,2,4,1,0
7045,48,53.87,2,20,0,0
7046,15,102.04,3,11,0,0
7047,11,49.2,5,16,0,0
7048,31,55.76,2,1,0,0
7049,44,56.61,6,39,0,1
7050,49,63.0,3,13,1,0
7051,47,98.93,1,31,1,0
7052,7,48.36,6,8,0,0
7053,26,53.02,6,9,0,0
7054,5,45.92,6,9,0,0
7055,21,59.44,5,26,0,0
7056,21,43.14,6,5,1,0
7057,11,23.94,2,27,1,0
7058,60,29.33,8,4,0,0
7059,34,48.6,4,1,1,0
7060,6,65.74,5,43,2,0
7061,57,78.81,6,13,0,0
7062,52,26.76,4,43,0,0
7063,10,123.96,2,2,2,0
7064,13,80.83,9,15,1,0
7065,50,47.14,6,20,0,0
7066,32,56.89,3,27,0,0
7067,25,24.0,4,4,0,0
7068,21,62.64,5,8,1,0
7069,25,46.7,9,27,0,0
7070,26,41.01,6,10,1,0
7071,52,46.46,5,16,1,0
7072,6,34.55,4,6,0,0
7073,45,35.71,6,6,1,0
7074,39,58.26,4,4,0,0
7075,46,45.24,7,11,0,0
7076,35,42.02,6,4,0,0
7077,17,49.54,5,13,1,0
7078,30,68.14,8,59,0,0
7079,26,49.42,2,17,0,0
7080,30,34.26,5,12,2,0
7081,49,36.16,10,4,2,0
7082,9,41.12,6,9,0,0
7083,36,24.69,9,36,1,0
7084,15,50.88,4,30,1,1
7085,40,25.44,5,28,1,0
7086,23,34.1,9,10,0,0
7087,37,52.77,9,57,0,0
7088,25,64.78,4,13,1,0
7089,19,31.77,1,16,0,0
7090,54,63.18,6,26,1,1
7091,40,22.69,5,29,0,1
7092,14,76.79,4,16,0,0
7093,13,40.72,3,18,0,0
7094,30,42.71,7,7,0,0
7095,46,35.36,3,5,0,0
7096,8,82.55,1,33,2,1
7097,12,51.52,6,22,1,0
7098,43,50.7,4,7,0,0
7099,8,23.09,4,28,1,0
7100,14,28.06,9,19,1,0
7101,19,19.01,9,1,0,0
7102,43,104.88,10,10,0,0
7103,14,49.28,3,13,0,0
7104,47,36.69,6,1,0,0
7105,9,36.85,6,17,1,0
7106,14,100.58,6,12,1,0
7107,53,165.41,6,18,1,0
7108,16,75.47,6,22,0,0
7109,29,57.47,6,24,2,0
7110,33,55.22,7,18,1,1
7111,47,59.24,6,1,3,0
7112,21,168.44,8,23,0,0
7113,45,54.38,5,24,1,0
7114,52,57.68,3,5,0,0
7115,9,53.14,4,12,0,0
7116,16,65.8,5,8,0,0
7117,22,45.22,5,10,0,0
7118,45,80.38,6,18,0,0
7119,56,43.03,3,6,0,0
7120,18,23.64,4,6,0,0
7121,53,33.58,4,12,0,0
7122,1,27.92,2,4,1,0
7123,36,49.34,7,25,1,0
7124,11,77.36,3,26,1,0
7125,56,46.04,9,80,0,1
7126,57,66.29,3,79,2,0
7127,17,41.31,4,8,1,0
7128,19,56.22,7,23,0,0
7129,3,58.67,4,0,0,0
7130,27,55.87,6,36,0,0
7131,12,53.98,4,5,0,0
7132,2,84.35,4,6,1,0
7133,13,29.64,4,12,0,0
7134,19,53.19,4,4,0,0
7135,47,50.84,12,16,0,0
7136,53,102.72,6,33,1,0
7137,50,39.99,4,22,1,0
7138,39,109.28,8,18,0,0
7139,48,62.41,4,4,0,0
7140,44,53.22,4,70,0,1
7141,26,88.42,3,8,1,0
7142,10,57.31,3,9,0,0
7143,14,50.71,4,31,0,0
7144,52,32.96,3,10,0,0
7145,18,35.27,4,0,0,0
7146,19,93.08,8,18,0,0
7147,30,96.24,4,22,0,0
7148,52,31.15,3,9,0,0
7149,40,88.86,8,1,1,0
7150,39,81.33,4,2,0,0
7151,25,61.61,3,3,1,0
7152,10,53.94,4,10,0,0
7153,24,30.94,9,43,3,0
7154,21,75.84,3,24,1,0
7155,36,53.04,5,9,0,0
7156,3,45.71,10,40,3,0
7157,9,25.46,3,11,0,0
7158,55,47.06,6,19,3,0
7159,36,58.41,4,69,0,0
7160,36,68.84,4,6,0,0
7161,44,81.64,4,15,0,0
7162,48,59.13,4,38,2,1
7163,4,48.23,4,6,0,0
7164,11,50.55,6,11,0,0
7165,52,33.42,3,125,0,1
7166,51,40.79,4,1,0,0
7167,34,38.2,6,3,0,0
7168,26,58.21,3,2,2,1
7169,19,89.91,8,6,1,0
7170,16,64.42,6,22,1,0
7171,56,30.19,2,48,1,0
7172,43,41.06,3,9,1,0
7173,60,37.09,5,58,0,0
7174,45,54.16,3,3,2,0
7175,42,96.26,8,19,0,0
7176,57,85.24,5,11,0,0
7177,16,45.82,6,19,1,0
7178,22,112.92,7,1,2,0
7179,4,49.1,3,8,0,0
7180,56,22.57,10,0,0,0
7181,23,44.23,4,20,0,0
7182,58,59.92,2,4,1,0
7183,17,32.78,5,45,0,0
7184,50,73.63,5,46,1,0
7185,4,27.91,3,6,0,0
7186,9,31.68,5,100,0,1
7187,45,50.77,4,10,2,0
7188,25,47.63,3,11,0,0
7189,46,105.79,5,8,1,0
7190,36,83.37,2,16,0,0
7191,49,30.16,5,7,1,0
7192,45,45.09,6,10,0,0
7193,9,35.71,4,26,1,0
7194,20,94.13,7,6,0,0
7195,22,119.0,8,8,1,0
7196,17,53.62,5,18,0,0
7197,16,66.04,4,43,0,0
7198,15,96.65,4,1,1,0
7199,10,137.5,1,6,2,0
7200,24,57.43,9,7,1,0
7201,12,75.07,8,3,0,0
7202,59,68.75,4,1,1,0
7203,53,101.74,6,15,0,0
7204,15,40.51,7,11,0,0
7205,17,84.12,6,4,0,0
7206,14,61.55,4,16,0,0
7207,46,39.68,3,11,1,0
7208,48,83.9,6,8,0,0
7209,30,58.11,8,17,0,0
7210,15,100.98,7,3,0,0
7211,31,45.95,1,6,0,0
7212,15,68.71,5,11,2,0
7213,57,28.65,1,5,0,0
7214,32,66.51,2,15,1,0
7215,36,42.52,3,38,1,0
7216,21,54.27,4,3,0,0
7217,39,81.39,2,14,0,0
7218,14,48.93,6,7,0,0
7219,56,27.05,3,4,2,0
7220,6,52.5,2,5,1,1
7221,32,44.59,6,3,0,0
7222,10,56.87,7,5,0,0
7223,22,82.14,9,4,1,0
7224,2,61.9,4,3,1,0
7225,14,41.33,5,13,0,0
7226,14,49.35,8,1,0,0
7227,56,28.15,3,26,0,0
7228,41,45.52,4,16,0,0
7229,24,143.95,10,36,0,0
7230,11,84.32,7,8,0,0
7231,37,44.36,6,36,2,0
7232,23,67.51,5,12,1,0
7233,4,75.39,5,24,1,0
7234,39,32.97,9,6,0,0
7235,19,38.16,1,8,0,0
7236,3,35.26,7,32,0,0
7237,52,52.51,4,42,2,0
7238,52,59.28,3,20,0,0
7239,37,55.73,6,43,0,1
7240,40,42.95,7,47,0,0
7241,31,31.58,4,64,0,0
7242,55,56.6,4,13,2,0
7243,32,30.94,7,35,1,0
7244,60,32.72,7,46,1,0
7245,35,32.97,6,29,2,0
7246,53,36.49,13,6,0,0
7247,19,33.38,7,27,1,0
7248,44,62.59,6,18,1,0
7249,44,46.22,6,25,0,0
7250,55,69.73,4,38,0,0
7251,28,53.54,5,4,1,0
7252,30,46.91,5,21,0,0
7253,27,92.6,10,35,0,0
7254,38,34.13,6,20,2,0
7255,45,48.27,7,9,2,0
7256,17,34.94,3,26,2,0
7257,23,61.22,4,28,1,0
7258,48,40.64,7,9,0,0
7259,43,93.15,2,13,0,1
7260,32,34.78,2,19,0,0
7261,25,54.54,5,4,0,0
7262,29,42.2,6,1,2,1
7263,11,61.38,4,5,0,0
7264,56,81.55,4,2,0,0
7265,41,70.96,6,21,2,0
7266,5,67.62,1,0,1,0
7267,60,32.08,4,80,0,0
7268,15,21.92,5,17,3,0
7269,10,38.33,3,12,1,0
7270,6,67.16,3,12,1,0
7271,34,44.3,4,2,0,0
7272,9,47.11,6,4,1,0
7273,14,95.87,7,10,0,0
7274,4,61.99,4,24,2,0
7275,21,37.5,6,1,2,0
7276,19,53.89,7,72,0,0
7277,1,50.63,6,54,1,0
7278,28,101.12,1,5,1,0
7279,54,32.13,3,20,0,0
7280,40,96.86,1,34,1,0
7281,22,71.43,6,7,0,0
7282,24,37.22,2,50,0,0
7283,56,51.08,2,13,2,0
7284,7,81.34,9,20,0,0
7285,32,38.92,7,20,2,0
7286,30,37.23,4,26,0,0
7287,36,71.32,5,16,2,0
7288,47,29.43,8,48,0,0
7289,1,69.84,5,2,0,0
7290,46,62.19,6,0,0,0
7291,41,35.7,3,16,0,0
7292,14,88.24,6,15,2,0
7293,51,65.46,6,14,1,0
7294,2,118.26,9,16,0,0
7295,21,40.75,6,63,2,1
7296,23,30.61,8,16,0,0
7297,3,37.05,7,16,1,0
7298,10,65.34,3,14,0,0
7299,47,75.31,6,17,0,0
7300,20,85.02,5,18,0,0
7301,6,88.15,6,18,0,0
7302,38,83.1,7,8,1,0
7303,23,41.67,4,12,0,0
7304,6,169.76,9,3,0,0
7305,24,61.05,7,3,0,0
7306,49,50.52,6,12,1,0
7307,4,99.11,8,26,0,0
7308,32,27.94,6,0,1,0
7309,57,150.7,6,8,1,0
7310,49,44.22,6,2,1,0
7311,11,73.51,3,12,1,0
7312,21,60.87,1,12,0,0
7313,43,85.38,4,5,0,0
7314,38,49.71,3,6,1,0
7315,14,59.74,8,32,1,0
7316,38,50.2,2,29,1,0
7317,2,54.3,6,5,0,0
7318,12,95.14,2,13,1,0
7319,12,72.28,5,1,0,0
7320,51,87.03,3,10,1,0
7321,30,64.06,4,5,1,0
7322,36,66.14,3,7,0,0
7323,46,40.21,3,8,2,0
7324,11,134.84,3,10,0,0
7325,46,41.35,2,12,0,0
7326,48,33.42,4,87,1,0
7327,51,60.29,4,12,0,0
7328,47,52.54,6,1,0,0
7329,3,83.27,4,8,0,1
7330,27,64.63,10,8,0,0
7331,17,87.26,3,6,0,0
7332,27,67.15,7,41,1,0
7333,3,50.59,6,2,0,0
7334,14,33.91,6,39,0,1
7335,60,38.21,7,5,1,0
7336,15,35.82,3,12,2,0
7337,18,43.38,5,34,4,0
7338,37,63.97,5,5,0,0
7339,46,18.65,6,30,2,0
7340,51,47.43,3,11,0,0
7341,13,92.31,3,55,1,0
7342,52,48.46,5,11,3,0
7343,28,196.3,5,3,2,0
7344,41,53.27,5,40,0,0
7345,25,50.55,2,55,1,0
7346,34,52.51,4,1,0,0
7347,33,36.72,4,10,0,0
7348,30,30.26,3,2,1,0
7349,35,81.7,5,25,0,0
7350,21,60.68,6,2,0,0
7351,13,65.71,3,19,1,0
7352,34,61.22,6,2,1,0
7353,9,27.27,5,39,1,0
7354,57,55.79,5,36,0,0
7355,13,130.01,6,12,2,0
7356,40,41.89,4,8,1,0
7357,15,65.67,4,12,1,0
7358,56,61.33,3,5,0,0
7359,59,33.44,5,8,0,0
7360,20,94.65,4,47,0,0
7361,15,37.45,3,18,0,0
7362,12,46.26,8,2,0,0
7363,50,70.54,6,27,1,0
7364,41,58.49,4,0,0,0
7365,8,53.28,8,8,2,0
7366,32,107.92,6,39,0,0
7367,41,113.86,7,0,0,0
7368,29,40.09,7,28,0,0
7369,10,46.69,3,14,1,1
7370,49,70.21,4,2,0,0
7371,45,60.13,8,5,0,0
7372,52,39.28,5,11,0,0
7373,16,83.81,3,43,1,1
7374,58,72.02,4,49,0,0
7375,28,41.52,5,4,0,0
7376,5,62.43,7,12,0,0
7377,14,41.54,2,23,1,0
7378,17,42.97,8,8,0,0
7379,39,117.93,8,9,1,0
7380,53,30.05,6,12,0,1
7381,55,51.05,9,8,2,0
7382,7,99.51,4,28,1,0
7383,37,75.53,6,38,3,0
7384,25,67.66,7,33,1,0
7385,10,37.29,2,9,0,0
7386,53,36.33,7,11,3,0
7387,24,47.48,4,6,0,0
7388,54,87.25,6,5,1,0
7389,38,60.5,6,4,0,0
7390,36,28.61,4,22,0,0
7391,12,41.71,2,22,0,0
7392,6,42.88,3,23,1,0
7393,12,48.1,4,14,1,0
7394,12,25.53,5,5,0,0
7395,46,45.72,6,16,0,0
7396,16,48.5,7,10,1,0
7397,16,61.27,5,5,0,0
7398,45,33.57,5,59,0,0
7399,27,74.93,3,5,0,0
7400,19,60.89,6,0,3,0
7401,55,82.73,5,1,0,0
7402,46,62.78,6,15,1,0
7403,32,54.68,7,15,1,0
7404,8,34.21,3,28,0,0
7405,10,30.93,6,1,0,0
7406,20,47.82,3,18,3,0
7407,2,85.7,7,20,0,0
7408,55,48.42,4,16,0,0
7409,48,109.87,3,44,1,1
7410,17,38.14,3,59,1,0
7411,2,38.6,5,2,2,0
7412,5,63.38,6,55,0,0
7413,40,51.33,6,31,2,0
7414,17,49.83,7,19,1,0
7415,28,43.01,10,3,0,0
7416,35,45.13,9,6,0,0
7417,52,47.03,5,8,1,0
7418,60,101.28,2,13,1,0
7419,12,95.82,4,4,2,0
7420,39,73.4,5,39,1,0
7421,55,98.4,7,18,0,0
7422,22,33.68,4,14,0,0
7423,11,119.06,4,11,0,0
7424,9,88.81,4,20,0,0
7425,17,33.27,8,12,0,0
7426,35,106.83,5,16,0,0
7427,40,86.11,4,29,0,1
7428,40,74.62,5,28,1,0
7429,34,27.75,7,2,0,0
7430,42,58.47,5,45,0,0
7431,28,60.8,2,29,1,0
7432,33,55.89,5,26,0,0
7433,45,85.53,6,2,0,0
7434,55,55.32,3,93,0,1
7435,12,40.83,7,15,2,0
7436,48,63.19,4,47,0,0
7437,25,50.36,4,1,2,0
7438,25,56.99,4,5,1,0
7439,56,32.95,3,18,0,1
7440,59,37.0,6,20,0,0
7441,42,30.59,4,19,0,0
7442,57,34.65,4,21,0,1
7443,20,97.68,7,1,0,0
7444,44,62.43,2,3,0,0
7445,59,35.29,6,6,0,0
7446,49,72.24,6,70,0,1
7447,1,89.5,1,21,1,0
7448,22,42.9,5,33,1,0
7449,5,44.46,4,20,0,1
7450,13,43.61,5,7,2,0
7451,30,56.9,4,0,1,0
7452,57,35.76,6,26,2,1
7453,3,70.56,6,27,2,0
7454,3,53.4,3,20,1,0
7455,41,65.35,5,76,0,0
7456,26,67.98,2,10,0,0
7457,40,59.09,6,9,0,0
7458,52,62.43,7,13,0,0
7459,4,38.56,5,4,0,0
7460,6,58.27,5,20,1,0
7461,23,80.67,6,30,0,0
7462,16,39.99,6,5,0,0
7463,28,29.94,8,7,0,0
7464,7,63.46,3,9,0,0
7465,12,110.72,8,4,0,0
7466,4,54.08,4,49,0,0
7467,12,64.5,3,11,0,0
7468,16,104.05,3,11,0,0
7469,45,51.24,5,8,2,0
7470,5,26.5,8,20,0,0
7471,10,58.76,5,26,0,0
7472,9,66.81,6,29,2,0
7473,54,56.48,7,5,0,0
7474,34,37.1,4,34,1,1
7475,58,55.55,5,0,0,0
7476,4,39.48,6,4,1,0
7477,36,52.29,8,19,0,0
7478,19,55.57,1,48,0,0
7479,7,38.03,4,48,0,0
7480,25,72.93,7,29,0,0
7481,58,50.67,5,5,1,0
7482,44,40.48,7,9,1,0
7483,37,63.47,7,10,2,0
7484,15,40.3,3,3,0,0
7485,15,81.18,8,9,1,0
7486,55,34.93,6,14,1,0
7487,47,79.13,5,30,0,0
7488,44,39.69,6,21,2,1
7489,42,29.32,5,2,1,0
7490,40,37.2,5,0,1,0
7491,49,56.56,5,1,1,0
7492,14,30.51,3,3,0,0
7493,53,52.45,7,29,0,0
7494,3,52.06,5,5,0,0
7495,56,36.51,5,47,1,0
7496,58,56.86,7,13,0,0
7497,28,58.99,2,10,0,0
7498,14,63.56,7,42,0,0
7499,55,39.59,4,28,0,0
7500,1,118.8,2,6,0,0
7501,13,50.52,7,16,0,0
7502,11,29.66,4,7,1,0
7503,18,80.36,6,17,0,0
7504,32,65.38,3,15,1,0
7505,26,39.35,2,33,0,0
7506,55,44.95,5,5,0,0
7507,6,51.1,4,46,0,0
7508,23,36.39,5,57,0,0
7509,46,62.28,3,20,0,0
7510,24,65.76,4,14,1,0
7511,22,78.66,3,15,0,0
7512,31,28.35,3,10,2,0
7513,26,51.98,4,30,0,0
7514,21,46.3,5,76,0,0
7515,38,41.49,8,10,0,0
7516,50,76.54,6,5,0,0
7517,54,69.28,5,2,0,0
7518,5,55.19,2,9,0,0
7519,59,53.53,2,1,0,0
7520,24,37.89,3,8,2,0
7521,51,42.53,6,16,1,0
7522,44,112.64,3,4,0,0
7523,35,69.1,7,11,0,0
7524,53,59.12,5,40,0,0
7525,16,68.3,5,21,0,0
7526,2,49.21,5,2,1,0
7527,56,53.07,3,9,1,0
7528,46,54.2,7,29,0,0
7529,22,57.28,7,19,0,0
7530,27,122.69,4,6,0,0
7531,12,25.34,4,36,0,0
7532,8,64.87,5,2,0,0
7533,39,40.16,2,47,2,0
7534,40,56.47,10,10,0,0
7535,23,57.29,4,7,1,0
7536,8,33.14,4,8,1,0
7537,51,40.14,5,2,0,0
7538,44,62.99,5,39,0,1
7539,59,59.54,5,6,0,0
7540,49,40.83,6,18,1,0
7541,49,57.77,5,53,0,0
7542,33,59.76,3,2,0,0
7543,17,75.12,3,12,1,0
7544,42,58.0,6,57,0,0
7545,46,43.81,5,19,0,0
7546,30,76.16,3,16,2,0
7547,5,16.2,5,0,0,0
7548,14,67.91,9,6,1,0
7549,16,49.67,4,18,0,0
7550,18,27.67,4,37,1,0
7551,55,34.97,1,12,1,0
7552,42,37.98,2,25,0,0
7553,54,61.03,1,33,0,0
7554,6,56.47,6,5,0,0
7555,41,47.61,3,91,2,1
7556,21,59.16,7,6,1,0
7557,58,78.45,7,50,0,0
7558,29,80.55,6,44,0,0
7559,16,58.73,7,4,1,0
7560,45,72.12,3,19,1,0
7561,34,90.35,5,8,1,0
7562,41,29.95,4,30,0,0
7563,57,52.6,5,8,0,0
7564,37,80.36,4,13,0,0
7565,3,105.53,6,37,1,0
7566,2,44.48,7,83,1,1
7567,14,26.39,4,14,0,0
7568,45,50.95,5,41,1,0
7569,45,40.45,3,2,0,0
7570,60,37.91,4,7,0,0
7571,44,45.88,8,24,1,0
7572,34,33.82,5,12,1,0
7573,46,40.67,3,65,1,0
7574,52,67.56,4,30,1,0
7575,8,26.43,5,3,1,0
7576,39,39.0,9,1,1,0
7577,22,74.74,6,23,1,0
7578,9,46.83,5,10,0,0
7579,22,68.21,2,33,0,0
7580,18,34.63,4,15,0,0
7581,30,50.14,4,5,1,0
7582,17,40.14,4,51,0,0
7583,10,59.84,4,11,1,0
7584,34,45.94,4,28,0,0
7585,48,37.78,7,10,0,0
7586,3,51.64,6,4,2,0
7587,23,63.25,5,5,1,0
7588,54,81.08,7,2,0,0
7589,48,82.42,6,30,0,0
7590,16,100.88,6,37,0,0
7591,34,25.92,2,8,0,0
7592,57,83.38,2,8,0,0
7593,35,57.12,3,12,0,0
7594,3,60.33,13,20,0,0
7595,35,55.01,9,29,1,0
7596,48,50.61,4,0,0,0
7597,29,94.97,7,12,0,0
7598,20,84.48,6,21,0,0
7599,57,120.25,2,26,0,0
7600,50,73.17,4,4,1,0
7601,44,40.32,4,19,0,0
7602,22,75.67,3,5,1,0
7603,26,50.07,4,18,1,0
7604,2,68.63,4,4,1,0
7605,55,80.58,3,35,1,0
7606,8,55.41,6,1,0,0
7607,15,36.11,4,7,0,0
7608,39,78.88,4,11,1,0
7609,34,59.42,3,16,0,0
7610,36,33.01,3,5,0,0
7611,13,126.17,3,19,0,0
7612,35,66.34,10,15,0,0
7613,43,58.96,5,2,0,1
7614,21,40.94,6,7,1,0
7615,24,55.76,5,11,0,0
7616,40,66.49,6,35,1,0
7617,48,63.15,2,6,0,0
7618,43,77.67,3,12,1,0
7619,21,57.52,3,10,0,0
7620,13,11.85,2,15,0,0
7621,18,48.19,8,2,1,0
7622,4,47.82,5,49,0,1
7623,48,32.43,2,42,1,1
7624,3,40.59,7,76,0,1
7625,48,36.57,3,99,0,1
7626,27,37.9,6,27,0,0
7627,7,58.16,4,12,0,0
7628,33,38.69,7,25,0,0
7629,1,93.77,6,11,0,0
7630,26,53.47,10,7,0,0
7631,1,39.37,4,8,0,0
7632,30,102.74,12,18,2,0
7633,47,47.34,3,6,0,0
7634,12,70.14,4,4,2,0
7635,48,52.68,5,8,1,0
7636,7,68.86,4,33,0,0
7637,28,45.77,11,22,0,0
7638,29,78.01,4,44,0,0
7639,60,49.77,6,23,2,0
7640,4,79.72,2,5,1,0
7641,55,65.44,8,6,0,0
7642,19,45.17,6,4,2,0
7643,23,26.4,1,12,0,0
7644,29,29.3,6,5,0,0
7645,50,66.87,6,3,0,0
7646,6,56.94,7,47,0,0
7647,50,90.49,3,3,2,0
7648,27,43.78,4,3,0,0
7649,35,92.87,4,14,0,0
7650,29,51.09,7,43,0,0
7651,52,74.15,4,26,0,0
7652,1,36.93,6,8,1,0
7653,47,111.22,3,27,1,0
7654,53,49.57,3,1,0,0
7655,9,76.52,6,21,0,0
7656,42,82.97,3,21,2,0
7657,28,57.17,5,2,0,0
7658,21,95.01,7,9,0,0
7659,35,52.1,4,69,0,0
7660,38,62.67,5,16,0,0
7661,42,77.45,5,24,1,0
7662,19,36.45,5,5,0,0
7663,46,64.88,4,3,0,0
7664,30,38.41,2,37,1,0
7665,16,48.32,3,3,2,0
7666,14,20.32,5,51,2,0
7667,3,24.29,4,10,0,0
7668,14,65.65,3,22,0,0
7669,53,25.75,3,6,1,0
7670,34,73.11,6,11,0,0
7671,59,82.5,8,50,0,0
7672,49,31.57,7,53,1,0
7673,4,62.92,4,55,0,0
7674,50,61.2,5,6,1,0
7675,29,77.87,8,4,1,0
7676,16,102.7,7,4,0,0
7677,36,87.05,6,1,1,0
7678,55,70.08,4,9,2,0
7679,3,59.43,6,10,0,0
7680,38,62.17,7,3,0,0
7681,10,55.17,5,8,0,0
7682,32,82.08,3,19,2,1
7683,55,33.37,7,28,0,0
7684,9,136.99,7,29,0,1
7685,14,38.08,9,14,1,0
7686,5,62.19,2,24,1,0
7687,44,61.95,2,75,0,0
7688,10,99.77,1,21,3,0
7689,49,35.46,6,21,0,0
7690,24,55.02,2,30,0,0
7691,12,81.69,6,19,1,0
7692,28,74.04,4,29,0,0
7693,13,54.33,7,13,0,0
7694,59,54.93,4,41,2,1
7695,45,29.52,5,10,0,0
7696,43,83.33,2,0,0,0
7697,6,62.83,5,0,2,0
7698,15,36.93,6,11,1,0
7699,51,31.53,3,35,2,1
7700,6,63.73,5,9,1,0
7701,9,73.48,3,29,0,1
7702,6,36.97,7,2,0,0
7703,29,40.95,4,12,2,1
7704,24,40.0,5,53,0,0
7705,20,43.8,6,1,0,0
7706,32,72.93,5,6,0,0
7707,19,74.16,6,20,0,0
7708,8,47.0,5,94,0,0
7709,19,53.48,3,2,1,0
7710,50,36.79,9,10,0,0
7711,34,63.01,4,15,0,0
7712,1,56.53,3,2,0,0
7713,28,40.49,5,1,1,0
7714,31,98.42,4,11,2,0
7715,28,82.84,2,17,0,0
7716,4,42.72,5,60,1,1
7717,50,66.98,3,0,2,0
7718,32,110.35,2,10,0,0
7719,5,80.63,4,11,0,0
7720,10,59.17,3,20,0,0
7721,59,63.67,2,7,0,0
7722,5,61.5,7,12,0,0
7723,23,73.22,9,41,0,1
7724,54,69.79,2,20,0,1
7725,39,30.56,4,55,0,0
7726,1,103.19,7,51,0,0
7727,25,40.58,3,4,0,0
7728,23,35.41,3,5,1,1
7729,26,67.52,5,1,1,0
7730,44,39.1,5,39,0,0
7731,35,54.58,3,13,1,0
7732,5,44.74,9,60,0,0
7733,43,92.92,6,1,0,0
7734,59,35.62,7,19,0,0
7735,50,64.49,7,53,0,0
7736,50,49.62,5,19,0,0
7737,6,41.84,4,13,1,0
7738,41,123.86,4,8,1,0
7739,7,42.08,3,16,1,0
7740,42,28.67,8,1,2,0
7741,44,59.46,5,1,0,0
7742,2,40.52,9,23,1,0
7743,27,69.83,6,9,2,0
7744,51,47.86,6,10,1,1
7745,38,57.93,8,7,0,0
7746,48,35.19,5,10,0,0
7747,5,41.63,1,16,0,0
7748,30,52.69,4,57,0,0
7749,57,53.82,8,4,1,0
7750,55,50.15,7,51,0,1
7751,28,25.37,2,32,0,0
7752,23,57.27,3,30,0,0
7753,3,54.96,3,12,0,0
7754,56,55.04,2,42,0,0
7755,43,70.58,5,24,0,1
7756,1,61.01,3,55,0,1
7757,6,50.83,5,2,0,0
7758,19,88.13,5,7,1,0
7759,2,45.33,4,18,1,0
7760,38,37.96,5,34,1,0
7761,56,54.31,4,22,0,0
7762,33,75.68,3,18,0,0
7763,31,89.67,5,27,0,0
7764,4,43.04,4,13,0,0
7765,47,54.19,5,26,0,0
7766,12,68.44,3,15,1,0
7767,49,60.15,7,14,1,0
7768,19,44.67,3,19,0,0
7769,5,50.15,2,32,1,0
7770,20,39.48,11,7,0,0
7771,17,38.92,6,4,1,0
7772,19,49.82,9,7,0,0
7773,19,65.63,4,22,0,0
7774,58,63.35,3,2,0,0
7775,8,39.76,3,5,3,1
7776,15,37.14,3,26,1,0
7777,14,41.51,6,3,1,0
7778,53,22.97,5,84,0,0
7779,49,78.0,1,4,0,0
7780,46,41.43,5,29,0,0
7781,17,95.22,4,43,1,0
7782,15,70.25,8,7,0,0
7783,22,87.25,5,5,0,0
7784,7,100.27,9,14,1,0
7785,33,32.96,1,11,0,0
7786,21,24.04,7,14,1,0
7787,42,61.03,6,5,0,0
7788,34,47.09,5,11,2,0
7789,11,48.74,7,8,0,0
7790,34,56.43,4,19,0,0
7791,7,35.65,5,5,1,0
7792,49,35.23,6,2,0,0
7793,20,36.82,2,16,0,1
7794,12,60.78,5,4,0,0
7795,20,66.82,4,0,1,0
7796,22,36.23,5,1,3,0
7797,24,55.66,8,15,1,0
7798,58,54.05,4,15,0,0
7799,36,45.88,2,46,1,1
7800,4,60.74,2,1,0,0
7801,43,41.1,6,27,1,0
7802,18,82.43,6,6,0,0
7803,46,51.82,8,29,0,0
7804,2,109.92,5,13,0,0
7805,7,52.75,5,5,1,0
7806,23,48.57,4,27,1,1
7807,7,51.97,4,23,1,0
7808,32,44.98,8,3,0,0
7809,48,36.7,4,0,0,0
7810,29,24.25,10,27,0,0
7811,3,32.74,4,7,2,0
7812,13,72.13,5,35,0,0
7813,52,102.03,8,13,0,0
7814,29,73.79,3,35,2,0
7815,51,53.39,4,74,0,0
7816,41,35.57,5,6,1,0
7817,59,47.66,6,8,1,0
7818,13,92.28,3,25,0,0
7819,24,40.66,7,43,0,0
7820,19,41.79,5,19,1,0
7821,34,106.51,4,4,0,0
7822,26,29.78,5,19,0,0
7823,1,55.8,1,6,1,0
7824,25,103.93,6,17,1,0
7825,39,35.34,2,28,1,0
7826,50,46.44,7,1,1,0
7827,56,52.32,7,0,0,0
7828,17,63.91,4,22,0,0
7829,9,59.03,3,14,1,0
7830,29,59.32,7,13,0,0
7831,28,49.25,4,15,1,0
7832,28,77.05,6,23,0,0
7833,19,112.66,5,46,0,0
7834,4,75.37,9,0,0,0
7835,4,33.81,6,10,0,0
7836,47,61.36,3,29,2,0
7837,1,106.52,7,36,0,0
7838,9,39.28,7,63,0,0
7839,8,53.74,7,3,2,0
7840,27,19.6,5,27,0,0
7841,23,55.01,6,9,3,0
7842,51,55.91,4,13,0,0
7843,41,43.76,7,3,0,0
7844,19,45.15,6,3,0,0
7845,27,50.96,4,37,1,0
7846,4,67.71,8,5,0,0
7847,7,34.74,4,46,0,0
7848,47,56.37,2,14,1,0
7849,44,86.71,4,1,0,0
7850,40,38.21,8,1,0,0
7851,59,66.26,8,62,0,1
7852,18,51.8,5,15,0,0
7853,44,67.54,8,0,0,0
7854,23,32.86,4,20,0,0
7855,52,46.29,1,25,1,0
7856,42,61.32,11,5,1,0
7857,24,27.15,5,8,0,0
7858,53,49.59,6,6,0,0
7859,51,115.79,7,4,0,0
7860,58,25.46,4,3,1,0
7861,49,33.99,7,17,1,0
7862,9,51.73,5,15,0,0
7863,19,43.7,6,17,0,0
7864,44,162.23,4,14,1,0
7865,30,87.63,4,104,0,0
7866,17,30.95,5,13,0,0
7867,37,29.23,8,38,0,0
7868,54,50.65,5,18,1,1
7869,46,55.7,2,29,0,0
7870,52,95.36,3,36,1,0
7871,59,32.15,9,55,3,0
7872,40,73.21,8,2,1,0
7873,36,63.66,4,49,0,0
7874,56,66.12,2,12,0,0
7875,5,31.67,9,28,1,1
7876,36,57.74,6,4,1,0
7877,42,35.81,5,30,1,1
7878,53,174.06,2,4,0,0
7879,10,52.69,6,5,0,0
7880,24,61.05,3,14,0,0
7881,58,43.97,7,23,1,0
7882,4,47.38,3,2,0,0
7883,58,51.81,8,3,1,0
7884,50,62.7,3,41,2,0
7885,52,76.36,8,13,1,0
7886,42,89.39,5,3,0,0
7887,5,53.7,4,39,1,0
7888,30,46.26,6,28,0,0
7889,60,57.2,2,68,0,0
7890,57,68.55,4,28,0,0
7891,23,43.04,4,59,1,0
7892,44,29.58,3,5,0,0
7893,44,42.63,6,2,0,0
7894,53,94.21,6,14,1,0
7895,26,52.81,6,39,0,0
7896,24,52.28,9,64,0,0
7897,31,41.59,5,15,0,0
7898,17,64.66,1,2,1,0
7899,13,34.45,4,26,1,0
7900,31,35.17,5,4,0,0
7901,55,49.24,2,2,0,0
7902,30,51.09,5,69,0,0
7903,42,50.61,4,12,0,0
7904,43,87.46,7,3,0,0
7905,35,50.13,4,37,0,0
7906,44,41.54,3,11,0,0
7907,12,44.6,4,44,1,0
7908,3,116.27,7,16,0,0
7909,25,65.34,6,20,2,0
7910,15,40.23,7,1,0,0
7911,24,80.29,6,7,0,0
7912,52,57.05,6,1,0,0
7913,5,76.7,8,13,0,0
7914,23,87.63,3,11,0,0
7915,37,40.81,6,11,0,0
7916,47,24.95,6,14,0,0
7917,35,21.61,3,29,1,0
7918,2,49.67,6,18,0,0
7919,35,52.48,3,40,0,0
7920,33,57.98,4,42,0,0
7921,28,77.52,6,37,1,0
7922,44,124.84,2,15,1,0
7923,13,68.17,3,5,1,0
7924,3,29.6,9,15,0,0
7925,37,75.29,6,5,1,0
7926,54,56.64,5,17,1,0
7927,30,81.91,4,41,0,0
7928,15,93.52,4,51,2,1
7929,37,43.38,5,0,0,0
7930,1,40.72,7,3,1,0
7931,15,79.42,4,2,0,0
7932,36,67.24,7,5,0,0
7933,27,42.2,7,5,0,0
7934,49,48.56,6,13,1,0
7935,50,38.82,5,62,1,0
7936,31,77.17,9,34,1,0
7937,38,49.31,3,9,0,0
7938,19,99.29,7,76,1,0
7939,2,82.31,6,6,0,0
7940,34,69.64,5,7,0,0
7941,42,20.36,3,71,1,0
7942,11,53.86,1,50,1,0
7943,47,31.95,4,23,0,0
7944,30,80.84,3,4,1,0
7945,14,70.66,5,5,1,0
7946,26,28.63,4,52,0,1
7947,34,63.6,7,58,1,0
7948,13,53.55,4,2,1,0
7949,55,56.95,8,7,0,0
7950,52,88.33,5,1,1,1
7951,3,41.2,4,25,1,0
7952,40,67.46,3,17,1,0
7953,48,53.23,1,20,0,0
7954,7,46.71,8,25,0,0
7955,49,33.95,4,9,0,0
7956,1,44.33,4,35,2,0
7957,54,67.03,6,79,1,1
7958,15,70.52,8,7,0,0
7959,58,43.9,4,1,1,0
7960,59,158.77,10,9,0,0
7961,16,92.99,1,1,0,0
7962,42,33.09,5,10,0,0
7963,17,61.01,4,13,0,0
7964,50,28.34,3,21,1,0
7965,46,65.13,6,24,0,0
7966,13,84.2,3,28,0,0
7967,38,43.18,7,108,0,1
7968,13,56.77,3,5,2,0
7969,13,51.56,4,8,2,0
7970,20,49.51,9,12,1,0
7971,19,37.6,5,1,0,0
7972,23,51.9,8,82,0,0
7973,40,86.53,3,18,0,0
7974,44,65.03,2,14,0,0
7975,38,67.31,4,2,0,0
7976,22,43.75,6,11,0,0
7977,50,87.87,6,130,0,1
7978,49,66.53,5,13,1,0
7979,25,54.05,4,35,0,0
7980,24,80.19,4,18,2,1
7981,39,42.05,4,1,1,0
7982,50,74.82,1,3,0,0
7983,52,46.95,4,6,0,0
7984,17,38.75,10,20,1,0
7985,45,62.11,5,11,0,0
7986,52,148.74,4,29,1,0
7987,57,34.42,6,7,1,0
7988,27,60.01,3,13,1,0
7989,2,75.13,7,3,0,0
7990,29,35.45,6,27,0,0
7991,52,48.29,4,4,0,0
7992,38,56.88,4,15,0,0
7993,32,50.68,1,16,0,0
7994,26,57.64,7,45,1,0
7995,59,118.38,7,5,0,0
7996,58,60.24,6,40,1,0
7997,51,81.53,5,22,0,0
7998,6,28.96,3,19,0,0
7999,16,51.63,5,17,1,0
8000,41,59.89,6,8,1,0
8001,45,73.46,3,40,1,0
8002,60,27.55,4,2,1,0
8003,42,53.2,4,10,0,0
8004,43,26.43,4,46,0,0
8005,55,37.97,9,8,2,0
8006,56,73.81,6,6,1,0
8007,27,62.07,4,14,0,0
8008,39,100.86,5,64,0,1
8009,45,69.03,4,5,1,0
8010,30,31.76,5,35,0,0
8011,31,39.5,4,5,0,0
8012,47,60.55,4,0,0,0
8013,23,43.51,7,17,0,0
8014,56,72.78,3,46,0,0
8015,38,53.36,5,13,0,0
8016,49,116.55,8,3,0,0
8017,43,18.21,8,16,2,0
8018,17,103.22,2,3,0,0
8019,53,30.13,6,7,1,0
8020,15,42.77,4,2,1,0
8021,25,48.12,5,15,1,0
8022,39,25.36,3,16,0,0
8023,19,73.61,8,22,0,0
8024,57,59.43,6,65,0,0
8025,29,45.79,4,33,1,0
8026,3,95.82,6,25,0,0
8027,40,30.69,7,67,0,0
8028,60,48.81,3,30,0,0
8029,40,91.44,6,63,0,0
8030,34,50.87,6,5,0,0
8031,60,46.98,7,13,1,0
8032,17,66.32,5,16,1,0
8033,3,44.69,3,4,0,1
8034,7,136.07,6,80,0,1
8035,24,49.27,8,13,2,0
8036,53,37.32,4,33,0,1
8037,29,65.39,6,1,0,0
8038,15,72.68,4,25,1,0
8039,5,48.78,7,4,0,0
8040,23,72.24,4,38,0,0
8041,8,47.93,3,11,0,0
8042,44,46.61,7,17,1,0
8043,45,119.3,8,32,0,0
8044,7,46.78,7,64,0,0
8045,8,45.22,4,5,0,0
8046,5,114.88,5,42,0,0
8047,32,88.77,4,40,0,0
8048,11,47.3,9,4,0,0
8049,55,89.26,3,5,0,0
8050,3,62.41,7,49,1,0
8051,50,52.61,6,14,0,0
8052,33,51.58,4,24,0,0
8053,26,52.35,4,4,1,0
8054,19,102.91,3,17,0,0
8055,60,61.94,4,8,0,0
8056,5,32.79,10,15,1,0
8057,8,31.98,3,0,0,0
8058,49,32.25,4,0,0,0
8059,33,72.6,2,36,2,0
8060,27,64.11,3,16,0,0
8061,9,68.75,5,12,0,0
8062,23,38.1,2,1,0,0
8063,16,40.38,3,29,1,1
8064,26,61.71,6,36,1,0
8065,23,127.08,3,6,1,0
8066,52,34.5,3,15,2,0
8067,51,63.83,7,4,1,0
8068,55,33.41,4,30,0,0
8069,38,28.61,5,7,0,0
8070,40,74.64,2,82,0,0
8071,22,73.12,4,22,1,0
8072,57,26.42,9,33,0,0
8073,16,70.23,2,6,1,0
8074,42,52.19,2,14,2,0
8075,56,61.72,4,2,0,0
8076,10,82.11,4,46,0,0
8077,48,50.71,3,9,0,0
8078,11,56.07,3,8,0,0
8079,25,90.61,4,24,0,0
8080,27,22.44,5,14,0,0
8081,9,27.21,1,54,1,1
8082,37,40.05,5,20,2,0
8083,55,46.39,2,5,0,0
8084,7,86.97,5,108,2,1
8085,33,30.89,4,8,0,0
8086,29,38.32,6,14,2,0
8087,36,47.87,6,4,1,0
8088,43,36.02,7,30,1,0
8089,6,81.16,4,7,0,0
8090,4,26.77,7,40,0,0
8091,55,31.01,6,14,1,0
8092,46,44.82,7,5,1,0
8093,18,40.85,7,9,0,0
8094,58,45.27,3,3,1,0
8095,11,58.77,5,5,0,0
8096,1,63.86,8,4,0,0
8097,24,64.76,6,35,1,0
8098,26,40.25,4,8,0,0
8099,33,69.29,2,37,0,0
8100,18,49.91,6,37,0,0
8101,47,101.35,5,7,1,0
8102,20,72.29,5,26,0,0
8103,3,71.42,6,14,0,0
8104,34,74.88,5,10,0,0
8105,51,42.2,7,8,0,0
8106,18,39.09,7,20,2,0
8107,31,50.63,5,19,1,0
8108,11,93.15,4,31,0,0
8109,27,35.89,3,3,0,0
8110,7,79.91,2,36,1,1
8111,6,45.24,4,13,1,0
8112,21,52.63,5,42,1,0
8113,15,54.97,2,17,3,1
8114,11,29.85,3,5,0,0
8115,30,35.49,6,3,1,0
8116,32,73.94,4,17,0,0
8117,54,64.87,6,13,1,0
8118,49,45.33,3,21,0,0
8119,30,49.76,5,57,1,0
8120,12,74.21,1,16,1,0
8121,29,106.58,4,13,0,0
8122,15,79.44,7,13,1,1
8123,41,53.83,3,43,1,0
8124,33,95.96,5,2,0,0
8125,27,74.65,4,35,0,0
8126,40,47.34,4,34,3,0
8127,57,34.95,5,16,0,0
8128,18,22.27,7,23,0,0
8129,9,56.46,7,32,0,0
8130,56,36.39,6,39,0,0
8131,39,45.46,6,22,0,0
8132,45,33.57,2,103,0,1
8133,10,40.09,1,71,1,1
8134,30,84.91,6,5,1,0
8135,51,70.74,5,90,1,1
8136,60,139.78,3,39,0,0
8137,6,24.3,4,0,0,0
8138,42,53.35,2,1,1,0
8139,21,65.56,5,2,1,0
8140,26,83.91,7,26,0,0
8141,12,51.19,6,1,0,0
8142,45,51.99,4,10,0,0
8143,52,69.61,2,5,0,0
8144,22,44.2,5,12,0,0
8145,1,42.21,4,25,0,0
8146,60,65.18,5,7,0,0
8147,12,39.88,2,15,1,0
8148,58,72.29,3,7,1,0
8149,60,31.73,4,7,1,0
8150,17,45.04,7,38,0,0
8151,20,47.41,6,9,1,0
8152,18,77.63,2,9,1,0
8153,38,64.17,5,26,0,0
8154,34,98.43,8,10,1,0
8155,53,101.39,5,18,1,0
8156,15,104.17,8,5,0,0
8157,16,53.4,7,15,0,0
8158,58,52.27,4,4,0,0
8159,15,33.46,4,69,0,0
8160,36,42.67,4,3,3,1
8161,21,37.89,6,17,0,0
8162,59,30.54,3,12,1,0
8163,39,58.98,8,2,0,0
8164,37,121.78,7,2,1,0
8165,14,87.31,5,12,0,0
8166,40,82.41,3,2,0,0
8167,55,32.28,6,6,1,0
8168,38,111.08,4,10,0,0
8169,24,27.78,6,7,0,0
8170,10,38.3,6,2,2,0
8171,19,31.63,6,22,0,0
8172,24,99.23,4,3,0,0
8173,19,79.46,5,42,3,0
8174,33,41.91,3,12,2,0
8175,44,86.15,4,5,0,0
8176,10,47.1,6,2,0,0
8177,8,42.28,6,63,0,1
8178,9,68.26,4,2,0,0
8179,25,22.71,6,20,0,0
8180,44,63.71,7,15,1,0
8181,15,44.84,6,20,0,0
8182,50,52.41,5,12,0,0
8183,8,70.68,2,9,0,0
8184,2,59.8,5,7,1,0
8185,57,42.97,2,19,2,0
8186,59,52.23,2,47,0,0
8187,55,48.97,3,3,0,0
8188,46,43.36,10,42,0,0
8189,10,29.33,7,3,0,0
8190,17,62.21,2,10,0,0
8191,20,95.25,7,44,1,1
8192,8,100.77,5,8,0,0
8193,15,57.07,4,8,0,0
8194,32,45.84,4,26,0,0
8195,19,25.98,6,10,1,0
8196,47,19.05,7,2,1,0
8197,49,94.34,7,129,0,1
8198,57,76.5,7,27,0,0
8199,9,21.03,8,21,0,0
8200,34,43.02,12,16,0,0
8201,32,25.86,5,33,0,1
8202,22,66.91,3,3,0,0
8203,5,64.45,5,3,0,0
8204,4,73.65,2,12,1,0
8205,24,68.71,3,11,0,0
8206,50,25.92,6,7,1,0
8207,7,43.56,4,18,0,0
8208,10,71.01,3,20,1,0
8209,22,46.66,5,9,0,0
8210,34,45.54,4,29,0,0
8211,30,61.29,4,10,0,0
8212,57,65.67,5,11,2,0
8213,35,45.75,5,12,1,0
8214,13,79.81,3,2,0,0
8215,27,66.25,4,61,1,0
8216,57,60.53,4,10,0,0
8217,45,69.88,7,25,0,0
8218,1,45.19,5,35,3,1
8219,52,47.46,4,32,1,0
8220,27,39.05,6,22,1,0
8221,58,55.51,4,11,0,1
8222,58,30.8,2,39,0,0
8223,40,61.1,6,9,1,0
8224,39,50.23,5,12,0,0
8225,16,60.0,7,33,1,0
8226,41,38.95,6,33,0,0
8227,52,68.93,8,2,3,0
8228,40,49.32,4,17,0,0
8229,7,61.26,4,26,1,0
8230,20,96.92,7,16,2,1
8231,22,110.17,6,6,0,0
8232,59,36.82,6,37,1,0
8233,7,53.12,6,15,0,0
8234,15,57.75,4,6,0,0
8235,44,60.81,7,7,0,0
8236,12,33.6,6,58,0,0
8237,11,63.54,6,22,0,0
8238,33,46.74,7,13,0,0
8239,55,65.26,4,38,1,0
8240,20,34.09,6,2,1,0
8241,15,99.79,4,34,0,0
8242,56,73.8,6,13,1,0
8243,48,52.07,4,77,0,1
8244,12,72.41,6,2,0,0
8245,18,61.94,4,16,0,0
8246,46,50.12,6,40,0,0
8247,15,46.08,2,40,0,0
8248,19,48.66,4,15,0,0
8249,11,76.93,5,43,2,1
8250,19,97.0,4,9,0,0
8251,10,37.16,7,15,0,0
8252,46,27.4,2,3,0,0
8253,50,89.6,6,3,0,1
8254,15,48.59,4,12,1,1
8255,57,50.93,12,18,2,0
8256,5,28.77,3,0,2,0
8257,18,61.09,6,3,1,0
8258,7,25.86,4,1,0,0
8259,53,101.56,7,5,0,0
8260,3,39.3,4,5,0,0
8261,23,68.28,5,8,1,0
8262,39,56.49,9,25,0,0
8263,58,80.81,6,36,1,0
8264,40,43.15,4,53,1,0
8265,34,37.61,6,22,0,0
8266,53,123.82,6,21,1,0
8267,22,31.26,4,6,0,0
8268,44,68.75,7,2,1,0
8269,18,39.28,7,4,2,0
8270,48,30.67,4,5,0,0
8271,9,53.71,9,13,1,0
8272,10,66.78,3,9,0,0
8273,20,34.49,6,21,0,0
8274,58,57.33,5,17,1,0
8275,10,41.17,3,39,0,0
8276,22,56.16,4,31,0,0
8277,40,109.85,6,11,0,0
8278,44,52.92,7,16,0,0
8279,32,96.27,4,14,1,0
8280,27,33.35,6,11,0,0
8281,25,52.83,4,8,0,0
8282,2,53.09,5,7,2,0
8283,33,95.59,6,25,1,0
8284,55,80.44,5,13,2,0
8285,27,49.07,7,97,0,0
8286,8,76.26,1,43,2,0
8287,11,67.49,8,37,0,0
8288,15,42.11,5,18,0,0
8289,13,43.21,4,2,1,1
8290,7,44.54,6,23,0,0
8291,55,84.08,7,7,0,0
8292,36,68.8,5,5,2,0
8293,51,65.58,1,2,1,0
8294,25,103.93,7,4,0,0
8295,57,48.47,10,11,0,0
8296,8,33.0,5,15,1,0
8297,50,92.96,4,51,0,0
8298,51,73.45,7,27,0,0
8299,31,27.44,4,23,1,0
8300,5,73.02,3,9,0,0
8301,27,29.87,8,9,0,0
8302,21,33.55,5,8,0,0
8303,49,70.53,3,17,1,0
8304,15,104.78,9,19,1,0
8305,23,111.4,3,12,2,0
8306,33,42.43,6,11,1,0
8307,36,59.39,7,29,2,0
8308,40,70.44,6,20,0,0
8309,16,53.61,2,3,0,0
8310,44,36.62,7,6,1,0
8311,29,27.88,6,1,0,0
8312,21,43.93,4,13,0,0
8313,41,61.0,7,1,1,0
8314,23,44.94,3,9,1,0
8315,24,121.11,4,3,1,0
8316,19,65.81,6,40,0,0
8317,32,74.56,6,4,0,0
8318,19,49.57,6,9,0,0
8319,57,80.81,5,14,0,0
8320,4,72.31,5,13,1,0
8321,53,50.84,3,7,0,0
8322,26,28.65,6,30,1,0
8323,36,70.31,9,0,1,0
8324,37,74.2,6,5,0,0
8325,55,18.37,5,15,2,0
8326,52,86.13,5,7,0,0
8327,34,34.81,4,4,1,0
8328,18,53.65,3,5,0,0
8329,12,111.46,12,37,0,0
8330,42,79.22,4,16,1,0
8331,10,83.5,5,38,1,0
8332,30,51.39,5,5,0,0
8333,30,89.96,4,19,0,0
8334,31,39.17,6,2,1,0
8335,56,45.17,4,12,1,0
8336,53,36.65,3,2,0,0
8337,10,36.5,4,11,0,0
8338,3,101.27,6,2,0,0
8339,51,64.29,3,29,0,0
8340,36,70.02,3,7,1,0
8341,11,90.23,10,14,0,0
8342,7,153.43,6,28,0,0
8343,33,31.34,10,1,0,0
8344,27,31.67,6,8,0,0
8345,51,44.69,7,1,0,0
8346,23,74.45,2,3,0,0
8347,32,41.74,3,9,0,0
8348,9,190.48,2,28,0,0
8349,33,65.78,4,16,0,0
8350,60,55.82,4,5,0,0
8351,7,47.01,2,11,0,0
8352,47,57.88,5,30,0,0
8353,17,61.98,7,7,0,0
8354,35,51.8,6,23,0,0
8355,42,59.64,1,21,0,0
8356,33,111.94,7,5,1,0
8357,60,43.79,1,18,0,0
8358,43,76.52,7,24,0,0
8359,42,59.15,8,8,1,0
8360,31,30.96,5,24,1,0
8361,49,47.57,5,19,0,0
8362,7,38.55,2,40,0,0
8363,17,64.48,4,22,0,0
8364,49,66.92,5,2,0,0
8365,17,67.22,4,0,2,0
8366,19,58.86,4,69,0,1
8367,19,51.34,9,14,1,0
8368,37,45.91,3,5,1,0
8369,53,68.81,8,1,0,0
8370,51,100.75,3,1,0,0
8371,17,72.03,9,64,2,0
8372,4,60.83,4,10,0,0
8373,47,75.75,3,37,1,0
8374,57,40.44,9,41,1,0
8375,19,72.35,8,31,1,0
8376,19,48.76,5,9,0,0
8377,14,43.39,5,28,0,0
8378,43,31.4,5,21,1,0
8379,58,86.04,2,12,0,0
8380,39,52.43,6,15,0,0
8381,55,63.33,3,45,2,0
8382,52,71.88,7,8,0,0
8383,34,51.36,7,28,1,0
8384,15,49.56,3,31,0,0
8385,16,59.99,4,12,2,0
8386,30,46.17,6,31,0,0
8387,8,41.6,8,13,0,0
8388,26,90.02,5,12,0,0
8389,22,46.62,7,8,0,0
8390,53,38.09,4,32,0,0
8391,32,89.82,3,19,1,0
8392,45,50.51,4,79,2,1
8393,25,26.62,2,3,0,0
8394,4,44.92,10,3,0,0
8395,39,56.58,6,62,1,0
8396,33,86.78,5,46,0,1
8397,7,44.39,6,2,0,0
8398,15,43.04,5,22,1,1
8399,5,83.51,4,11,0,0
8400,52,44.77,4,19,0,0
8401,36,41.08,6,8,0,0
8402,59,31.85,5,33,0,0
8403,12,38.59,3,7,0,0
8404,43,82.42,8,31,0,0
8405,26,49.61,5,12,0,0
8406,37,54.5,4,75,0,0
8407,11,87.69,7,1,2,0
8408,23,48.09,5,4,0,0
8409,45,36.18,6,59,0,0
8410,42,95.95,5,65,0,0
8411,58,38.24,2,68,0,0
8412,29,90.45,6,9,0,0
8413,38,41.21,4,25,1,0
8414,27,52.71,9,13,1,0
8415,37,57.98,6,1,0,0
8416,39,31.3,7,61,1,0
8417,36,46.49,3,43,1,0
8418,48,56.06,5,12,1,0
8419,12,39.12,4,29,0,0
8420,42,56.96,5,10,0,0
8421,40,51.15,3,41,1,0
8422,3,40.8,4,46,1,1
8423,14,48.12,6,4,0,0
8424,18,83.32,5,17,0,0
8425,56,47.24,6,13,0,0
8426,23,40.97,8,9,1,0
8427,19,78.63,5,25,0,0
8428,11,69.97,4,2,0,0
8429,60,63.93,6,32,0,0
8430,28,37.57,4,30,0,1
8431,22,47.33,5,27,0,0
8432,55,44.27,2,38,2,0
8433,24,39.17,6,8,1,1
8434,28,35.24,5,10,0,0
8435,22,32.82,6,15,0,0
8436,59,91.42,6,8,2,0
8437,34,92.39,10,3,0,0
8438,14,70.21,7,14,0,0
8439,35,39.61,4,41,0,0
8440,42,18.5,6,20,1,0
8441,22,60.35,6,8,0,0
8442,56,39.97,6,3,0,0
8443,47,48.63,4,16,0,0
8444,56,122.39,1,26,0,0
8445,15,26.47,1,38,0,0
8446,25,44.03,1,14,0,0
8447,14,34.88,8,14,0,0
8448,48,54.0,3,17,1,0
8449,54,78.71,5,1,0,0
8450,46,46.2,4,12,0,0
8451,13,39.81,6,7,1,0
8452,46,43.11,3,8,0,1
8453,1,50.97,3,5,1,1
8454,23,68.95,6,2,0,0
8455,50,44.3,4,11,0,0
8456,26,62.18,4,7,1,0
8457,2,87.82,3,50,2,0
8458,59,53.27,8,6,1,0
8459,22,41.22,4,16,1,0
8460,30,53.11,6,37,1,0
8461,35,35.4,5,9,0,0
8462,16,92.11,5,80,1,1
8463,42,52.33,7,7,0,0
8464,6,43.81,3,10,0,1
8465,24,34.33,6,4,0,0
8466,1,147.77,5,4,0,0
8467,40,59.83,3,62,0,0
8468,43,38.44,6,8,0,0
8469,37,37.15,5,7,1,0
8470,16,90.08,8,5,0,0
8471,60,65.17,8,46,0,0
8472,49,60.08,6,11,0,0
8473,51,69.07,4,7,1,0
8474,31,48.76,4,10,0,0
8475,35,55.69,4,15,0,0
8476,55,74.3,5,143,3,1
8477,34,83.13,8,53,0,0
8478,9,49.69,5,35,0,0
8479,15,52.31,7,45,1,0
8480,46,66.63,7,12,2,0
8481,3,78.32,11,12,2,0
8482,2,45.59,5,18,0,0
8483,60,48.19,9,22,1,0
8484,57,65.23,7,3,0,0
8485,2,44.4,5,4,2,0
8486,16,83.98,3,6,0,0
8487,24,53.13,4,24,0,0
8488,30,52.75,3,23,1,0
8489,58,56.87,4,41,1,0
8490,34,81.4,4,15,0,0
8491,4,33.94,3,23,0,0
8492,58,48.58,3,0,1,0
8493,30,67.35,6,2,0,0
8494,56,43.6,7,8,0,0
8495,44,57.33,2,23,0,0
8496,15,50.35,4,13,0,0
8497,43,98.25,6,10,0,0
8498,31,64.8,2,0,1,0
8499,2,42.17,3,5,0,0
8500,31,106.95,9,3,1,0
8501,7,34.15,5,5,1,0
8502,5,41.24,5,45,0,0
8503,38,44.92,5,18,1,0
8504,51,19.12,5,8,0,0
8505,5,28.16,3,20,0,0
8506,27,53.56,2,4,0,0
8507,42,68.12,5,4,0,0
8508,29,55.54,4,7,1,1
8509,9,76.1,4,6,1,0
8510,5,60.55,4,7,0,0
8511,11,47.87,6,1,0,0
8512,19,56.84,5,1,0,0
8513,27,70.6,7,8,0,0
8514,16,58.1,7,43,0,0
8515,14,61.54,5,6,0,0
8516,24,86.95,5,30,0,0
8517,2,85.66,3,74,0,0
8518,20,34.85,5,9,0,0
8519,50,23.33,9,20,0,0
8520,60,34.99,7,13,1,0
8521,12,45.81,4,18,1,0
8522,36,66.3,6,16,0,0
8523,51,44.2,8,15,1,0
8524,3,27.03,5,13,0,0
8525,45,59.4,8,58,1,1
8526,32,59.99,3,17,0,0
8527,40,44.97,9,26,0,0
8528,29,117.55,3,21,1,0
8529,60,53.38,5,1,0,0
8530,40,37.5,7,13,0,0
8531,13,72.0,3,5,1,0
8532,15,64.39,3,46,1,0
8533,33,58.61,1,10,0,0
8534,59,76.73,5,28,0,0
8535,5,48.65,4,57,0,0
8536,9,58.71,3,39,0,0
8537,2,61.03,3,13,0,0
8538,53,64.66,3,32,1,0
8539,54,102.6,1,85,0,1
8540,39,98.55,6,1,1,0
8541,46,32.18,8,12,0,0
8542,18,67.4,7,27,1,0
8543,42,38.96,6,7,0,0
8544,30,49.28,7,13,1,0
8545,21,45.02,2,21,0,0
8546,49,89.37,6,34,0,0
8547,21,83.88,8,1,1,0
8548,49,46.05,6,16,1,0
8549,56,38.47,8,65,0,1
8550,55,54.39,7,5,0,0
8551,11,35.36,8,27,0,1
8552,5,58.72,5,5,0,0
8553,16,36.95,5,4,0,0
8554,10,55.41,2,16,0,0
8555,4,48.24,3,7,0,0
8556,19,43.39,5,4,0,0
8557,1,59.21,3,6,2,0
8558,15,45.17,5,6,1,0
8559,48,30.16,5,29,1,0
8560,30,53.98,4,4,0,0
8561,49,64.17,7,37,0,0
8562,14,42.32,3,11,0,0
8563,3,60.64,1,22,0,0
8564,15,91.47,3,51,1,0
8565,22,45.93,6,21,1,0
8566,14,91.35,6,23,2,0
8567,9,57.52,8,43,0,0
8568,10,76.68,5,2,0,0
8569,16,30.34,6,89,0,0
8570,19,51.58,3,18,0,0
8571,8,32.74,7,8,1,0
8572,20,79.51,5,1,0,0
8573,52,31.67,6,28,0,0
8574,11,48.71,4,32,0,0
8575,2,46.44,3,43,0,1
8576,39,68.79,6,13,0,0
8577,23,61.87,5,1,0,0
8578,19,48.93,5,2,0,0
8579,13,82.06,2,15,1,0
8580,24,63.42,4,19,1,0
8581,25,49.44,6,31,0,0
8582,60,58.11,5,10,0,0
8583,40,63.98,4,22,0,0
8584,49,53.95,5,4,0,0
8585,20,73.77,1,7,0,0
8586,36,35.17,5,28,1,0
8587,45,46.17,6,8,1,0
8588,33,36.04,3,20,0,0
8589,39,113.41,5,19,1,0
8590,33,51.76,7,5,0,0
8591,35,61.51,8,9,1,0
8592,27,63.99,5,2,0,0
8593,50,38.71,7,13,0,0
8594,26,47.3,4,52,0,0
8595,20,54.81,4,25,0,0
8596,54,37.89,6,4,1,0
8597,6,57.65,7,11,1,0
8598,12,68.55,5,19,0,0
8599,31,106.21,6,14,0,0
8600,39,58.1,5,1,0,0
8601,5,68.0,5,6,0,0
8602,55,45.45,6,5,0,0
8603,14,37.08,5,8,0,0
8604,15,65.07,4,4,0,0
8605,21,63.4,2,2,0,1
8606,2,48.2,2,4,1,0
8607,42,32.56,3,21,0,0
8608,2,55.46,9,1,0,0
8609,11,65.72,6,1,0,0
8610,22,52.2,5,3,1,0
8611,4,93.7,2,33,1,0
8612,54,35.39,5,2,1,0
8613,31,32.63,5,40,1,1
8614,14,61.08,2,2,1,1
8615,55,47.23,5,8,0,0
8616,38,45.66,9,13,0,0
8617,39,39.3,3,4,0,0
8618,14,53.12,3,23,0,0
8619,6,108.95,4,58,1,1
8620,52,49.61,6,4,1,0
8621,28,49.97,4,20,0,0
8622,8,65.54,7,10,0,0
8623,5,39.2,4,17,0,0
8624,21,40.05,2,15,1,1
8625,7,69.93,5,28,0,0
8626,55,65.83,2,4,1,0
8627,22,56.02,4,16,0,0
8628,28,45.33,5,22,0,0
8629,36,43.36,5,16,2,1
8630,7,35.79,5,35,0,0
8631,53,44.58,6,14,0,0
8632,43,45.44,4,80,1,0
8633,59,76.36,10,23,0,0
8634,12,24.74,3,40,0,0
8635,34,33.49,3,67,0,0
8636,11,80.01,7,13,1,0
8637,46,70.51,5,30,1,0
8638,14,31.64,3,9,0,0
8639,25,42.43,5,1,0,0
8640,46,31.79,6,4,0,0
8641,28,36.05,6,2,0,0
8642,17,31.48,2,7,1,0
8643,53,57.02,6,22,1,0
8644,1,68.26,4,6,1,0
8645,38,49.63,4,86,1,1
8646,26,81.49,4,2,0,0
8647,59,76.24,9,17,0,1
8648,34,35.28,5,38,0,0
8649,30,29.89,6,24,0,0
8650,19,57.24,3,30,0,0
8651,23,91.74,4,25,0,0
8652,42,64.61,4,2,0,0
8653,11,72.75,6,12,1,0
8654,56,46.24,6,5,0,0
8655,3,88.54,6,53,0,0
8656,18,22.04,5,5,2,0
8657,14,37.36,7,34,0,0
8658,41,67.85,2,4,1,0
8659,7,60.27,5,11,0,0
8660,37,68.61,5,55,1,0
8661,6,51.3,6,12,1,0
8662,24,48.88,4,5,1,0
8663,22,38.51,4,13,1,1
8664,21,30.0,5,2,0,0
8665,47,31.4,6,5,1,0
8666,31,59.8,3,12,1,0
8667,28,69.76,3,55,1,1
8668,41,45.22,6,12,0,0
8669,22,43.08,5,12,2,1
8670,28,37.91,4,19,0,0
8671,8,71.68,3,3,0,0
8672,3,68.73,3,26,0,0
8673,28,26.24,8,64,2,0
8674,25,82.91,5,6,0,0
8675,37,32.03,3,21,0,0
8676,10,69.74,4,14,2,0
8677,3,30.98,8,4,2,0
8678,19,24.35,7,7,0,0
8679,28,83.92,6,6,0,0
8680,7,155.93,5,25,2,0
8681,39,72.89,5,3,1,0
8682,32,52.63,9,12,1,0
8683,40,55.23,3,4,1,0
8684,58,69.48,7,46,0,0
8685,60,54.11,3,60,1,1
8686,40,65.9,2,24,1,0
8687,12,44.82,6,24,0,0
8688,35,49.94,6,16,0,0
8689,26,28.21,4,81,0,1
8690,22,54.26,3,15,0,0
8691,8,54.99,8,9,0,0
8692,42,107.75,5,7,1,0
8693,2,107.26,3,7,0,0
8694,3,61.87,8,43,0,0
8695,25,43.1,6,34,0,0
8696,11,71.38,9,8,0,0
8697,36,62.04,8,47,0,0
8698,39,59.52,3,10,2,0
8699,11,31.8,3,14,2,0
8700,54,71.19,4,1,1,0
8701,32,100.57,7,21,0,0
8702,51,52.34,6,24,2,0
8703,25,57.91,5,10,0,0
8704,17,56.19,7,36,0,0
8705,38,38.61,4,10,0,0
8706,9,61.85,8,66,0,0
8707,59,79.75,4,4,0,0
8708,1,78.14,2,23,0,0
8709,46,56.89,6,1,1,0
8710,37,39.32,10,10,1,0
8711,13,35.78,4,12,0,0
8712,25,61.98,3,32,1,0
8713,9,48.68,3,32,1,0
8714,20,34.76,6,18,1,0
8715,5,55.68,5,18,0,0
8716,60,113.07,6,13,0,0
8717,49,36.57,5,29,1,0
8718,32,39.08,2,3,0,0
8719,51,64.19,3,12,0,0
8720,35,33.37,5,1,0,0
8721,11,52.95,7,7,0,0
8722,18,46.96,3,10,3,0
8723,35,84.56,4,17,1,0
8724,54,69.43,7,34,0,0
8725,11,43.39,8,1,1,0
8726,58,61.9,5,17,1,0
8727,51,62.71,4,71,0,1
8728,4,51.57,7,64,0,1
8729,27,134.54,5,7,1,0
8730,54,58.44,3,35,0,0
8731,48,136.4,4,14,1,0
8732,40,67.07,4,1,1,0
8733,58,69.41,4,6,3,0
8734,31,162.04,6,34,1,0
8735,21,104.65,6,4,0,0
8736,43,40.75,4,47,0,0
8737,35,59.95,3,3,1,0
8738,17,42.05,10,1,0,0
8739,58,43.22,5,14,0,0
8740,24,70.59,8,7,0,0
8741,54,42.15,4,2,0,0
8742,27,36.59,9,6,0,0
8743,59,49.56,5,2,0,0
8744,46,64.35,5,14,3,0
8745,33,167.77,4,10,0,0
8746,54,83.0,9,4,0,0
8747,34,30.69,5,9,0,0
8748,14,40.66,6,1,1,0
8749,21,51.42,5,13,0,0
8750,51,79.54,5,2,1,0
8751,11,69.52,2,3,1,0
8752,45,40.98,6,5,0,0
8753,12,81.47,3,40,0,1
8754,6,61.87,4,17,1,0
8755,60,26.05,5,6,2,0
8756,43,36.86,6,5,0,0
8757,25,121.08,4,8,0,0
8758,51,61.98,2,11,0,0
8759,52,69.58,4,32,0,0
8760,60,83.21,5,3,1,0
8761,41,52.02,5,6,0,0
8762,56,52.68,4,1,0,0
8763,30,76.02,7,23,0,0
8764,11,40.27,3,57,0,1
8765,41,34.32,7,26,0,0
8766,54,38.94,8,4,0,0
8767,22,54.57,9,6,1,0
8768,6,33.45,5,2,0,0
8769,29,54.65,5,11,0,0
8770,4,64.85,2,5,1,0
8771,44,78.04,3,5,0,0
8772,38,73.9,2,6,0,0
8773,14,143.24,4,13,0,0
8774,40,37.7,4,28,0,0
8775,18,49.21,6,26,1,0
8776,27,76.14,2,50,1,1
8777,35,71.99,8,23,0,0
8778,42,35.53,4,47,1,0
8779,33,61.83,5,44,0,0
8780,59,78.74,6,56,0,0
8781,59,110.82,6,34,0,0
8782,19,98.44,4,60,0,0
8783,24,75.59,7,13,0,0
8784,24,84.65,3,16,1,0
8785,2,44.14,3,6,0,0
8786,41,87.23,5,18,1,0
8787,36,114.48,5,2,0,0
8788,29,52.52,5,1,1,0
8789,54,46.81,9,18,2,0
8790,3,48.02,5,14,1,0
8791,27,51.55,2,3,1,0
8792,10,31.84,5,4,0,0
8793,21,34.17,5,70,1,0
8794,25,30.94,4,33,1,0
8795,25,89.3,4,2,0,0
8796,25,68.98,2,41,0,0
8797,23,34.89,4,1,1,0
8798,11,73.15,3,9,0,0
8799,17,58.28,3,10,2,0
8800,4,72.23,5,28,1,1
8801,59,89.8,6,22,1,0
8802,52,41.08,3,6,0,0
8803,32,71.34,6,39,0,0
8804,55,52.14,5,25,1,0
8805,26,33.84,6,37,0,0
8806,43,65.86,5,25,0,0
8807,51,44.96,2,28,0,0
8808,58,40.82,7,3,0,0
8809,34,75.62,8,35,0,0
8810,13,74.42,6,16,0,0
8811,11,35.57,4,3,1,0
8812,29,31.15,9,18,0,0
8813,16,42.38,5,39,0,0
8814,24,38.88,4,2,0,0
8815,22,94.04,8,73,2,1
8816,53,42.75,3,24,1,0
8817,30,53.88,6,28,0,0
8818,46,59.83,4,16,1,0
8819,30,72.85,5,30,2,0
8820,46,34.12,6,101,0,1
8821,51,121.41,6,1,0,0
8822,40,90.47,4,32,1,0
8823,58,66.98,4,45,0,0
8824,47,68.16,8,15,0,0
8825,45,28.99,8,28,1,0
8826,19,58.22,4,0,1,0
8827,49,55.94,3,9,2,0
8828,10,98.93,3,32,1,0
8829,34,31.28,5,5,0,0
8830,34,34.04,3,19,0,0
8831,14,60.82,6,10,0,0
8832,59,44.39,8,26,0,0
8833,48,146.81,5,26,0,0
8834,2,39.62,3,8,0,0
8835,49,101.15,10,53,0,0
8836,3,22.85,3,2,0,0
8837,37,71.76,7,25,0,0
8838,18,90.7,4,5,0,0
8839,12,29.02,9,2,1,0
8840,28,22.05,3,3,1,0
8841,52,19.75,6,5,2,0
8842,44,58.1,2,4,0,0
8843,4,47.48,8,21,2,0
8844,40,55.28,7,29,0,0
8845,35,97.5,4,10,0,0
8846,12,54.52,4,6,1,0
8847,15,49.89,8,22,0,0
8848,48,39.39,5,1,1,0
8849,15,86.0,8,17,0,0
8850,55,61.24,4,23,2,0
8851,50,45.36,3,24,0,0
8852,30,73.51,3,4,0,0
8853,5,40.7,4,33,0,1
8854,13,42.39,9,10,2,1
8855,50,61.58,3,16,0,0
8856,39,33.16,3,99,1,1
8857,23,32.76,3,15,0,0
8858,12,51.41,4,18,0,0
8859,11,58.18,3,23,1,0
8860,38,46.16,2,12,0,0
8861,20,49.75,3,0,0,0
8862,21,68.37,6,5,0,0
8863,23,39.13,6,6,1,1
8864,44,22.03,3,4,1,0
8865,27,79.74,3,55,1,0
8866,42,30.36,4,28,1,0
8867,56,37.7,5,1,2,0
8868,10,28.04,4,22,2,1
8869,10,60.38,6,1,1,0
8870,22,68.25,6,9,0,0
8871,31,98.84,3,15,0,0
8872,34,101.24,4,13,3,0
8873,41,88.56,7,13,0,0
8874,2,56.32,4,18,1,0
8875,29,61.68,6,17,0,0
8876,18,59.14,5,2,0,0
8877,39,48.13,10,23,0,0
8878,3,71.74,5,18,0,0
8879,26,59.8,3,8,0,0
8880,59,45.85,3,37,0,0
8881,12,74.59,1,10,0,1
8882,5,56.42,9,9,0,0
8883,56,64.29,6,27,0,0
8884,14,40.69,3,6,0,0
8885,53,16.49,11,30,0,0
8886,32,58.68,4,30,0,1
8887,46,30.21,8,2,2,0
8888,46,85.9,3,19,0,0
8889,43,46.35,3,32,0,0
8890,50,32.44,3,19,0,0
8891,10,42.14,1,37,1,0
8892,43,52.0,3,16,0,0
8893,57,83.82,5,24,0,0
8894,1,89.73,5,15,1,0
8895,53,55.46,2,7,0,0
8896,53,42.3,5,13,0,0
8897,1,65.65,4,7,2,1
8898,50,45.26,7,13,0,0
8899,44,88.68,11,33,1,0
8900,16,37.41,2,14,0,0
8901,45,119.81,4,33,0,0
8902,36,62.33,3,11,0,0
8903,21,46.86,4,1,0,0
8904,26,79.59,5,24,1,0
8905,30,68.31,3,6,0,0
8906,13,71.95,3,3,0,0
8907,18,64.48,7,4,0,0
8908,56,62.22,5,35,0,0
8909,21,86.79,3,1,0,0
8910,38,43.26,5,9,0,0
8911,43,83.65,6,48,0,0
8912,8,45.95,6,26,2,0
8913,41,71.05,5,16,3,0
8914,40,100.7,4,4,1,0
8915,14,88.29,1,4,0,0
8916,19,51.86,11,25,0,0
8917,50,28.22,7,16,0,0
8918,34,77.63,10,82,0,0
8919,16,36.24,4,79,0,0
8920,15,59.85,5,13,0,0
8921,49,46.68,8,6,0,0
8922,27,75.98,7,19,1,0
8923,17,40.36,4,12,1,0
8924,37,34.01,2,21,0,0
8925,3,23.56,5,3,0,0
8926,9,60.27,3,23,2,0
8927,40,47.07,5,7,0,0
8928,31,40.92,5,19,0,0
8929,9,52.03,5,19,0,0
8930,36,61.83,3,18,1,0
8931,43,67.17,8,29,0,0
8932,32,31.42,7,29,0,0
8933,6,72.27,2,22,0,0
8934,22,75.0,2,1,0,0
8935,59,18.95,8,41,0,0
8936,43,67.52,5,22,0,0
8937,25,72.86,3,3,0,0
8938,35,44.31,3,18,1,0
8939,10,34.05,7,12,1,0
8940,8,58.1,3,5,0,0
8941,28,32.49,5,81,0,0
8942,54,82.3,9,11,1,0
8943,54,55.36,4,18,0,0
8944,42,101.44,4,34,1,0
8945,44,42.78,2,7,1,0
8946,37,72.24,7,13,0,0
8947,20,57.94,6,92,0,0
8948,42,41.12,5,35,1,0
8949,43,38.82,4,7,0,0
8950,32,72.13,4,1,0,0
8951,60,78.04,9,2,0,0
8952,49,75.88,4,50,1,0
8953,4,44.71,5,28,1,0
8954,39,44.5,7,6,0,0
8955,24,165.87,5,14,1,0
8956,46,66.87,6,28,1,0
8957,19,70.54,2,22,1,0
8958,56,63.8,6,26,0,0
8959,8,78.08,8,21,1,0
8960,40,58.11,8,14,0,0
8961,14,47.52,7,39,0,0
8962,29,31.09,6,4,0,0
8963,9,24.52,6,23,0,0
8964,29,39.16,8,62,0,0
8965,21,24.48,7,21,1,0
8966,58,36.18,5,32,2,0
8967,39,55.79,5,12,0,0
8968,43,42.16,5,58,0,0
8969,34,67.69,8,2,0,0
8970,42,40.75,3,1,1,0
8971,13,64.04,4,24,0,0
8972,13,45.22,6,41,1,0
8973,43,15.93,5,24,1,0
8974,45,113.81,5,5,0,0
8975,1,47.03,5,0,0,0
8976,11,42.36,3,30,0,0
8977,21,29.26,8,2,0,0
8978,54,67.29,4,9,0,0
8979,50,81.08,9,14,0,0
8980,29,42.92,5,11,0,0
8981,29,45.87,5,28,1,0
8982,42,72.87,4,13,0,0
8983,21,40.34,4,23,0,0
8984,35,96.43,5,31,0,0
8985,57,75.23,5,14,0,0
8986,54,60.1,4,15,0,0
8987,31,35.32,7,13,0,0
8988,48,67.82,5,5,0,0
8989,41,31.75,4,12,1,0
8990,12,61.04,10,11,0,0
8991,50,25.91,5,3,1,0
8992,6,81.85,4,5,1,0
8993,13,96.69,6,8,0,0
8994,56,40.67,3,19,0,0
8995,56,85.92,5,7,0,0
8996,13,31.69,6,0,1,0
8997,33,49.05,6,10,0,0
8998,13,64.14,5,2,0,0
8999,31,58.17,6,1,0,0
9000,29,50.18,4,5,1,0
9001,12,68.83,7,11,1,0
9002,1,74.75,6,10,0,0
9003,14,54.57,5,40,1,1
9004,45,49.27,8,38,0,0
9005,43,36.52,6,6,0,0
9006,40,49.22,5,38,0,1
9007,58,44.0,5,0,0,0
9008,51,77.03,5,5,0,0
9009,30,55.16,5,9,1,0
9010,41,86.04,8,30,0,0
9011,21,27.16,2,30,1,0
9012,17,95.41,7,27,0,0
9013,39,43.48,5,6,0,0
9014,17,78.02,3,16,0,0
9015,51,47.02,6,11,0,0
9016,43,67.36,7,23,0,0
9017,26,52.42,5,32,1,0
9018,8,63.91,4,5,0,0
9019,11,56.55,7,9,1,0
9020,57,104.35,6,0,1,0
9021,44,50.4,6,46,0,0
9022,21,76.41,3,1,1,0
9023,52,61.75,6,11,0,0
9024,59,32.66,7,38,0,0
9025,27,70.75,8,1,1,0
9026,13,65.96,5,8,0,0
9027,13,35.93,6,26,0,0
9028,7,26.56,5,6,1,0
9029,46,70.26,5,7,0,0
9030,13,56.98,3,0,0,0
9031,50,45.8,5,15,1,0
9032,13,51.56,3,10,1,0
9033,55,75.93,5,7,1,1
9034,55,38.54,8,11,0,0
9035,20,44.45,1,32,1,0
9036,53,59.27,8,14,0,0
9037,59,67.07,5,21,0,0
9038,46,63.53,1,17,0,0
9039,51,137.8,3,2,0,0
9040,34,65.57,5,2,3,0
9041,50,81.64,4,8,0,0
9042,34,18.7,2,5,0,0
9043,22,118.54,6,1,0,0
9044,31,88.49,5,57,0,0
9045,58,27.93,7,71,1,1
9046,6,32.13,5,11,0,0
9047,37,51.17,4,15,0,0
9048,52,61.4,6,19,1,0
9049,1,74.09,4,43,0,0
9050,30,68.43,7,18,0,0
9051,46,33.58,6,15,0,0
9052,24,59.43,5,1,1,0
9053,26,75.34,3,13,0,0
9054,33,49.95,4,52,0,1
9055,18,50.2,5,10,1,0
9056,32,81.01,4,26,1,0
9057,55,41.56,4,4,0,0
9058,8,41.24,7,3,1,0
9059,26,72.96,5,9,2,0
9060,5,47.64,4,17,0,0
9061,56,78.2,5,8,0,0
9062,17,35.81,4,15,1,0
9063,49,48.66,6,4,0,0
9064,60,46.7,8,14,0,0
9065,20,97.9,5,6,0,0
9066,45,41.79,6,135,1,1
9067,53,64.62,5,22,1,0
9068,30,54.23,4,1,0,0
9069,13,47.14,5,13,1,0
9070,54,86.56,2,2,1,0
9071,48,72.25,6,2,0,0
9072,14,72.23,6,1,1,0
9073,39,52.17,6,65,0,0
9074,25,52.65,8,57,0,0
9075,22,83.33,6,7,0,0
9076,37,95.48,5,8,1,0
9077,54,49.05,1,11,2,0
9078,56,46.38,4,17,0,0
9079,23,32.47,6,5,0,0
9080,6,36.14,7,31,0,0
9081,6,70.17,7,22,0,0
9082,14,27.47,7,6,2,0
9083,3,69.82,3,30,0,0
9084,40,48.6,6,11,0,0
9085,5,37.99,2,35,1,0
9086,32,51.97,7,5,1,0
9087,41,38.37,4,1,0,0
9088,7,31.32,3,6,1,0
9089,16,50.25,6,1,0,0
9090,12,75.03,4,35,0,0
9091,52,48.15,8,13,0,0
9092,47,31.19,7,10,0,0
9093,1,85.0,5,24,0,0
9094,25,36.19,7,33,0,0
9095,29,65.12,5,13,0,0
9096,1,107.63,7,20,0,0
9097,6,23.99,5,28,2,0
9098,34,24.61,7,5,1,0
9099,33,79.77,7,10,1,1
9100,1,104.04,3,62,0,0
9101,47,76.59,2,25,1,0
9102,7,61.6,6,72,0,1
9103,5,114.05,6,7,4,1
9104,47,70.76,5,1,0,0
9105,60,40.91,3,12,0,0
9106,55,128.04,7,84,0,1
9107,33,64.44,4,28,0,0
9108,28,57.54,4,16,0,0
9109,60,29.15,5,2,3,0
9110,40,88.95,3,11,0,0
9111,47,39.88,3,23,0,0
9112,19,37.32,4,27,1,1
9113,29,30.73,8,13,0,0
9114,1,56.11,7,9,0,0
9115,13,40.45,5,32,0,0
9116,22,38.98,6,14,0,0
9117,18,37.58,7,2,0,0
9118,22,47.41,3,1,1,0
9119,7,32.16,9,9,2,0
9120,50,65.2,3,44,0,0
9121,53,39.55,3,8,1,0
9122,19,37.86,6,18,0,0
9123,7,29.2,5,56,0,0
9124,15,112.62,6,35,1,0
9125,36,49.82,2,13,0,0
9126,6,45.29,3,12,0,0
9127,35,37.57,4,27,0,0
9128,29,93.91,6,0,0,0
9129,6,62.18,4,8,1,0
9130,14,76.84,8,18,1,0
9131,6,68.36,8,17,0,0
9132,4,72.03,2,11,0,0
9133,53,46.69,5,3,0,0
9134,16,71.06,2,65,0,1
9135,8,79.63,5,15,0,0
9136,25,74.63,11,39,1,0
9137,25,73.28,5,37,0,0
9138,9,54.4,8,22,0,0
9139,23,50.43,3,55,0,0
9140,59,68.63,6,62,0,0
9141,42,65.47,4,0,2,0
9142,22,56.9,5,33,1,0
9143,57,79.35,2,9,0,0
9144,54,60.7,1,0,2,0
9145,9,37.75,5,3,1,0
9146,35,36.71,4,4,0,0
9147,41,66.23,2,17,0,0
9148,27,43.91,6,8,0,0
9149,26,108.58,7,33,0,0
9150,36,58.22,4,4,0,0
9151,59,40.77,5,78,0,0
9152,56,33.7,3,184,0,1
9153,34,93.0,7,7,0,0
9154,58,28.92,6,13,1,0
9155,6,56.24,9,7,0,0
9156,58,66.95,7,5,1,0
9157,23,27.52,2,1,1,0
9158,29,34.28,5,7,0,0
9159,18,38.96,6,29,0,0
9160,38,126.29,4,37,1,0
9161,5,53.87,3,1,1,0
9162,41,62.94,5,7,0,0
9163,7,106.93,7,48,0,0
9164,1,47.97,7,9,0,0
9165,58,22.28,5,14,0,0
9166,35,20.2,3,35,2,0
9167,44,36.26,4,34,1,0
9168,2,70.69,7,18,1,0
9169,34,104.52,1,15,0,0
9170,9,68.7,4,10,1,0
9171,6,42.23,3,18,4,1
9172,40,37.96,11,12,1,0
9173,54,117.77,9,28,1,0
9174,49,160.8,3,24,1,0
9175,2,56.65,6,19,0,1
9176,10,71.12,6,29,0,0
9177,59,58.41,7,2,0,0
9178,53,49.04,4,12,0,0
9179,37,54.74,5,2,0,0
9180,24,30.5,4,1,0,0
9181,14,39.05,3,35,1,0
9182,44,62.12,5,5,0,0
9183,12,92.72,3,7,0,0
9184,17,55.64,7,5,0,0
9185,30,164.02,5,14,2,0
9186,55,38.64,3,21,0,0
9187,16,60.46,2,9,0,0
9188,29,79.49,4,5,1,0
9189,16,45.19,5,43,2,0
9190,15,87.88,4,3,0,0
9191,2,132.11,1,0,0,0
9192,40,33.62,4,10,0,0
9193,13,48.19,3,44,0,0
9194,32,31.2,3,17,1,0
9195,8,30.84,2,3,1,0
9196,6,91.03,3,12,3,0
9197,17,75.13,3,43,1,0
9198,11,39.83,4,8,2,0
9199,21,74.9,2,4,1,0
9200,17,28.14,6,39,0,0
9201,4,57.07,4,40,0,0
9202,51,47.65,7,25,0,0
9203,18,57.57,3,66,1,0
9204,36,46.55,7,40,0,0
9205,30,42.83,5,43,0,0
9206,7,80.61,5,7,0,0
9207,60,52.72,4,15,1,0
9208,11,64.98,4,4,2,0
9209,38,39.84,3,5,2,0
9210,11,26.51,6,43,0,0
9211,44,47.54,6,1,0,0
9212,35,32.08,4,25,0,0
9213,33,49.33,4,68,0,1
9214,60,79.64,7,47,1,1
9215,26,40.55,5,16,0,0
9216,4,96.52,5,12,0,0
9217,26,59.6,4,4,1,0
9218,5,135.35,4,21,1,0
9219,2,56.05,5,11,0,0
9220,28,66.23,3,30,1,1
9221,13,23.21,6,20,0,0
9222,53,41.22,4,2,0,0
9223,57,45.3,3,7,0,0
9224,44,107.45,4,28,0,0
9225,10,39.94,4,2,0,0
9226,22,87.94,6,7,2,0
9227,2,94.61,7,33,1,1
9228,4,36.07,6,11,2,0
9229,8,69.96,7,19,0,0
9230,3,55.36,5,24,1,1
9231,7,69.89,5,2,1,0
9232,36,57.08,3,14,0,0
9233,57,47.27,5,0,0,0
9234,38,34.42,2,12,0,0
9235,33,80.52,5,3,1,0
9236,47,32.25,5,14,0,0
9237,14,79.26,3,43,0,0
9238,21,43.94,8,19,0,0
9239,29,100.63,2,22,1,0
9240,22,82.07,5,13,1,0
9241,5,78.88,5,6,0,0
9242,52,56.53,2,20,0,0
9243,7,69.57,4,5,0,0
9244,19,56.57,5,17,0,0
9245,15,54.68,5,11,1,0
9246,53,84.46,4,15,0,0
9247,38,56.42,9,35,0,0
9248,25,59.57,6,48,1,0
9249,60,105.01,5,22,1,0
9250,23,105.34,6,7,1,0
9251,3,26.7,4,50,1,0
9252,33,20.29,5,3,1,0
9253,26,83.89,3,0,1,0
9254,17,90.63,7,5,0,0
9255,31,44.51,4,54,2,0
9256,31,95.97,4,59,0,1
9257,18,41.68,5,0,0,0
9258,38,45.74,6,5,1,0
9259,11,100.09,4,9,0,0
9260,29,39.21,6,40,0,0
9261,55,49.97,2,22,0,0
9262,24,54.14,4,18,0,0
9263,50,80.92,2,25,1,0
9264,38,37.57,4,9,1,0
9265,50,36.3,3,30,2,0
9266,50,46.4,5,8,1,0
9267,22,47.09,3,28,0,0
9268,12,62.79,4,1,1,0
9269,13,37.41,5,9,1,0
9270,42,55.29,7,32,0,0
9271,18,45.1,5,44,2,0
9272,45,53.06,3,37,1,0
9273,48,78.2,4,33,0,0
9274,19,93.59,2,12,0,0
9275,58,57.48,3,64,0,0
9276,10,96.13,3,21,1,1
9277,13,30.56,4,2,0,0
9278,28,64.03,8,19,0,0
9279,25,101.55,6,33,2,0
9280,9,51.24,3,0,0,0
9281,42,86.7,3,2,1,0
9282,18,53.04,2,21,0,0
9283,20,62.95,4,15,1,0
9284,19,51.27,6,8,0,0
9285,32,30.26,7,47,0,0
9286,2,58.17,1,0,1,0
9287,13,68.17,4,49,0,0
9288,2,40.59,8,4,0,0
9289,49,50.65,6,7,0,0
9290,53,45.91,6,6,0,0
9291,8,72.74,5,14,0,0
9292,1,76.42,3,20,1,0
9293,41,48.53,6,10,1,0
9294,33,40.73,8,4,1,0
9295,18,84.71,3,9,0,0
9296,3,52.21,6,2,1,0
9297,20,94.14,4,21,0,0
9298,57,37.65,6,2,0,0
9299,59,63.4,4,39,0,0
9300,14,38.61,1,10,1,1
9301,14,41.2,4,0,0,0
9302,24,77.88,7,11,0,0
9303,41,33.28,3,15,1,0
9304,50,65.3,6,16,2,0
9305,3,78.31,7,2,0,0
9306,22,56.99,2,13,0,1
9307,58,53.11,5,36,0,0
9308,48,73.72,3,9,1,1
9309,52,25.31,5,5,2,0
9310,34,98.41,2,15,1,0
9311,12,65.54,6,5,0,0
9312,12,59.22,4,21,0,0
9313,32,47.84,2,24,0,0
9314,39,61.12,6,29,0,0
9315,2,107.45,6,25,2,0
9316,46,80.17,4,23,2,0
9317,21,34.0,4,14,2,0
9318,54,37.13,5,14,0,0
9319,46,58.77,6,2,1,0
9320,34,36.03,4,5,0,0
9321,28,37.08,4,8,1,0
9322,37,59.01,5,9,0,0
9323,19,57.59,3,20,1,0
9324,40,58.93,5,21,0,0
9325,3,64.57,5,5,0,0
9326,42,41.01,6,13,0,0
9327,23,41.14,6,16,0,0
9328,15,42.5,1,68,0,1
9329,52,114.55,5,6,0,0
9330,42,39.41,7,25,1,0
9331,17,39.24,6,25,0,0
9332,47,19.29,5,1,0,0
9333,19,54.1,8,35,1,0
9334,18,42.5,9,38,1,0
9335,9,78.85,4,73,1,1
9336,21,50.65,4,9,0,1
9337,6,47.72,4,10,2,0
9338,46,54.7,2,3,0,0
9339,8,35.61,4,9,0,0
9340,17,36.93,5,8,0,0
9341,5,71.75,7,21,0,0
9342,54,40.91,6,33,0,0
9343,29,41.03,4,22,0,0
9344,11,67.35,4,16,0,0
9345,56,93.06,5,1,0,0
9346,59,51.28,3,11,0,0
9347,54,78.6,5,12,0,0
9348,8,29.05,3,4,2,0
9349,8,59.5,4,26,0,0
9350,4,131.33,2,15,1,0
9351,50,55.49,3,27,1,0
9352,59,60.81,5,85,1,0
9353,18,31.22,4,10,1,0
9354,60,38.24,5,18,0,0
9355,10,55.51,3,36,0,0
9356,9,30.82,6,6,0,0
9357,35,57.33,5,5,0,0
9358,33,73.3,4,22,1,0
9359,52,34.84,7,11,0,0
9360,55,45.81,8,5,1,0
9361,54,43.94,9,1,1,0
9362,5,35.87,8,14,0,0
9363,40,50.71,8,9,2,1
9364,52,49.29,3,16,1,0
9365,48,168.17,5,7,0,0
9366,10,28.77,6,27,0,1
9367,34,37.33,4,32,1,0
9368,37,27.6,6,56,2,0
9369,38,54.4,6,46,0,0
9370,10,52.18,3,14,0,0
9371,39,60.44,4,12,0,0
9372,32,48.29,5,14,1,0
9373,11,91.62,5,32,1,0
9374,52,61.45,8,16,0,0
9375,53,97.6,4,29,0,0
9376,10,88.67,3,14,0,0
9377,43,43.35,6,19,1,0
9378,23,30.49,3,67,0,0
9379,44,72.57,6,10,0,0
9380,20,49.2,5,55,1,0
9381,26,64.74,7,25,0,0
9382,19,49.7,6,1,0,0
9383,9,70.65,7,5,1,0
9384,1,30.46,5,41,1,0
9385,9,81.93,4,4,0,0
9386,35,57.13,6,1,1,0
9387,31,51.01,8,16,0,0
9388,44,88.81,3,16,0,0
9389,47,33.43,5,32,0,0
9390,31,20.64,7,9,0,0
9391,49,41.8,1,9,2,0
9392,9,58.08,2,6,0,0
9393,50,67.95,3,20,0,0
9394,11,88.14,6,26,0,0
9395,38,92.11,9,17,0,0
9396,35,63.12,9,24,2,0
9397,10,70.37,8,33,1,0
9398,6,32.8,4,2,1,0
9399,22,69.16,7,21,0,0
9400,8,69.9,3,28,1,0
9401,38,71.83,5,3,0,0
9402,5,28.15,5,7,1,0
9403,17,51.9,4,3,0,0
9404,2,72.77,4,21,2,1
9405,4,23.13,6,15,0,0
9406,24,50.13,4,14,2,1
9407,45,43.33,4,5,0,0
9408,10,61.81,7,3,1,0
9409,41,53.42,5,17,0,0
9410,31,42.98,4,3,0,0
9411,54,40.44,4,14,1,0
9412,19,59.86,3,18,1,0
9413,41,35.01,7,44,3,0
9414,2,50.48,3,14,0,0
9415,9,41.07,6,55,0,0
9416,58,55.24,7,1,1,0
9417,29,33.76,7,8,0,0
9418,27,49.02,3,16,1,0
9419,2,50.35,3,21,0,0
9420,35,82.0,4,6,1,0
9421,50,69.35,5,34,1,1
9422,28,116.02,4,2,0,0
9423,24,56.21,5,16,2,0
9424,24,68.26,8,0,0,0
9425,53,36.33,8,0,0,0
9426,52,102.26,5,28,1,0
9427,12,102.42,8,17,0,0
9428,26,55.29,3,4,0,0
9429,3,77.35,8,0,1,0
9430,50,49.88,3,3,2,0
9431,35,40.34,5,25,0,0
9432,1,54.07,4,16,0,0
9433,17,77.08,3,4,0,0
9434,3,64.17,6,7,1,0
9435,6,58.55,2,31,1,0
9436,41,109.09,4,4,0,0
9437,46,63.36,9,19,2,0
9438,14,120.43,7,14,0,0
9439,47,75.72,3,11,0,0
9440,23,69.91,5,40,1,0
9441,19,74.6,3,7,0,0
9442,50,43.88,3,27,0,0
9443,60,44.53,5,6,1,0
9444,33,53.48,2,4,0,0
9445,56,126.22,7,5,0,0
9446,5,60.26,10,33,0,0
9447,5,45.58,4,23,1,0
9448,47,78.92,7,44,2,0
9449,10,60.54,4,24,1,0
9450,42,53.87,4,17,1,0
9451,58,40.99,3,10,0,0
9452,43,33.65,6,7,0,0
9453,24,74.19,5,0,0,0
9454,28,43.81,7,2,0,0
9455,23,29.89,7,3,2,0
9456,57,84.28,3,3,0,0
9457,22,42.61,3,3,1,0
9458,50,56.81,4,11,0,0
9459,44,45.16,3,60,1,0
9460,55,108.2,5,18,0,0
9461,13,46.15,4,4,0,0
9462,7,90.93,3,24,0,1
9463,15,101.76,3,27,0,0
9464,49,59.13,7,6,1,0
9465,14,39.84,4,36,2,1
9466,43,25.74,8,4,2,0
9467,51,60.07,4,14,0,0
9468,24,104.01,5,137,0,1
9469,59,40.97,1,7,1,0
9470,11,87.2,8,9,0,0
9471,48,46.45,10,1,2,0
9472,33,79.39,8,52,3,0
9473,42,88.02,5,14,0,0
9474,53,53.3,6,7,0,0
9475,33,74.38,3,34,0,0
9476,48,55.67,6,20,0,0
9477,30,42.1,3,20,0,0
9478,28,26.07,4,6,0,0
9479,45,28.54,2,30,1,0
9480,4,35.27,6,17,1,0
9481,48,110.44,4,7,0,0
9482,3,60.26,3,38,2,0
9483,32,58.46,2,4,0,0
9484,31,53.56,3,2,0,0
9485,33,37.06,5,56,0,0
9486,13,54.23,9,1,0,0
9487,29,34.99,6,19,1,0
9488,8,66.86,2,14,0,0
9489,40,29.75,6,5,0,0
9490,1,48.67,4,2,0,0
9491,49,74.1,4,11,1,0
9492,30,70.0,3,40,1,0
9493,22,57.34,7,26,0,0
9494,24,55.11,5,11,1,0
9495,48,94.43,4,3,0,0
9496,27,57.79,6,20,0,0
9497,6,41.15,4,8,0,0
9498,3,64.01,4,25,1,0
9499,37,52.32,4,5,1,0
9500,56,50.18,5,16,1,0
9501,32,61.63,5,1,1,0
9502,43,37.73,5,1,2,0
9503,37,33.31,6,7,0,0
9504,55,42.21,7,35,0,0
9505,10,24.18,7,9,0,0
9506,60,101.85,6,19,1,0
9507,59,111.34,5,2,1,0
9508,50,58.24,5,16,0,1
9509,1,37.39,4,38,1,0
9510,47,73.12,6,24,1,0
9511,52,65.31,5,61,0,0
9512,46,107.98,3,4,2,0
9513,10,32.78,8,3,0,0
9514,51,34.03,3,10,0,0
9515,3,31.87,6,29,1,0
9516,34,47.76,5,1,1,0
9517,23,35.07,8,54,0,0
9518,60,63.29,4,22,0,0
9519,16,126.09,3,8,0,0
9520,36,95.32,5,3,1,0
9521,2,29.77,2,16,0,0
9522,34,65.33,8,74,0,0
9523,13,60.45,5,1,0,0
9524,10,79.21,8,63,0,1
9525,4,55.56,6,17,0,0
9526,49,46.66,9,2,0,0
9527,19,47.5,7,23,0,0
9528,11,23.33,3,4,0,0
9529,53,47.27,1,37,1,0
9530,48,51.06,5,5,0,0
9531,8,74.93,5,1,0,0
9532,29,60.36,3,23,0,0
9533,17,45.15,3,1,1,0
9534,10,82.91,3,7,0,0
9535,9,59.17,6,15,2,0
9536,55,32.56,3,18,0,0
9537,32,41.55,4,15,0,0
9538,24,41.18,11,9,0,0
9539,55,57.0,6,91,1,1
9540,53,37.27,6,16,0,0
9541,52,78.29,5,11,1,0
9542,10,62.2,7,49,1,0
9543,39,47.4,5,13,0,0
9544,58,53.4,8,1,1,0
9545,12,45.24,3,21,0,0
9546,1,58.0,7,21,0,0
9547,57,49.69,4,22,0,0
9548,7,86.36,3,17,1,0
9549,59,30.04,2,14,0,0
9550,43,44.59,4,21,0,0
9551,26,59.11,5,2,1,0
9552,58,23.86,8,38,0,0
9553,40,76.82,5,10,0,0
9554,3,63.15,5,6,0,0
9555,45,74.19,5,3,1,0
9556,46,18.94,5,17,1,1
9557,29,82.53,9,18,2,0
9558,9,101.8,8,8,0,0
9559,53,69.93,5,4,0,0
9560,59,86.69,4,2,0,0
9561,52,58.41,4,28,0,0
9562,1,63.41,4,71,1,1
9563,55,61.21,4,4,1,0
9564,5,177.82,7,51,0,0
9565,57,54.67,5,9,0,0
9566,40,46.8,3,16,0,0
9567,15,44.66,2,21,0,1
9568,21,98.18,2,1,0,0
9569,29,46.31,9,13,0,0
9570,29,73.59,4,43,1,0
9571,4,45.67,2,5,1,0
9572,4,93.26,2,19,0,0
9573,46,76.09,6,13,1,0
9574,17,69.6,5,23,0,0
9575,13,112.88,7,14,0,0
9576,46,32.96,4,0,0,0
9577,19,124.24,6,6,0,0
9578,57,100.63,3,20,0,0
9579,12,86.41,2,2,1,0
9580,33,58.69,3,69,0,0
9581,5,87.92,5,11,0,0
9582,40,63.36,5,10,1,0
9583,38,67.68,4,7,0,0
9584,28,155.69,5,11,0,0
9585,5,44.49,5,7,1,0
9586,53,39.57,6,7,1,0
9587,43,56.06,10,55,1,0
9588,12,37.04,4,16,1,0
9589,20,40.67,4,26,0,0
9590,60,57.94,4,27,1,0
9591,60,61.81,8,25,1,0
9592,32,112.91,5,0,0,0
9593,27,41.02,6,5,0,0
9594,60,65.49,6,11,0,0
9595,9,28.77,7,36,1,0
9596,13,75.19,4,1,0,0
9597,37,66.17,5,1,0,0
9598,5,37.16,6,2,0,0
9599,58,63.35,7,0,0,0
9600,25,42.98,8,9,0,0
9601,50,16.67,3,3,0,0
9602,11,26.91,2,42,1,0
9603,7,25.43,4,8,2,0
9604,45,63.22,4,2,1,0
9605,13,45.64,4,65,1,1
9606,26,57.66,4,8,0,0
9607,53,60.38,6,29,0,0
9608,13,52.35,1,1,0,0
9609,55,50.59,3,40,1,0
9610,50,79.44,6,12,0,0
9611,4,33.27,8,17,0,1
9612,10,57.51,5,36,1,0
9613,21,66.7,4,7,1,1
9614,25,66.57,4,3,1,0
9615,23,35.3,3,27,0,0
9616,52,36.37,3,5,1,0
9617,40,31.09,4,17,0,0
9618,4,35.8,4,19,0,0
9619,37,65.21,2,13,0,0
9620,1,67.25,6,7,1,0
9621,47,46.82,4,35,1,0
9622,27,47.85,1,29,1,0
9623,60,33.45,1,9,1,0
9624,21,86.67,1,2,1,0
9625,9,16.09,7,14,0,0
9626,30,90.35,6,1,0,0
9627,1,94.71,6,13,1,0
9628,12,45.09,4,3,0,0
9629,22,66.54,5,11,1,0
9630,27,74.91,5,5,0,0
9631,43,53.45,7,6,1,0
9632,54,51.12,8,14,0,0
9633,34,71.97,5,4,1,0
9634,37,37.84,4,16,1,0
9635,3,48.53,4,20,0,0
9636,25,79.12,5,18,0,0
9637,15,66.66,4,37,0,0
9638,42,53.98,5,17,1,0
9639,41,71.06,5,1,0,0
9640,35,42.63,5,32,0,0
9641,59,53.89,4,28,0,0
9642,53,102.91,3,5,0,0
9643,27,147.98,8,3,0,0
9644,44,49.2,7,76,0,0
9645,55,85.48,3,22,0,0
9646,14,39.3,7,46,2,1
9647,44,54.78,2,3,0,0
9648,44,48.56,3,38,0,0
9649,34,43.4,9,2,1,0
9650,3,82.69,4,12,0,0
9651,38,52.58,6,39,1,0
9652,22,67.03,3,1,1,0
9653,29,123.95,4,1,0,0
9654,16,44.11,4,5,0,0
9655,57,74.71,1,3,0,0
9656,45,43.51,7,4,0,0
9657,36,52.25,2,18,1,1
9658,56,91.04,8,2,1,0
9659,56,51.25,2,5,1,0
9660,47,55.24,7,47,0,0
9661,22,61.87,3,34,1,0
9662,29,41.26,5,19,0,0
9663,37,40.86,7,16,0,1
9664,14,87.44,3,2,0,0
9665,27,87.12,2,3,1,0
9666,50,93.99,4,27,0,0
9667,8,42.94,6,10,0,0
9668,26,66.84,4,26,1,0
9669,23,109.55,4,21,0,0
9670,7,86.22,4,24,0,1
9671,24,39.89,4,36,0,0
9672,12,64.16,5,6,0,0
9673,1,31.13,3,7,1,0
9674,29,69.46,9,72,1,1
9675,19,82.05,4,5,1,0
9676,54,66.63,5,23,2,0
9677,2,46.14,4,3,1,0
9678,33,45.44,5,10,0,0
9679,42,89.53,4,5,0,0
9680,12,41.74,6,4,0,0
9681,40,73.32,6,7,2,0
9682,53,119.16,6,11,0,0
9683,22,67.32,5,14,1,0
9684,26,43.79,8,25,0,0
9685,41,76.73,2,28,0,0
9686,12,24.83,8,8,0,1
9687,32,57.11,6,7,0,0
9688,58,38.56,3,5,0,0
9689,29,50.46,7,56,0,0
9690,22,23.5,4,9,1,0
9691,26,85.01,3,14,1,0
9692,53,32.07,2,39,0,0
9693,57,56.64,2,2,1,0
9694,7,64.86,4,25,0,0
9695,38,73.68,3,52,0,0
9696,48,36.11,5,6,1,0
9697,60,51.28,5,41,1,0
9698,7,54.19,6,57,0,0
9699,1,54.7,3,11,0,0
9700,22,57.74,5,1,0,0
9701,9,85.24,6,32,2,0
9702,7,42.79,7,7,0,1
9703,53,39.92,9,11,0,0
9704,9,91.96,3,71,2,0
9705,47,106.71,7,0,0,0
9706,47,110.97,7,76,0,0
9707,54,52.83,6,12,1,0
9708,38,52.83,4,32,1,0
9709,30,41.41,8,8,0,0
9710,11,43.73,3,0,0,0
9711,36,48.09,4,5,0,0
9712,25,65.48,3,17,0,0
9713,9,48.32,4,0,1,0
9714,10,38.38,5,39,1,0
9715,15,30.38,6,16,0,0
9716,40,103.34,5,18,0,0
9717,21,54.15,3,1,1,0
9718,38,58.0,5,34,0,0
9719,49,22.77,4,15,0,0
9720,42,33.91,5,5,0,0
9721,5,68.46,1,0,1,0
9722,49,30.08,7,35,1,0
9723,2,39.93,4,12,0,0
9724,45,52.89,8,3,0,0
9725,48,29.3,4,12,0,0
9726,13,74.63,2,32,1,0
9727,52,53.25,7,108,1,0
9728,2,45.43,4,18,2,0
9729,19,54.73,3,14,0,0
9730,48,46.76,8,15,2,0
9731,4,93.62,5,30,1,0
9732,20,77.11,4,51,0,0
9733,59,152.52,7,26,0,0
9734,55,54.48,4,2,0,0
9735,2,132.62,6,10,1,0
9736,45,39.38,3,13,0,0
9737,16,89.47,6,12,0,0
9738,28,56.16,4,3,0,0
9739,20,57.77,3,5,1,0
9740,42,58.14,7,15,0,0
9741,54,75.33,4,30,0,0
9742,5,56.77,5,35,3,1
9743,7,24.21,6,3,0,0
9744,1,49.74,5,20,0,0
9745,11,53.11,2,11,0,0
9746,36,58.08,3,99,1,0
9747,34,78.77,4,31,1,0
9748,8,52.28,3,22,0,0
9749,29,43.12,5,57,0,0
9750,22,84.83,6,11,0,0
9751,17,65.08,5,96,0,1
9752,26,55.89,4,20,0,0
9753,26,50.25,8,25,0,0
9754,32,47.3,3,21,0,0
9755,40,41.51,3,2,1,0
9756,16,34.79,7,5,0,0
9757,1,71.15,5,37,0,0
9758,37,69.0,2,42,0,0
9759,43,44.77,6,3,0,0
9760,4,37.03,5,2,3,1
9761,4,42.58,3,26,0,0
9762,29,64.37,2,13,1,0
9763,7,85.25,4,40,0,0
9764,18,33.16,5,49,0,0
9765,11,71.88,4,104,0,1
9766,21,98.62,5,16,0,0
9767,6,72.23,2,27,1,1
9768,24,40.32,3,5,1,1
9769,11,34.55,3,1,1,0
9770,31,50.68,9,3,0,0
9771,51,97.11,8,18,0,0
9772,43,73.68,9,11,1,0
9773,21,50.03,5,30,0,0
9774,48,89.3,5,9,1,0
9775,35,45.96,2,26,1,1
9776,22,45.75,3,12,1,0
9777,49,49.69,4,28,0,0
9778,26,34.12,6,28,1,0
9779,26,40.74,11,20,0,0
9780,54,29.59,6,39,1,0
9781,26,38.52,2,35,1,0
9782,6,193.82,5,70,0,0
9783,39,75.54,5,25,0,0
9784,10,48.02,4,4,0,0
9785,47,48.55,8,51,1,0
9786,56,38.22,4,1,0,0
9787,49,89.22,8,22,0,0
9788,8,40.97,5,1,0,0
9789,55,57.05,3,12,0,0
9790,40,49.76,5,1,0,1
9791,15,58.06,3,18,0,0
9792,22,32.57,9,6,2,0
9793,31,62.46,5,8,0,0
9794,28,34.23,4,23,2,0
9795,40,55.09,5,1,1,0
9796,44,94.38,5,13,2,0
9797,56,71.1,4,5,1,0
9798,57,57.98,5,22,0,0
9799,4,25.88,5,2,0,0
9800,47,107.38,4,58,0,0
9801,25,85.76,3,7,0,0
9802,33,48.51,5,7,2,0
9803,1,70.25,4,1,0,0
9804,54,99.11,3,23,0,0
9805,8,65.16,7,2,0,0
9806,19,67.66,6,21,0,0
9807,49,60.82,4,27,0,0
9808,52,49.8,5,24,0,0
9809,23,41.6,4,17,1,1
9810,39,57.8,8,15,0,0
9811,18,50.66,4,36,1,0
9812,7,106.92,6,4,0,0
9813,29,50.96,6,1,0,0
9814,34,127.07,4,6,0,0
9815,42,36.04,6,3,1,0
9816,38,117.72,4,11,0,0
9817,37,82.52,3,24,1,0
9818,50,26.37,7,1,1,0
9819,11,42.76,3,5,2,0
9820,23,42.25,3,2,0,0
9821,1,36.81,5,28,0,0
9822,4,76.52,6,31,2,0
9823,41,58.93,5,13,1,0
9824,19,62.23,7,19,0,0
9825,28,18.24,5,9,1,0
9826,22,38.09,2,1,0,0
9827,6,50.78,3,2,0,0
9828,31,161.24,4,28,1,0
9829,3,52.09,7,21,0,0
9830,60,52.18,4,8,0,0
9831,33,59.09,6,2,2,0
9832,49,102.85,8,16,0,0
9833,33,78.44,5,48,3,0
9834,27,82.75,4,25,0,0
9835,21,68.28,5,12,1,0
9836,13,39.39,4,10,0,0
9837,49,107.67,8,10,2,0
9838,17,22.36,8,9,0,0
9839,13,74.58,2,8,0,0
9840,7,27.12,6,7,0,0
9841,2,111.2,6,35,0,0
9842,23,49.25,8,30,0,0
9843,7,38.12,8,14,0,0
9844,39,69.42,6,3,0,0
9845,3,31.98,2,2,0,0
9846,30,57.36,6,11,0,0
9847,10,63.4,7,4,1,0
9848,7,52.64,2,17,0,0
9849,50,67.3,5,9,1,1
9850,29,67.7,4,23,0,0
9851,22,59.63,3,2,0,0
9852,56,101.7,3,8,1,0
9853,13,36.99,3,18,2,0
9854,3,49.43,6,17,0,0
9855,58,73.41,4,3,0,0
9856,21,35.94,5,39,1,0
9857,32,19.18,4,5,1,0
9858,17,60.73,4,21,2,0
9859,45,89.3,4,1,2,0
9860,57,65.02,2,43,0,0
9861,24,51.55,5,15,0,0
9862,6,43.65,6,3,2,0
9863,11,43.0,5,2,0,0
9864,34,89.96,2,10,0,0
9865,40,140.94,4,11,0,0
9866,19,72.74,2,12,1,0
9867,49,45.7,4,3,1,0
9868,39,67.26,4,5,0,0
9869,14,55.86,4,56,0,0
9870,26,50.84,5,6,1,0
9871,37,43.51,4,7,1,0
9872,1,37.09,6,2,0,0
9873,30,46.38,2,107,1,0
9874,23,32.04,10,12,0,0
9875,38,75.01,2,14,1,0
9876,58,83.81,6,45,0,0
9877,1,47.07,8,8,0,0
9878,56,82.62,5,2,0,0
9879,30,79.72,7,48,0,1
9880,2,95.16,7,26,0,0
9881,31,58.69,7,4,0,0
9882,45,59.76,6,5,0,0
9883,23,25.33,5,3,0,0
9884,13,67.96,6,3,0,0
9885,1,36.2,8,12,0,0
9886,60,35.57,2,9,1,0
9887,27,86.27,6,20,1,0
9888,43,82.29,5,1,0,0
9889,9,85.67,6,36,0,0
9890,16,90.36,5,56,0,0
9891,38,71.39,5,11,1,0
9892,34,26.21,7,80,1,1
9893,20,29.63,6,52,1,0
9894,38,75.09,6,23,0,0
9895,20,46.62,4,1,1,0
9896,60,67.42,3,13,0,0
9897,50,58.2,5,3,2,0
9898,1,39.05,3,128,0,1
9899,27,32.8,5,2,1,0
9900,53,36.23,3,10,1,0
9901,11,71.95,10,26,0,0
9902,37,34.52,3,4,0,0
9903,8,23.26,6,3,0,0
9904,35,71.31,6,10,0,0
9905,41,70.87,2,29,0,0
9906,45,61.15,4,17,1,0
9907,29,30.59,6,18,2,0
9908,44,119.84,10,21,0,0
9909,57,41.96,7,19,1,0
9910,2,58.08,7,0,0,0
9911,37,48.4,2,0,0,0
9912,1,51.06,7,1,0,0
9913,41,71.69,4,2,0,0
9914,44,68.37,7,4,1,0
9915,45,28.91,5,5,1,0
9916,19,57.75,7,9,0,0
9917,26,34.23,2,4,0,1
9918,50,23.34,3,1,3,0
9919,16,20.51,8,7,2,0
9920,42,62.68,4,1,0,0
9921,37,53.98,6,22,0,0
9922,52,69.77,5,9,0,1
9923,52,64.95,4,23,0,0
9924,58,62.13,4,47,0,0
9925,58,38.83,5,9,0,0
9926,48,66.27,4,6,1,0
9927,6,34.08,5,37,0,0
9928,53,44.48,8,17,0,0
9929,16,54.13,4,19,0,0
9930,39,88.17,11,5,0,0
9931,55,75.17,6,18,0,0
9932,22,66.39,3,1,3,0
9933,48,112.16,2,69,1,0
9934,35,124.09,4,11,1,0
9935,33,60.5,5,36,0,0
9936,5,83.08,5,8,1,0
9937,32,57.18,6,95,0,0
9938,27,56.97,4,16,0,0
9939,38,46.89,5,17,0,0
9940,2,42.83,7,1,2,1
9941,4,79.66,5,0,0,0
9942,7,87.39,2,27,0,0
9943,31,56.32,3,6,0,0
9944,16,50.81,2,41,0,0
9945,34,47.11,4,23,0,0
9946,29,52.35,5,60,2,1
9947,22,43.55,6,9,0,0
9948,33,62.24,6,7,0,0
9949,35,38.13,4,3,0,0
9950,28,57.27,5,4,1,0
9951,6,64.2,11,1,0,0
9952,34,81.38,5,3,0,0
9953,5,29.75,4,1,0,0
9954,56,56.62,7,3,1,0
9955,28,25.9,7,39,0,0
9956,4,41.91,6,12,0,0
9957,46,79.3,6,1,1,0
9958,42,58.32,11,45,0,0
9959,26,39.39,10,8,0,0
9960,48,56.71,7,8,0,0
9961,15,52.22,5,29,1,0
9962,28,79.27,3,10,1,0
9963,38,65.19,12,6,0,0
9964,60,55.04,9,6,1,0
9965,47,82.74,5,25,1,0
9966,41,35.01,4,20,0,0
9967,25,44.28,12,1,0,0
9968,60,24.18,3,15,0,0
9969,20,152.6,7,6,0,0
9970,22,35.6,8,3,0,0
9971,14,47.79,6,12,1,0
9972,55,25.73,6,17,0,0
9973,31,74.04,4,6,1,0
9974,44,38.51,3,68,1,0
9975,53,60.13,4,6,0,0
9976,36,47.73,8,13,0,0
9977,3,61.8,5,66,1,0
9978,3,43.16,7,10,0,0
9979,1,119.45,4,5,0,0
9980,32,50.84,3,1,0,0
9981,2,70.77,4,23,1,1
9982,22,45.41,8,12,0,0
9983,57,47.35,7,2,0,0
9984,46,45.71,5,93,1,1
9985,17,83.43,3,3,1,0
9986,44,44.36,2,22,0,0
9987,7,28.25,6,3,1,0
9988,45,74.34,7,7,1,0
9989,18,48.06,6,12,1,0
9990,14,41.72,4,35,0,1
9991,1,25.21,6,9,0,0
9992,34,74.81,7,51,0,0
9993,13,83.65,4,21,0,0
9994,46,21.81,4,30,0,0
9995,19,46.56,5,11,1,0
9996,22,62.57,6,23,0,0
9997,5,54.79,2,16,1,0
9998,42,52.93,6,36,1,0
9999,29,49.9,4,47,0,0
10000,19,61.99,4,9,0,0
10001,5,85.35,3,40,0,0
10002,47,46.99,6,1,1,0
10003,38,34.16,5,11,1,0
10004,46,51.58,6,6,1,0
10005,19,49.19,8,64,0,0
10006,54,74.7,4,20,1,0
10007,47,76.94,4,38,0,0
10008,23,31.37,2,20,0,0
10009,1,30.58,4,28,1,1
10010,59,40.82,7,10,2,0
10011,17,70.53,2,3,2,1
10012,34,95.5,7,18,1,0
10013,24,34.08,3,13,1,0
10014,13,45.73,5,7,1,0
10015,18,30.47,5,17,0,0
10016,20,43.67,5,9,1,1
10017,27,82.12,4,62,1,0
10018,47,35.43,4,1,0,0
10019,11,41.84,4,2,0,0
10020,46,41.61,4,4,0,0
10021,9,50.54,4,1,1,0
10022,25,33.24,1,4,1,0
10023,57,57.49,4,33,1,0
10024,13,57.58,6,14,0,0
10025,14,39.48,4,6,1,0
10026,54,58.63,2,16,0,0
10027,49,30.53,5,47,0,0
10028,21,28.3,7,3,1,0
10029,16,83.57,3,20,1,0
10030,19,37.19,8,6,0,0
10031,8,78.36,5,20,0,0
10032,37,53.57,2,2,2,0
10033,51,67.58,4,7,0,0
10034,34,101.28,5,29,0,0
10035,38,31.36,4,6,1,0
10036,56,53.99,7,1,0,0
10037,18,45.31,4,8,0,0
10038,42,46.34,4,52,1,0
10039,15,55.75,3,18,0,0
10040,60,36.31,4,33,0,0
10041,30,38.15,8,16,0,0
10042,20,48.3,10,3,3,0
10043,32,34.79,5,14,1,0
10044,58,50.9,7,21,0,0
10045,42,75.41,7,26,2,0
10046,2,39.4,4,5,2,0
10047,38,59.17,5,3,0,0
10048,27,55.84,9,2,1,0
10049,13,46.18,4,52,0,0
10050,50,120.16,7,35,1,0
10051,41,63.62,4,23,0,1
10052,2,40.43,3,1,0,0
10053,34,60.57,4,9,2,0
10054,59,63.01,3,6,0,0
10055,37,60.28,7,17,2,0
10056,10,73.96,5,2,0,0
10057,27,61.5,2,62,0,0
10058,41,37.88,9,23,0,0
10059,21,70.8,6,3,0,0
10060,54,107.56,6,6,1,0
10061,23,93.85,5,13,0,0
10062,46,21.82,2,5,0,0
10063,33,42.4,8,4,0,0
10064,17,58.57,2,14,2,0
10065,37,36.86,2,12,0,0
10066,51,51.67,5,14,1,0
10067,55,107.58,5,81,2,1
10068,30,101.63,4,11,0,0
10069,15,45.35,3,12,0,0
10070,3,29.5,6,6,0,0
10071,54,41.11,5,4,0,0
10072,8,65.33,4,26,1,0
10073,11,97.16,4,47,1,0
10074,36,96.99,5,5,2,1
10075,47,63.27,1,5,0,0
10076,36,50.41,6,13,1,0
10077,21,51.86,4,3,0,0
10078,54,147.06,6,10,1,0
10079,57,28.39,4,3,0,0
10080,28,72.67,7,39,0,0
10081,7,42.45,4,3,0,0
10082,11,37.44,5,7,0,0
10083,28,74.18,3,139,1,1
10084,8,78.1,5,9,0,0
10085,36,64.41,5,11,0,0
10086,39,52.24,6,9,1,0
10087,29,68.39,4,14,0,0
10088,6,39.22,4,18,1,0
10089,25,65.8,6,25,0,0
10090,18,36.71,10,29,0,0
10091,22,45.51,5,11,0,1
10092,54,43.89,6,4,0,0
10093,59,43.5,2,6,2,0
10094,31,57.17,5,7,1,0
10095,9,60.49,5,70,0,0
10096,15,42.63,6,17,0,0
10097,26,29.97,5,1,1,0
10098,58,42.48,7,24,0,0
10099,45,54.28,5,25,0,0
10100,37,56.16,3,20,0,0
10101,48,44.64,5,14,0,0
10102,32,56.75,5,52,0,0
10103,46,89.31,2,37,0,0
10104,27,92.38,2,2,0,0
10105,60,32.5,6,23,0,0
10106,18,49.82,5,3,1,0
10107,36,57.55,4,0,0,0
10108,27,31.31,3,30,0,0
10109,28,107.92,9,4,2,0
10110,55,59.84,5,13,1,0
10111,5,46.09,3,6,0,0
10112,32,93.25,4,12,0,0
10113,6,72.5,5,4,1,0
10114,18,84.59,5,7,0,0
10115,6,43.3,7,28,0,0
10116,60,80.52,9,6,3,0
10117,25,37.92,6,11,0,0
10118,9,62.6,2,57,1,0
10119,51,77.01,6,37,1,0
10120,26,77.62,3,42,1,0
10121,39,48.15,4,5,1,0
10122,12,28.57,3,7,0,0
10123,28,45.25,14,73,1,0
10124,13,96.11,7,37,1,0
10125,34,42.6,4,28,1,0
10126,17,62.28,8,2,1,0
10127,26,45.49,7,1,1,0
10128,11,66.71,5,16,0,0
10129,40,61.94,3,31,2,0
10130,53,61.28,6,21,1,0
10131,10,32.85,3,4,0,0
10132,36,32.73,2,1,1,0
10133,33,38.78,10,47,1,0
10134,52,49.99,6,41,0,0
10135,58,50.61,6,128,0,1
10136,54,30.8,4,2,1,1
10137,1,133.77,6,34,0,0
10138,46,29.28,5,8,1,0
10139,9,68.17,9,11,0,0
10140,33,86.07,2,10,1,0
10141,22,45.24,6,28,1,0
10142,21,37.18,5,7,1,0
10143,5,41.97,3,14,0,0
10144,37,113.15,4,15,1,0
10145,38,54.06,3,31,1,0
10146,34,47.98,8,2,0,0
10147,56,48.86,3,6,1,0
10148,37,30.09,6,16,0,0
10149,9,91.99,6,46,0,0
10150,44,45.55,5,6,1,0
10151,15,47.2,5,6,0,0
10152,51,49.51,3,1,0,0
10153,59,40.29,1,11,0,0
10154,47,35.97,8,10,0,0
10155,6,26.82,7,9,0,0
10156,3,60.66,10,29,0,0
10157,35,46.86,6,30,0,0
10158,14,37.23,6,23,0,0
10159,48,81.56,7,40,1,0
10160,23,82.22,8,53,0,0
10161,54,19.73,2,2,0,0
10162,1,46.42,5,52,1,0
10163,58,38.47,3,8,0,0
10164,16,64.97,7,13,1,0
10165,25,48.95,6,9,0,0
10166,4,92.1,4,37,0,0
10167,47,27.69,5,7,0,0
10168,57,44.22,3,8,1,0
10169,33,26.1,4,31,0,0
10170,40,43.11,6,18,0,0
10171,33,34.44,4,2,2,0
10172,8,69.31,3,25,1,0
10173,58,62.95,6,23,0,0
10174,50,43.73,4,3,1,0
10175,47,31.24,2,51,0,0
10176,25,72.79,1,5,1,0
10177,2,56.78,7,33,2,0
10178,39,46.57,3,2,0,0
10179,26,120.05,6,4,0,0
10180,22,109.11,5,36,0,0
10181,45,60.16,3,9,1,0
10182,33,22.99,2,37,1,1
10183,17,45.9,6,80,1,0
10184,2,28.48,3,9,1,0
10185,44,96.08,7,58,0,0
10186,16,95.22,5,59,1,1
10187,25,52.42,4,52,0,0
10188,10,73.89,7,7,2,0
10189,32,78.09,2,46,1,0
10190,43,61.62,6,19,0,0
10191,55,70.45,7,54,1,0
10192,31,137.28,5,10,0,0
10193,52,52.15,7,34,0,0
10194,54,36.38,3,21,0,0
10195,39,51.18,4,6,1,0
10196,30,49.06,4,7,0,0
10197,35,69.02,7,13,1,0
10198,28,124.19,5,49,1,0
10199,47,60.31,5,16,0,0
10200,60,99.05,5,5,2,0
10201,40,24.51,3,20,1,0
10202,3,75.58,5,8,1,0
10203,45,48.39,9,2,2,0
10204,18,63.91,3,35,1,1
10205,53,91.24,9,47,0,0
10206,35,90.64,7,13,1,0
10207,8,45.04,6,1,0,0
10208,1,83.22,4,13,1,0
10209,33,60.87,6,28,0,0
10210,27,50.17,8,11,0,0
10211,17,66.99,8,29,0,0
10212,21,33.11,2,4,1,0
10213,24,17.56,5,19,0,0
10214,38,74.6,5,19,0,0
10215,49,42.96,4,19,1,0
10216,27,109.45,6,8,0,0
10217,26,50.18,5,7,0,0
10218,57,27.13,7,66,0,0
10219,44,49.09,6,8,0,0
10220,31,78.5,4,8,1,0
10221,60,39.79,3,26,0,1
10222,40,67.92,3,10,0,0
10223,26,41.91,6,50,0,0
10224,1,74.25,6,9,1,0
10225,55,24.98,6,7,0,0
10226,45,110.65,5,5,0,0
10227,50,52.59,8,14,0,0
10228,41,41.36,5,4,0,0
10229,60,74.11,12,45,0,0
10230,45,54.68,6,29,1,0
10231,59,46.56,7,24,1,0
10232,16,47.1,3,19,0,0
10233,17,42.54,5,39,0,0
10234,31,70.28,2,25,1,0
10235,1,77.99,6,1,0,0
10236,6,62.17,3,1,0,0
10237,28,49.7,3,27,0,0
10238,41,127.61,6,10,0,0
10239,9,40.87,3,0,0,0
10240,27,60.77,4,23,0,0
10241,38,33.29,5,14,1,0
10242,29,43.53,2,1,1,0
10243,31,24.44,3,45,2,0
10244,8,80.61,4,30,0,1
10245,16,25.86,5,13,0,0
10246,12,26.83,4,8,2,0
10247,57,61.67,4,2,1,0
10248,9,98.43,3,11,1,0
10249,17,86.04,5,34,0,0
10250,14,73.85,4,32,2,0
10251,24,31.72,2,18,1,0
10252,6,71.72,4,5,0,0
10253,23,45.15,6,1,0,0
10254,57,22.77,5,29,0,0
10255,22,50.07,4,14,0,0
10256,5,71.48,8,49,0,0
10257,3,40.48,6,48,0,0
10258,54,81.42,9,74,0,1
10259,28,63.14,6,4,0,0
10260,20,38.28,1,9,0,0
10261,51,46.07,10,1,0,0
10262,59,32.52,6,36,0,0
10263,27,61.54,5,9,2,1
10264,24,81.26,2,59,2,1
10265,52,42.16,3,11,1,0
10266,58,75.05,5,3,1,0
10267,54,66.29,6,42,0,0
10268,8,49.0,8,0,0,0
10269,38,26.21,7,24,0,0
10270,32,19.01,5,9,0,0
10271,27,60.67,3,38,0,0
10272,58,79.27,6,9,0,0
10273,36,62.33,6,9,0,0
10274,56,34.12,5,12,0,0
10275,28,59.66,3,28,1,0
10276,49,53.17,7,13,0,0
10277,32,86.02,3,49,0,0
10278,3,38.22,3,19,1,0
10279,42,23.98,5,11,0,0
10280,59,97.16,1,11,2,0
10281,29,73.64,5,13,0,1
10282,31,52.47,3,45,0,0
10283,52,45.85,5,25,0,0
10284,60,27.03,3,2,1,0
10285,59,48.32,10,6,2,0
10286,57,104.36,6,15,1,0
10287,41,46.91,5,81,1,1
10288,7,54.54,3,19,0,1
10289,53,75.98,3,5,0,0
10290,8,26.1,6,6,1,0
10291,11,70.13,8,40,0,0
10292,53,59.62,5,7,0,0
10293,22,94.88,6,4,1,0
10294,17,45.35,5,19,0,0
10295,43,83.79,4,3,2,0
10296,50,32.62,2,20,0,0
10297,19,43.76,4,1,0,0
10298,51,83.92,2,5,1,1
10299,32,60.31,6,1,0,0
10300,17,61.56,3,12,2,0
10301,57,58.12,5,19,2,0
10302,41,68.24,7,31,2,0
10303,1,94.06,2,20,1,0
10304,3,69.15,5,50,1,1
10305,54,65.41,4,10,0,0
10306,23,33.79,9,0,0,0
10307,13,33.99,5,30,1,0
10308,19,50.35,6,24,0,0
10309,57,40.38,3,9,0,0
10310,2,46.2,2,42,0,0
10311,22,62.22,4,9,1,0
10312,40,51.73,5,9,2,0
10313,59,53.77,5,17,0,0
10314,13,84.4,4,5,0,0
10315,39,30.58,5,44,1,0
10316,54,81.11,5,40,1,0
10317,42,46.64,7,3,0,0
10318,6,68.76,6,3,0,0
10319,58,94.05,4,7,0,0
10320,39,57.29,5,42,0,0
10321,39,64.69,3,12,1,0
10322,44,75.86,5,1,0,0
10323,8,80.15,5,19,1,0
10324,13,139.73,6,17,2,0
10325,14,46.47,8,3,1,0
10326,56,57.5,6,3,0,0
10327,13,85.57,7,21,2,0
10328,5,46.51,6,66,1,0
10329,37,51.77,5,1,0,0
10330,34,61.02,5,9,0,0
10331,9,52.01,2,3,1,0
10332,31,36.32,6,3,0,0
10333,23,60.95,2,57,0,0
10334,55,160.02,2,0,0,0
10335,14,66.8,4,27,0,0
10336,42,79.67,2,13,0,0
10337,2,46.88,6,56,0,0
10338,6,38.34,8,31,0,0
10339,24,52.72,5,37,0,0
10340,27,34.64,2,30,1,0
10341,37,83.97,10,4,0,0
10342,12,102.23,4,1,1,0
10343,27,259.4,5,48,0,0
10344,23,32.71,5,38,0,0
10345,49,59.93,5,27,0,0
10346,50,85.82,3,7,1,0
10347,50,31.93,6,27,0,0
10348,36,54.68,7,2,1,0
10349,8,26.14,4,22,0,0
10350,15,30.48,7,18,0,0
10351,45,38.8,1,1,0,0
10352,47,53.93,5,0,1,0
10353,49,91.24,6,7,1,0
10354,7,101.93,3,41,1,0
10355,28,30.61,3,19,0,0
10356,41,55.26,3,32,0,0
10357,16,41.33,2,6,1,0
10358,45,42.06,6,2,0,1
10359,53,99.74,5,41,0,0
10360,7,69.02,5,34,0,0
10361,24,103.77,4,6,0,0
10362,23,91.08,4,19,0,0
10363,13,48.35,4,1,2,0
10364,54,49.96,6,13,1,0
10365,40,148.42,6,1,1,0
10366,45,87.61,6,14,0,0
10367,8,39.5,5,14,1,0
10368,49,82.71,5,8,0,0
10369,39,53.66,12,71,0,1
10370,46,121.65,4,32,0,0
10371,16,46.69,5,23,0,0
10372,17,54.48,2,7,0,0
10373,7,106.0,3,23,0,0
10374,16,45.95,8,15,1,0
10375,31,27.81,8,13,0,0
10376,24,160.85,6,7,0,0
10377,6,143.5,5,42,1,0
10378,10,46.14,4,9,0,0
10379,11,68.09,5,2,1,0
10380,23,110.41,7,34,0,0
10381,54,66.65,3,16,0,0
10382,60,30.96,4,23,1,0
10383,51,35.22,5,13,0,0
10384,48,93.31,10,22,0,0
10385,5,42.21,6,11,1,0
10386,37,59.57,6,3,0,0
10387,60,54.25,7,10,1,0
10388,29,57.89,3,2,0,0
10389,53,126.67,3,13,0,0
10390,36,65.02,2,20,0,0
10391,31,57.65,6,5,4,0
10392,26,56.77,4,16,0,0
10393,3,53.28,4,5,0,0
10394,50,75.28,2,21,0,0
10395,33,23.12,6,28,0,0
10396,9,64.1,4,24,0,0
10397,20,48.13,2,31,0,0
10398,28,77.65,3,0,0,0
10399,33,64.35,10,20,1,0
10400,9,44.76,6,5,0,0
10401,59,47.5,4,64,1,1
10402,26,57.93,4,54,1,0
10403,33,43.64,7,7,0,0
10404,20,66.06,6,21,0,0
10405,18,61.15,10,0,0,0
10406,26,67.79,3,16,0,0
10407,50,35.66,7,4,0,0
10408,21,75.85,6,7,0,0
10409,30,31.51,3,24,0,0
10410,47,90.02,5,36,1,0
10411,52,46.47,5,18,1,0
10412,59,75.39,4,26,1,1
10413,59,50.52,4,13,3,0
10414,5,67.68,5,49,0,0
10415,53,70.89,3,27,0,0
10416,11,50.88,5,34,5,1
10417,14,153.44,6,28,0,1
10418,57,43.06,4,4,1,0
10419,11,48.68,2,3,2,1
10420,38,74.32,3,10,0,0
10421,54,39.51,6,34,0,0
10422,59,45.25,5,3,0,0
10423,47,66.03,7,25,0,0
10424,34,110.6,7,19,0,0
10425,6,40.5,5,2,0,0
10426,43,59.57,4,5,1,0
10427,18,88.33,4,11,0,0
10428,18,49.68,4,41,0,0
10429,50,28.8,2,14,0,0
10430,27,53.77,5,5,0,0
10431,54,64.66,3,13,1,0
10432,55,60.08,8,16,1,0
10433,49,38.01,7,16,2,0
10434,25,144.95,9,12,0,0
10435,44,61.2,3,6,1,0
10436,30,51.71,4,2,2,0
10437,25,52.46,4,4,0,1
10438,29,49.07,8,79,0,0
10439,5,57.1,3,23,0,0
10440,54,29.24,4,2,0,0
10441,20,53.49,6,14,1,0
10442,31,54.01,6,83,1,0
10443,22,38.33,9,61,0,0
10444,59,69.31,9,19,0,0
10445,56,95.64,6,4,0,0
10446,47,66.25,8,3,0,0
10447,44,31.04,5,13,1,0
10448,5,42.99,3,6,1,1
10449,18,71.75,4,27,1,0
10450,44,56.54,5,55,0,0
10451,26,37.48,8,7,1,0
10452,37,43.91,3,0,1,0
10453,23,68.43,3,11,0,0
10454,7,77.55,2,16,0,0
10455,25,44.21,5,31,0,0
10456,13,40.35,3,41,0,0
10457,23,74.09,9,21,1,0
10458,14,77.97,3,28,0,0
10459,17,35.9,5,13,0,0
10460,53,17.92,11,2,0,0
10461,46,41.4,1,37,0,0
10462,38,54.76,2,18,0,0
10463,21,30.58,8,11,0,0
10464,47,56.17,8,40,2,0
10465,22,72.06,8,64,0,0
10466,49,116.5,3,9,1,0
10467,20,39.73,6,52,0,0
10468,56,41.53,6,31,0,0
10469,39,72.37,3,5,1,0
10470,14,59.01,5,28,0,0
10471,39,51.75,3,18,1,0
10472,37,51.07,8,3,0,0
10473,43,21.38,2,39,0,0
10474,19,24.92,6,4,3,0
10475,5,75.78,6,1,0,0
10476,9,45.79,5,4,1,0
10477,45,33.78,4,19,0,0
10478,58,27.65,10,46,0,0
10479,13,38.95,6,5,0,0
10480,8,64.87,4,10,1,0
10481,26,70.95,6,2,0,0
10482,48,25.19,5,17,0,0
10483,10,40.05,2,60,1,0
10484,21,72.16,5,21,0,0
10485,27,75.09,7,28,0,0
10486,7,47.45,2,37,1,1
10487,58,36.11,8,13,0,0
10488,31,55.15,7,60,0,0
10489,2,34.07,6,2,0,0
10490,47,55.2,4,23,0,0
10491,40,87.28,4,35,0,1
10492,54,81.32,3,2,0,0
10493,20,34.43,5,13,0,0
10494,50,48.4,3,14,0,0
10495,57,99.67,11,2,1,0
10496,15,78.97,5,26,0,0
10497,9,31.39,4,18,1,0
10498,1,65.97,9,0,0,0
10499,57,46.38,3,11,0,0
10500,25,40.4,5,21,0,0
10501,51,99.14,10,1,0,0
10502,49,107.72,2,2,0,0
10503,50,29.27,5,32,0,0
10504,59,78.12,7,46,0,0
10505,41,135.24,5,45,0,0
10506,50,76.83,5,41,0,0
10507,60,27.29,5,7,1,0
10508,31,62.25,2,8,1,0
10509,6,48.94,7,5,0,1
10510,31,28.41,6,130,0,1
10511,10,53.6,9,28,1,0
10512,45,35.87,10,13,0,0
10513,42,60.56,4,23,2,0
10514,21,65.29,5,89,0,1
10515,19,34.83,1,12,0,1
10516,23,66.08,2,5,0,0
10517,47,41.42,5,43,1,0
10518,8,45.77,2,24,0,0
10519,25,91.62,4,19,0,0
10520,45,23.79,4,3,1,0
10521,58,57.89,7,17,0,0
10522,45,34.05,3,28,0,0
10523,22,39.42,7,22,0,0
10524,27,65.09,6,13,1,0
10525,59,59.55,4,14,1,0
10526,11,37.17,4,6,1,0
10527,12,31.15,6,35,0,0
10528,6,51.05,4,0,0,0
10529,4,98.72,3,24,1,0
10530,14,39.44,2,12,0,0
10531,39,70.89,6,49,0,0
10532,10,48.66,3,9,0,0
10533,12,45.37,3,3,0,0
10534,31,56.15,6,40,0,0
10535,1,46.36,5,42,0,0
10536,43,58.69,4,21,0,0
10537,34,29.97,2,49,0,0
10538,45,34.12,1,38,1,0
10539,56,62.95,4,2,0,0
10540,21,62.09,7,13,0,0
10541,28,42.25,6,47,0,0
10542,17,62.75,3,33,2,1
10543,35,79.36,2,20,1,0
10544,43,27.37,6,47,0,0
10545,5,59.81,3,21,1,0
10546,51,44.08,4,2,1,0
10547,6,44.06,5,51,1,0
10548,15,122.54,5,2,0,0
10549,6,49.66,3,1,0,0
10550,45,77.37,4,12,2,0
10551,22,53.52,3,37,0,0
10552,31,42.26,11,39,0,0
10553,30,36.35,4,0,0,0
10554,56,63.16,6,37,0,0
10555,9,49.5,5,41,1,0
10556,5,106.28,4,125,1,1
10557,50,50.54,6,19,0,0
10558,47,37.05,6,16,0,0
10559,58,73.17,5,14,1,0
10560,45,52.4,5,5,0,0
10561,40,55.49,7,38,1,0
10562,56,60.23,3,34,0,0
10563,22,25.58,3,8,0,0
10564,6,110.68,2,52,0,0
10565,57,78.14,4,57,2,0
10566,3,53.67,6,49,0,0
10567,25,73.78,4,13,1,0
10568,39,41.84,4,31,1,0
10569,19,73.95,6,4,1,0
10570,59,55.06,2,72,1,0
10571,8,32.78,3,9,0,0
10572,9,42.59,6,2,0,0
10573,10,45.51,7,16,1,0
10574,5,35.79,3,19,0,0
10575,35,100.75,7,48,0,0
10576,3,89.7,4,2,0,0
10577,48,36.67,5,39,0,0
10578,48,37.08,1,3,0,1
10579,55,43.24,3,2,1,0
10580,17,47.33,3,27,1,1
10581,30,22.23,3,16,2,0
10582,45,48.64,6,12,0,0
10583,54,91.07,5,8,2,0
10584,46,56.94,6,8,0,0
10585,23,30.96,4,1,2,0
10586,22,29.0,5,19,0,0
10587,49,110.06,1,23,0,0
10588,18,75.82,7,26,1,0
10589,48,62.89,3,6,1,0
10590,24,108.08,6,9,0,0
10591,48,56.48,4,5,0,0
10592,55,93.88,1,1,0,0
10593,28,101.69,3,91,2,1
10594,38,63.57,6,41,1,0
10595,56,72.1,5,30,1,0
10596,30,55.05,5,19,1,0
10597,8,48.85,6,26,0,0
10598,56,44.88,6,21,0,0
10599,6,49.83,9,24,0,0
10600,39,48.57,3,3,0,1
10601,50,50.7,2,49,1,0
10602,38,49.49,6,34,0,0
10603,32,51.77,6,5,0,0
10604,20,87.87,6,5,0,0
10605,3,25.94,4,13,1,0
10606,26,43.54,6,6,0,0
10607,39,76.44,4,6,0,0
10608,35,86.77,4,28,2,0
10609,27,50.57,5,19,0,0
10610,59,40.77,5,10,0,0
10611,27,23.28,5,32,2,0
10612,17,25.72,8,31,0,0
10613,14,53.81,7,19,0,1
10614,16,90.34,5,95,0,1
10615,51,36.99,8,0,0,0
10616,39,59.26,7,7,1,0
10617,49,56.67,6,25,0,0
10618,2,56.92,6,10,1,0
10619,44,76.68,6,50,0,1
10620,2,64.96,5,7,1,0
10621,54,156.13,5,8,0,0
10622,46,28.91,6,11,0,0
10623,1,53.42,4,28,0,0
10624,20,39.86,4,1,0,0
10625,5,72.31,3,88,0,1
10626,26,50.09,3,13,0,0
10627,9,43.73,7,4,0,0
10628,25,65.29,6,9,0,0
10629,47,69.73,3,24,0,0
10630,11,60.41,5,3,0,0
10631,25,62.35,5,35,1,0
10632,4,32.7,4,8,1,0
10633,12,48.3,4,64,0,0
10634,52,20.87,5,2,1,0
10635,8,58.14,6,69,0,1
10636,16,38.44,5,55,0,0
10637,46,30.12,4,69,0,0
10638,59,48.33,7,37,0,0
10639,35,35.22,4,20,0,0
10640,44,50.33,6,32,2,1
10641,57,67.56,7,12,1,0
10642,30,65.82,4,53,0,0
10643,29,70.28,5,4,1,0
10644,2,72.72,7,76,1,1
10645,16,53.42,8,40,0,0
10646,9,55.4,2,15,0,0
10647,31,65.57,5,19,0,0
10648,22,72.39,4,24,0,0
10649,34,49.95,5,1,0,0
10650,7,90.25,5,21,0,0
10651,41,65.96,4,2,0,0
10652,34,33.01,5,13,1,0
10653,44,31.77,5,5,0,0
10654,58,41.63,8,45,1,0
10655,17,46.6,5,2,0,0
10656,20,60.69,7,3,0,0
10657,41,108.05,3,64,0,0
10658,22,22.14,3,50,0,0
10659,59,45.3,6,13,2,0
10660,18,107.69,9,5,0,0
10661,39,24.49,4,25,1,0
10662,51,83.82,5,3,1,0
10663,13,59.98,8,28,0,0
10664,5,41.07,4,15,1,0
10665,24,100.0,2,12,1,1
10666,51,49.73,5,10,0,0
10667,21,73.79,3,70,0,0
10668,41,51.12,5,3,0,0
10669,10,46.09,2,9,0,0
10670,46,35.19,2,13,0,0
10671,53,38.78,5,40,2,0
10672,59,71.79,4,14,0,0
10673,1,59.48,3,7,2,0
10674,37,51.38,6,9,1,0
10675,35,44.84,7,2,1,0
10676,50,54.84,2,38,0,1
10677,50,61.81,3,7,0,0
10678,27,44.0,8,45,2,0
10679,26,62.53,5,13,0,1
10680,48,67.81,3,0,0,0
10681,21,48.5,6,43,1,1
10682,59,52.23,6,39,1,1
10683,22,73.77,8,66,0,0
10684,14,37.63,6,13,0,0
10685,45,75.68,6,6,2,0
10686,39,86.69,3,9,2,1
10687,47,33.63,5,10,1,0
10688,58,98.45,5,9,0,0
10689,56,65.99,5,12,0,0
10690,57,45.24,2,24,1,1
10691,35,55.16,6,22,0,0
10692,39,98.78,5,39,1,0
10693,29,86.88,3,6,2,0
10694,51,36.77,5,11,1,0
10695,54,38.82,4,23,1,0
10696,17,37.13,3,15,1,0
10697,48,144.11,6,26,0,0
10698,51,155.77,6,2,0,0
10699,40,42.09,5,6,0,0
10700,6,83.81,3,50,0,0
10701,5,65.87,4,2,0,0
10702,10,71.53,2,10,0,0
10703,46,95.88,8,8,1,0
10704,20,58.55,2,21,1,0
10705,14,29.53,6,21,1,0
10706,20,49.76,3,21,0,0
10707,44,71.69,7,2,0,0
10708,32,55.1,6,22,3,0
10709,50,76.74,5,11,0,0
10710,44,60.3,5,12,0,0
10711,44,31.13,3,1,2,0
10712,52,62.44,5,6,2,0
10713,55,62.85,5,9,2,0
10714,39,58.35,5,13,0,0
10715,36,44.34,5,30,1,0
10716,40,33.65,5,4,1,1
10717,58,89.89,6,17,0,0
10718,31,80.52,6,12,1,0
10719,28,51.27,5,3,2,0
10720,22,31.63,4,30,1,1
10721,32,78.13,4,37,0,1
10722,28,42.68,9,21,0,0
10723,18,32.13,6,15,3,1
10724,32,78.72,7,6,0,0
10725,59,46.35,4,7,0,0
10726,13,102.73,2,5,0,0
10727,41,69.67,7,36,0,0
10728,33,36.36,4,17,0,0
10729,2,44.24,6,17,0,0
10730,56,50.82,7,1,3,0
10731,32,101.96,5,17,1,0
10732,50,46.67,7,13,0,0
10733,33,94.35,2,1,0,0
10734,47,55.5,2,23,0,0
10735,4,49.21,3,55,1,0
10736,51,15.57,7,42,0,0
10737,32,51.74,5,23,0,0
10738,35,39.12,6,27,0,0
10739,59,90.31,2,9,0,0
10740,12,165.96,4,20,2,0
10741,45,86.73,6,3,1,0
10742,20,78.49,2,70,0,1
10743,13,65.1,4,3,0,0
10744,43,53.69,6,12,0,0
10745,15,70.14,5,4,0,0
10746,42,36.89,5,4,0,0
10747,48,49.61,4,13,2,1
10748,25,46.84,3,5,2,0
10749,45,35.8,6,28,0,0
10750,47,70.91,11,54,0,0
10751,18,71.07,4,1,1,0
10752,59,42.11,3,17,0,0
10753,43,44.78,5,18,1,0
10754,55,70.65,6,8,0,0
10755,46,45.9,6,5,1,0
10756,26,44.84,3,1,0,0
10757,44,66.11,5,12,1,0
10758,10,82.2,4,18,1,0
10759,44,84.3,6,20,0,0
10760,10,47.44,6,13,0,0
10761,2,58.91,3,14,0,0
10762,37,46.05,2,4,0,0
10763,39,48.87,3,3,0,0
10764,18,98.98,5,6,1,0
10765,60,56.66,3,21,2,0
10766,1,42.8,4,13,1,0
10767,40,39.04,6,2,0,0
10768,11,56.38,6,19,2,0
10769,17,61.46,9,49,2,0
10770,9,40.96,5,16,1,0
10771,51,45.74,2,13,0,0
10772,60,68.72,5,5,1,0
10773,30,38.49,5,71,1,1
10774,45,35.2,4,6,1,0
10775,57,72.75,3,45,0,0
10776,2,36.84,8,26,0,0
10777,59,38.53,3,14,0,0
10778,3,69.55,3,23,1,0
10779,23,105.39,7,18,0,0
10780,25,18.99,3,17,0,0
10781,17,82.69,3,5,2,0
10782,19,61.13,7,44,1,0
10783,45,43.33,4,15,1,0
10784,46,30.9,4,60,0,0
10785,23,41.65,7,29,0,0
10786,50,51.65,3,60,0,0
10787,34,78.67,8,5,0,0
10788,5,36.38,8,37,0,1
10789,52,48.26,7,3,1,0
10790,8,52.47,5,16,0,0
10791,17,76.23,5,5,2,0
10792,49,25.7,6,14,1,0
10793,48,55.99,3,50,1,0
10794,41,58.17,1,41,0,0
10795,3,97.2,6,3,0,0
10796,45,55.24,7,19,1,0
10797,29,34.82,5,1,1,0
10798,23,38.97,7,3,0,1
10799,39,34.07,7,0,1,0
10800,43,31.85,7,6,1,0
10801,5,35.86,7,15,1,0
10802,6,12.41,6,33,1,0
10803,48,70.27,1,28,1,0
10804,53,42.24,8,89,1,1
10805,21,70.32,3,31,0,1
10806,31,68.13,7,10,0,0
10807,38,48.13,3,26,1,0
10808,7,38.85,5,4,0,0
10809,3,78.31,6,14,1,0
10810,13,30.13,3,5,0,0
10811,8,44.42,2,13,0,0
10812,47,45.55,5,1,1,0
10813,23,47.67,3,2,1,0
10814,43,35.69,5,15,1,0
10815,20,42.27,1,5,0,0
10816,36,64.66,6,16,1,0
10817,43,79.79,9,0,0,0
10818,31,48.14,8,28,0,0
10819,45,50.04,2,40,1,0
10820,15,71.15,5,5,0,0
10821,48,62.16,2,8,1,0
10822,18,91.04,4,46,1,0
10823,6,65.3,3,5,0,0
10824,60,63.68,2,18,1,0
10825,50,59.27,6,32,1,0
10826,33,57.59,2,24,0,0
10827,57,77.16,6,10,1,0
10828,40,60.36,8,1,0,0
10829,19,77.16,4,28,1,0
10830,13,113.76,5,12,0,0
10831,23,44.97,9,17,0,0
10832,6,46.85,2,20,0,0
10833,13,52.73,2,2,0,0
10834,47,63.26,2,16,1,0
10835,35,95.89,3,6,1,0
10836,24,97.41,4,36,0,0
10837,42,50.15,7,18,1,0
10838,25,49.8,5,10,0,0
10839,17,83.9,4,32,1,0
10840,15,24.54,6,11,0,0
10841,59,45.1,3,1,0,0
10842,48,45.65,5,65,0,0
10843,26,25.16,2,7,0,0
10844,18,98.13,4,28,0,0
10845,6,42.88,8,6,0,0
10846,47,87.55,2,29,0,0
10847,47,52.64,3,22,0,0
10848,29,56.15,7,23,0,0
10849,35,41.39,5,46,0,0
10850,46,36.59,6,69,1,0
10851,35,50.12,5,6,0,0
10852,30,56.33,4,3,0,0
10853,16,75.69,3,21,1,0
10854,31,43.82,7,3,0,0
10855,2,68.18,9,13,1,0
10856,35,39.78,5,12,1,1
10857,24,33.79,5,36,1,0
10858,2,59.16,6,7,0,0
10859,45,109.16,8,26,2,0
10860,18,72.17,4,12,1,0
10861,48,38.57,5,30,1,0
10862,10,53.83,4,18,1,0
10863,52,65.91,9,6,2,0
10864,50,41.0,6,4,0,0
10865,1,59.64,5,47,0,0
10866,1,27.11,7,15,0,0
10867,38,19.47,3,8,0,0
10868,52,40.06,5,24,2,0
10869,11,59.7,5,80,1,1
10870,11,97.37,6,57,1,0
10871,39,25.37,5,21,0,0
10872,10,67.96,9,6,0,0
10873,4,46.37,8,26,1,0
10874,60,53.76,8,10,0,0
10875,59,45.08,7,3,0,0
10876,47,32.52,7,1,0,0
10877,7,36.91,8,1,1,0
10878,20,43.47,2,36,1,0
10879,55,44.81,5,4,1,0
10880,60,81.01,2,3,0,0
10881,8,49.62,6,29,0,0
10882,37,75.62,7,20,0,0
10883,53,93.9,8,6,0,0
10884,4,27.91,5,43,0,0
10885,54,43.44,5,42,1,0
10886,2,42.07,4,3,1,0
10887,39,45.88,10,9,0,0
10888,9,46.58,5,74,0,0
10889,13,46.54,7,2,1,0
10890,51,99.1,4,25,0,0
10891,44,66.82,7,20,0,0
10892,53,65.84,2,5,1,0
10893,42,114.45,4,5,0,0
10894,10,22.38,3,39,2,1
10895,5,62.38,5,18,0,0
10896,55,37.75,1,6,1,1
10897,55,45.48,7,18,0,0
10898,45,52.06,5,6,0,0
10899,18,35.02,4,50,0,1
10900,45,34.26,8,13,0,0
10901,51,58.59,6,36,2,0
10902,21,71.72,8,25,0,0
10903,45,33.76,8,2,0,0
10904,49,28.31,5,14,0,0
10905,19,27.07,7,23,1,1
10906,30,63.12,6,37,0,0
10907,43,48.12,3,11,1,0
10908,60,64.66,8,61,0,0
10909,4,127.01,5,3,0,0
10910,25,29.29,7,30,0,0
10911,26,81.01,8,17,0,0
10912,3,72.87,5,4,0,0
10913,24,66.6,2,1,0,0
10914,12,53.11,5,18,0,0
10915,36,38.36,6,21,0,0
10916,47,43.09,5,9,0,0
10917,49,26.31,2,3,0,0
10918,55,39.58,5,18,1,0
10919,54,47.04,4,18,1,0
10920,5,41.24,4,39,1,0
10921,37,76.71,2,5,0,0
10922,6,64.08,6,19,0,1
10923,49,77.94,4,18,0,0
10924,24,61.73,6,21,1,0
10925,30,24.16,3,34,1,0
10926,12,50.72,5,25,0,0
10927,3,45.97,4,21,0,0
10928,15,24.33,6,2,0,0
10929,30,47.47,5,17,2,1
10930,54,43.54,4,2,0,0
10931,39,102.43,7,22,1,0
10932,40,95.32,6,13,1,0
10933,51,40.01,7,49,1,0
10934,37,24.83,3,1,0,0
10935,28,59.42,6,40,2,0
10936,16,69.64,7,17,0,0
10937,21,44.78,1,28,0,0
10938,14,65.2,4,18,0,0
10939,38,34.48,4,12,0,0
10940,2,91.27,5,13,0,0
10941,27,34.83,5,115,0,1
10942,4,33.04,5,39,0,0
10943,33,37.01,3,2,1,0
10944,56,51.45,7,16,0,0
10945,60,29.71,1,32,1,0
10946,32,54.56,8,38,0,0
10947,16,49.47,5,6,0,0
10948,8,75.65,7,27,0,0
10949,54,54.32,6,14,2,0
10950,26,53.63,4,29,1,0
10951,39,30.81,6,1,2,0
10952,49,100.46,5,0,2,1
10953,20,26.64,3,10,0,0
10954,36,49.74,4,28,2,1
10955,23,69.66,4,20,1,0
10956,27,61.22,1,3,0,0
10957,6,60.05,4,6,0,0
10958,38,73.93,5,1,0,0
10959,11,88.03,5,1,0,0
10960,33,64.81,5,9,0,0
10961,57,62.77,2,11,0,0
10962,59,57.33,2,4,0,0
10963,52,33.74,3,6,0,0
10964,56,85.71,6,26,1,0
10965,58,33.4,7,0,0,0
10966,23,67.47,8,73,0,0
10967,41,37.24,3,0,2,0
10968,2,55.62,6,15,1,0
10969,9,46.02,4,26,0,0
10970,3,37.55,4,30,1,0
10971,21,50.1,5,82,1,1
10972,8,42.64,4,27,0,0
10973,40,69.23,5,2,0,0
10974,9,61.67,5,15,2,0
10975,48,79.49,8,10,0,0
10976,39,27.19,7,20,1,0
10977,53,34.0,4,23,0,0
10978,44,40.16,2,9,0,0
10979,11,72.29,1,17,2,0
10980,13,40.2,6,38,0,0
10981,53,49.74,5,31,0,0
10982,41,28.28,3,42,0,0
10983,53,54.85,7,2,1,0
10984,54,68.6,7,23,1,0
10985,49,130.76,5,13,1,0
10986,51,62.51,4,3,1,0
10987,42,96.76,1,8,1,0
10988,55,42.56,7,2,0,0
10989,43,35.18,7,8,1,0
10990,17,71.64,4,0,0,0
10991,23,61.62,4,25,1,0
10992,16,86.52,3,18,0,0
10993,59,53.77,6,49,0,0
10994,46,77.01,8,9,0,0
10995,28,69.8,8,19,3,0
10996,3,56.05,5,26,0,0
10997,49,53.66,7,2,0,0
10998,3,63.29,4,25,1,0
10999,28,28.04,9,21,0,0
11000,42,81.04,4,5,2,0
11001,58,90.92,4,15,0,0
11002,44,44.24,5,48,0,0
11003,46,71.65,6,40,0,1
11004,22,27.3,5,3,0,0
11005,38,42.9,8,7,0,0
11006,41,34.59,2,2,0,0
11007,13,27.61,5,0,0,0
11008,51,41.64,4,3,1,0
11009,44,78.03,5,8,0,0
11010,24,66.87,6,38,1,1
11011,17,63.08,6,11,2,0
11012,22,54.01,7,44,0,0
11013,33,37.77,6,2,1,0
11014,11,65.37,2,11,1,0
11015,42,111.01,5,8,2,0
11016,52,40.41,5,8,0,0
11017,59,106.66,3,1,0,0
11018,43,44.89,5,6,0,0
11019,10,51.93,3,1,0,0
11020,57,48.03,6,38,0,0
11021,49,51.49,5,83,0,1
11022,50,65.15,3,45,1,0
11023,57,30.72,4,11,0,0
11024,2,44.23,3,13,2,0
11025,33,81.49,3,22,0,0
11026,58,37.48,6,2,1,0
11027,46,86.41,5,50,0,1
11028,40,38.4,4,14,1,0
11029,54,46.55,6,7,1,1
11030,59,48.63,7,21,0,0
11031,39,65.32,3,26,2,0
11032,54,80.86,5,5,1,0
11033,37,63.02,7,9,0,1
11034,35,63.06,6,45,0,0
11035,26,36.33,4,10,0,0
11036,31,63.38,3,19,0,0
11037,42,180.17,6,10,1,0
11038,13,64.69,8,15,1,0
11039,43,87.99,4,4,1,0
11040,36,59.88,4,15,0,0
11041,47,64.76,5,48,0,0
11042,26,34.29,5,7,2,0
11043,37,54.77,7,4,1,0
11044,52,33.51,8,1,0,0
11045,53,31.29,7,36,0,0
11046,17,47.93,5,10,0,0
11047,8,57.43,7,24,0,0
11048,9,90.27,6,8,0,0
11049,45,61.26,4,16,0,0
11050,39,51.15,5,22,0,0
11051,18,113.1,2,20,1,0
11052,45,71.18,2,1,0,0
11053,18,28.15,6,39,0,0
11054,39,49.46,6,1,0,0
11055,58,53.79,5,34,1,0
11056,39,39.39,6,32,0,0
11057,30,49.13,8,7,0,0
11058,19,43.36,7,1,1,0
11059,6,43.25,6,11,1,0
11060,40,78.4,5,83,0,1
11061,60,39.5,4,9,1,0
11062,28,65.49,3,10,0,1
11063,13,88.9,2,8,0,1
11064,19,58.95,5,10,0,0
11065,59,42.45,5,9,1,0
11066,59,30.81,5,11,0,0
11067,45,130.47,9,32,1,0
11068,49,77.47,6,46,0,0
11069,39,49.14,5,41,0,0
11070,26,54.17,3,7,1,0
11071,49,27.93,5,15,0,0
11072,10,30.66,5,14,0,0
11073,34,45.9,5,0,0,0
11074,37,48.77,6,4,0,0
11075,11,83.83,4,33,0,1
11076,20,40.27,4,1,0,0
11077,49,52.83,4,15,0,0
11078,37,35.23,4,14,0,0
11079,26,56.73,2,31,0,1
11080,26,66.09,7,24,0,0
11081,24,69.38,3,8,0,0
11082,12,93.53,4,29,0,0
11083,37,26.78,4,10,1,0
11084,56,38.58,7,63,0,1
11085,47,55.31,6,33,0,0
11086,45,69.38,7,7,0,0
11087,6,85.31,4,20,1,0
11088,37,81.55,3,21,0,0
11089,52,34.01,4,10,1,0
11090,47,59.98,4,21,0,0
11091,18,27.65,7,16,0,0
11092,40,51.47,5,22,0,0
11093,8,78.72,1,15,0,0
11094,5,63.62,6,8,1,0
11095,20,70.42,4,7,2,0
11096,40,95.65,3,3,1,0
11097,7,115.96,2,5,0,0
11098,46,33.87,5,29,0,0
11099,30,87.46,9,1,1,0
11100,56,84.48,5,22,1,0
11101,10,47.06,6,5,0,0
11102,17,63.95,3,33,1,1
11103,57,64.94,4,18,1,0
11104,3,40.78,8,12,2,0
11105,2,51.29,3,11,2,0
11106,2,61.21,12,7,0,0
11107,15,50.59,5,15,0,0
11108,43,69.34,4,0,0,0
11109,55,72.21,10,65,2,1
11110,7,64.6,6,27,1,0
11111,32,45.26,2,80,0,0
11112,8,52.9,4,128,0,1
11113,27,41.75,2,1,1,0
11114,18,75.21,5,2,2,0
11115,51,70.47,7,0,1,0
11116,30,60.54,7,43,0,0
11117,30,27.89,7,17,1,0
11118,30,39.02,2,18,3,0
11119,49,52.94,6,31,1,0
11120,22,52.51,4,10,2,0
11121,11,25.2,7,19,0,0
11122,52,47.75,5,21,2,0
11123,50,36.66,3,8,0,0
11124,20,90.73,3,39,0,0
11125,24,61.66,5,31,0,0
11126,22,44.14,8,19,0,0
11127,52,63.75,4,1,1,0
11128,52,63.91,4,25,0,0
11129,56,63.7,4,23,1,0
11130,50,78.36,6,24,0,0
11131,28,70.38,7,34,0,0
11132,54,84.95,6,12,0,0
11133,36,37.0,5,1,0,0
11134,17,49.82,1,5,1,1
11135,32,68.26,5,8,1,0
11136,37,41.63,5,7,1,0
11137,39,81.84,6,55,0,0
11138,49,58.54,4,33,0,0
11139,43,59.87,5,2,1,0
11140,40,62.96,4,23,0,0
11141,17,21.65,5,24,0,0
11142,32,24.77,9,31,1,0
11143,22,60.75,6,8,0,0
11144,10,44.19,5,2,2,0
11145,36,34.46,4,15,0,0
11146,21,56.53,3,3,0,1
11147,21,33.43,3,5,0,0
11148,2,112.59,5,31,0,0
11149,20,61.65,3,12,0,0
11150,47,25.9,1,28,0,0
11151,24,64.1,5,10,1,0
11152,41,38.51,3,6,1,0
11153,3,54.81,5,17,2,0
11154,10,72.76,5,58,0,0
11155,11,95.13,3,31,1,0
11156,57,20.81,9,13,0,0
11157,45,53.83,9,21,1,0
11158,31,99.47,2,30,0,0
11159,1,42.2,4,27,1,0
11160,23,39.48,5,11,0,0
11161,3,73.34,4,33,0,0
11162,53,25.94,3,19,0,0
11163,24,46.79,3,5,0,0
11164,12,29.82,2,12,1,0
11165,55,58.37,6,0,0,0
11166,4,41.63,3,0,0,0
11167,32,65.3,5,35,1,0
11168,34,41.43,4,11,1,0
11169,13,76.12,7,36,0,0
11170,59,58.83,7,46,0,0
11171,36,99.63,7,28,0,0
11172,6,87.35,4,10,2,0
11173,58,65.35,5,59,0,0
11174,1,102.14,4,37,2,0
11175,2,26.13,7,17,0,1
11176,26,71.63,5,5,2,0
11177,17,79.07,4,2,1,0
11178,44,93.17,2,8,1,0
11179,36,57.94,3,2,0,0
11180,19,52.46,8,4,1,0
11181,12,45.39,5,11,0,0
11182,50,77.18,3,8,2,1
11183,6,62.45,3,16,0,0
11184,37,32.13,2,46,0,0
11185,19,48.69,5,14,1,0
11186,48,68.3,4,7,2,0
11187,9,61.61,2,46,0,1
11188,58,82.42,4,23,1,0
11189,12,59.63,1,6,0,0
11190,58,62.32,4,2,4,0
11191,16,44.44,2,11,1,0
11192,55,82.31,6,30,0,0
11193,9,55.02,8,46,1,0
11194,26,63.01,4,13,1,0
11195,24,84.67,7,23,3,0
11196,53,36.3,2,39,0,0
11197,23,89.28,2,11,0,0
11198,37,45.91,7,85,2,1
11199,24,31.87,5,39,1,1
11200,3,104.81,2,12,1,0
11201,33,36.14,6,24,0,0
11202,46,90.76,7,18,1,0
11203,33,69.8,7,12,0,0
11204,17,27.91,6,4,1,0
11205,57,55.24,6,14,1,0
11206,46,41.56,5,55,0,0
11207,42,63.0,3,12,0,0
11208,23,54.57,8,47,0,0
11209,14,69.02,8,30,0,0
11210,25,100.83,1,20,0,0
11211,14,42.55,8,30,0,0
11212,5,57.29,1,8,1,0
11213,17,23.19,6,1,0,0
11214,20,37.3,7,64,0,1
11215,8,52.6,5,3,0,0
11216,24,35.47,4,13,0,0
11217,23,100.15,5,41,1,0
11218,43,99.86,8,14,0,0
11219,39,49.87,3,12,1,0
11220,55,73.18,5,22,1,0
11221,16,81.83,5,0,0,0
11222,51,66.5,4,5,1,0
11223,43,73.79,5,18,0,0
11224,22,55.69,4,22,0,0
11225,13,42.11,6,13,1,0
11226,49,63.65,4,36,0,0
11227,60,54.74,3,64,2,0
11228,44,50.09,3,23,1,0
11229,22,71.03,4,5,1,0
11230,20,67.39,3,0,0,0
11231,1,38.94,3,14,1,0
11232,23,33.9,5,1,1,0
11233,30,35.02,6,52,0,0
11234,24,87.54,6,6,0,0
11235,37,54.86,10,28,0,0
11236,43,39.45,6,50,0,0
11237,38,72.61,5,20,1,0
11238,49,68.67,3,25,1,0
11239,57,48.27,2,24,1,0
11240,57,43.97,3,5,0,0
11241,2,59.97,6,19,0,0
11242,6,34.59,7,25,0,0
11243,23,44.59,7,18,0,0
11244,55,49.26,6,17,1,0
11245,46,17.74,9,10,0,0
11246,12,62.42,4,3,0,0
11247,35,54.39,3,34,0,0
11248,55,39.32,3,12,0,0
11249,3,40.28,5,1,1,0
11250,42,71.37,6,19,0,1
11251,47,59.7,4,29,0,0
11252,49,38.65,2,2,0,0
11253,16,64.24,6,12,0,0
11254,28,113.65,6,28,0,0
11255,35,51.24,3,0,0,0
11256,24,43.44,6,2,0,0
11257,55,87.21,6,2,0,0
11258,29,53.91,4,16,2,0
11259,16,45.49,6,16,1,0
11260,41,120.64,5,40,0,1
11261,38,71.17,6,28,3,1
11262,25,45.87,9,64,3,0
11263,56,64.73,7,24,0,0
11264,14,57.66,4,3,2,0
11265,47,62.43,4,13,0,0
11266,1,54.94,7,11,0,0
11267,59,100.27,6,11,0,0
11268,42,42.25,7,24,0,0
11269,29,28.63,4,23,0,0
11270,36,49.14,8,54,0,0
11271,43,26.37,5,17,0,0
11272,60,75.18,3,4,0,0
11273,48,63.1,2,13,0,0
11274,50,21.18,6,6,1,0
11275,50,32.23,4,70,0,0
11276,57,79.27,2,18,3,0
11277,20,47.88,9,19,1,0
11278,14,58.45,3,17,1,0
11279,1,44.76,7,45,0,0
11280,53,50.04,4,18,0,0
11281,27,75.93,7,4,0,0
11282,37,73.15,4,6,0,0
11283,6,44.8,7,23,0,0
11284,3,34.62,7,8,1,0
11285,46,35.04,5,11,2,0
11286,43,50.1,10,8,0,0
11287,44,56.8,4,9,0,0
11288,3,82.72,6,7,0,0
11289,16,57.79,3,0,0,0
11290,9,57.47,4,9,0,0
11291,6,55.41,3,8,0,0
11292,39,44.39,10,15,0,0
11293,19,37.34,5,8,0,1
11294,47,52.12,4,15,2,0
11295,34,62.02,6,19,0,0
11296,44,52.57,8,51,0,1
11297,13,35.89,3,1,0,0
11298,21,36.81,7,8,0,0
11299,15,33.77,6,8,0,0
11300,45,109.58,4,11,1,0
11301,26,58.93,4,16,1,0
11302,39,54.84,5,6,0,0
11303,19,54.81,4,0,0,0
11304,32,82.92,6,0,0,0
11305,15,134.03,4,14,1,0
11306,11,43.42,4,59,0,1
11307,13,79.35,5,15,1,0
11308,31,50.23,5,13,0,0
11309,12,58.05,6,10,1,0
11310,19,50.02,4,2,0,0
11311,40,58.51,6,7,1,0
11312,30,75.46,3,30,1,0
11313,34,29.77,3,0,2,0
11314,55,72.2,4,10,1,0
11315,43,74.48,7,11,1,0
11316,57,22.04,5,1,1,0
11317,50,49.37,4,1,2,0
11318,55,51.48,6,71,1,0
11319,5,48.49,5,10,2,1
11320,22,50.18,3,37,0,0
11321,35,63.67,5,10,0,0
11322,11,35.54,2,38,0,0
11323,12,70.9,3,5,0,0
11324,43,59.23,2,5,2,0
11325,51,59.2,3,7,1,0
11326,40,54.56,6,2,2,1
11327,26,86.82,6,10,0,0
11328,58,74.62,5,4,0,0
11329,18,59.83,8,63,0,0
11330,52,59.53,7,24,1,0
11331,47,72.61,6,12,1,0
11332,55,45.04,5,11,1,0
11333,54,31.51,5,18,0,0
11334,37,73.51,6,4,0,0
11335,52,36.38,3,20,1,0
11336,54,53.0,6,39,1,0
11337,59,81.71,7,8,2,0
11338,14,22.34,4,15,2,0
11339,44,50.23,7,9,0,0
11340,42,35.48,7,43,0,0
11341,12,50.96,7,6,0,0
11342,10,73.37,5,0,0,0
11343,55,59.98,7,11,0,0
11344,3,35.16,5,7,0,0
11345,15,27.98,5,47,0,0
11346,58,59.53,8,24,0,0
11347,21,28.37,5,12,0,0
11348,3,73.58,6,43,0,0
11349,5,82.13,2,1,0,0
11350,54,85.45,3,9,1,0
11351,42,40.33,6,5,0,0
11352,51,30.84,6,7,0,0
11353,32,89.97,4,43,0,0
11354,44,69.17,4,33,0,0
11355,59,74.0,3,2,0,0
11356,25,74.21,2,2,1,0
11357,1,53.84,4,5,0,0
11358,32,35.17,7,39,1,0
11359,54,66.33,8,38,0,0
11360,3,58.02,4,23,1,0
11361,25,60.94,4,46,1,0
11362,48,145.76,3,44,1,0
11363,40,36.98,4,11,1,0
11364,26,48.47,3,1,1,0
11365,36,29.73,7,11,1,0
11366,29,86.59,3,0,1,0
11367,2,32.79,3,22,0,0
11368,54,39.87,7,14,1,0
11369,17,52.68,6,113,0,1
11370,49,65.96,4,13,0,0
11371,26,56.2,6,13,0,0
11372,3,77.02,2,3,0,0
11373,20,84.72,7,32,0,0
11374,40,72.04,3,30,1,0
11375,2,67.95,5,7,0,0
11376,55,31.25,7,36,0,0
11377,31,108.52,7,7,1,0
11378,38,59.78,5,25,0,0
11379,18,106.87,6,41,2,0
11380,46,64.29,6,1,0,0
11381,51,48.52,5,13,0,0
11382,56,52.81,2,14,1,0
11383,5,54.8,8,10,1,0
11384,13,66.29,6,19,0,0
11385,50,55.69,3,18,0,0
11386,41,60.86,5,23,0,0
11387,49,53.71,7,51,1,0
11388,13,40.62,3,1,1,0
11389,14,51.14,2,10,0,0
11390,60,50.84,4,8,1,0
11391,32,69.05,4,10,0,0
11392,42,60.04,5,25,0,0
11393,20,31.4,5,23,0,0
11394,43,48.46,5,41,0,0
11395,7,53.22,10,7,1,0
11396,13,76.92,3,47,0,0
11397,22,52.74,7,12,0,0
11398,20,66.2,4,6,1,0
11399,48,54.83,5,36,0,0
11400,49,44.14,8,11,1,0
11401,5,91.02,5,9,1,0
11402,32,36.73,7,11,0,0
11403,31,39.93,5,91,0,0
11404,55,40.21,7,22,1,0
11405,3,50.16,5,14,1,0
11406,17,93.56,3,3,0,0
11407,13,70.28,8,69,0,0
11408,58,48.19,3,24,1,0
11409,15,43.73,8,6,0,0
11410,52,62.06,2,0,0,0
11411,9,18.79,4,71,0,1
11412,50,80.74,6,7,0,0
11413,21,49.22,11,11,0,0
11414,30,41.67,2,12,0,0
11415,49,60.6,6,7,0,0
11416,21,51.43,8,13,0,0
11417,59,61.93,7,6,0,0
11418,18,57.65,9,20,0,0
11419,3,71.89,6,33,1,0
11420,27,43.6,6,5,1,0
11421,29,48.02,2,24,0,0
11422,53,36.95,8,31,1,0
11423,49,37.69,4,92,2,0
11424,20,88.8,5,24,0,0
11425,17,88.21,3,23,0,0
11426,26,37.8,7,35,0,0
11427,59,45.45,8,115,0,0
11428,29,34.83,7,1,1,0
11429,27,51.12,5,31,1,0
11430,7,69.63,5,3,1,0
11431,39,41.79,4,10,0,0
11432,55,47.19,4,45,1,0
11433,41,33.83,5,13,0,0
11434,21,30.33,5,29,1,1
11435,23,145.84,3,31,2,0
11436,55,66.85,3,7,0,0
11437,11,52.19,3,3,0,0
11438,7,43.89,7,4,0,0
11439,10,67.23,5,0,1,0
11440,19,93.24,3,23,0,0
11441,58,88.87,5,31,0,0
11442,4,53.24,8,11,1,0
11443,35,33.74,7,27,0,0
11444,20,40.23,3,12,1,0
11445,17,25.65,5,42,1,0
11446,17,87.43,7,24,0,0
11447,4,57.07,8,1,1,0
11448,54,34.53,3,30,0,0
11449,3,79.95,4,72,0,1
11450,29,49.29,9,2,1,0
11451,1,58.58,3,12,1,0
11452,17,54.81,6,20,0,0
11453,14,77.59,4,1,1,0
11454,55,42.88,3,29,1,0
11455,2,46.34,7,16,3,0
11456,55,45.23,4,4,0,0
11457,53,73.1,5,18,2,0
11458,53,55.35,3,20,3,0
11459,11,49.97,3,52,0,0
11460,35,112.06,10,50,0,0
11461,19,32.43,7,12,0,0
11462,6,57.03,5,40,2,1
11463,57,61.82,6,82,1,1
11464,28,88.65,3,9,0,0
11465,24,42.07,5,3,0,0
11466,57,52.08,6,15,1,0
11467,40,85.74,5,7,0,0
11468,25,115.69,3,27,1,0
11469,44,92.99,4,5,0,0
11470,56,68.99,7,38,2,0
11471,57,122.4,4,2,0,0
11472,36,34.89,2,9,3,0
11473,42,109.58,2,22,1,1
11474,24,35.71,6,23,0,0
11475,47,92.86,3,8,2,0
11476,17,23.94,8,4,1,0
11477,31,100.69,10,11,0,0
11478,53,44.48,4,29,1,0
11479,29,54.65,7,1,1,0
11480,53,75.68,1,6,1,0
11481,11,39.09,7,18,0,0
11482,27,80.39,6,15,1,1
11483,1,41.33,2,17,0,0
11484,45,51.4,6,33,0,0
11485,12,123.72,2,2,0,0
11486,11,58.11,6,2,0,1
11487,46,45.08,6,13,4,0
11488,22,39.1,5,1,0,0
11489,8,43.71,3,12,0,0
11490,32,27.22,4,26,1,0
11491,7,17.62,7,7,0,0
11492,54,74.67,2,42,0,0
11493,22,25.44,7,6,0,0
11494,28,74.17,8,25,1,0
11495,52,30.95,4,69,1,0
11496,57,31.39,3,18,0,0
11497,42,41.24,5,3,1,0
11498,16,64.14,9,5,1,0
11499,60,147.22,3,1,0,0
11500,15,57.85,1,7,1,0
11501,39,66.17,4,2,0,0
11502,1,66.57,3,5,0,0
11503,35,95.02,7,4,1,0
11504,56,67.57,6,49,1,1
11505,47,50.67,7,18,0,0
11506,6,34.93,6,37,1,0
11507,7,41.83,3,6,0,1
11508,42,32.19,1,26,0,0
11509,29,146.81,6,4,0,0
11510,15,74.97,5,4,1,0
11511,49,53.39,6,71,0,1
11512,34,39.59,8,37,0,0
11513,9,53.17,6,15,0,0
11514,60,82.4,4,5,1,0
11515,52,91.58,4,30,0,0
11516,35,60.68,2,28,0,0
11517,38,39.84,6,12,0,0
11518,33,41.59,5,68,0,1
11519,43,56.06,4,5,1,0
11520,33,71.15,3,22,1,0
11521,26,26.89,4,34,0,0
11522,3,121.17,3,2,0,0
11523,34,41.96,3,27,0,0
11524,11,71.07,6,148,0,1
11525,43,52.8,3,17,0,0
11526,51,44.69,5,7,2,0
11527,46,55.7,5,17,1,0
11528,16,68.02,3,17,0,0
11529,7,58.8,7,11,0,0
11530,37,114.23,6,2,0,0
11531,45,35.7,5,7,0,0
11532,16,86.04,3,3,0,0
11533,22,73.04,11,15,1,0
11534,25,69.24,3,11,0,0
11535,48,35.37,6,43,1,0
11536,51,58.73,7,11,0,0
11537,17,50.18,7,20,0,0
11538,27,90.46,3,33,0,0
11539,21,56.83,6,41,0,0
11540,33,54.47,4,17,2,1
11541,17,46.93,8,65,1,0
11542,37,52.79,5,28,0,0
11543,26,69.73,5,4,0,0
11544,46,33.89,7,15,1,0
11545,55,52.73,7,13,0,0
11546,38,30.83,6,7,0,0
11547,50,76.91,3,40,0,0
11548,12,87.42,5,6,0,0
11549,3,43.08,3,35,0,0
11550,36,85.84,4,49,1,0
11551,22,109.62,3,5,1,0
11552,11,63.99,7,9,0,0
11553,42,57.33,6,2,0,0
11554,42,112.83,5,12,0,0
11555,45,65.11,7,1,0,0
11556,51,71.29,3,13,0,0
11557,3,72.03,3,2,0,0
11558,29,62.84,3,7,0,0
11559,5,46.65,5,35,1,0
11560,32,17.35,6,29,2,0
11561,27,55.3,4,10,0,0
11562,15,67.79,8,2,1,0
11563,42,57.81,6,19,1,0
11564,57,25.06,6,11,1,0
11565,60,29.65,4,9,0,0
11566,52,46.15,4,0,0,0
11567,3,38.35,4,41,0,0
11568,22,57.66,4,7,0,0
11569,23,90.03,5,29,0,0
11570,11,99.38,7,51,1,1
11571,15,55.84,6,1,0,0
11572,25,72.39,4,8,2,0
11573,41,56.43,3,3,1,0
11574,15,52.6,4,17,0,0
11575,46,50.9,3,1,0,0
11576,53,57.3,2,57,0,0
11577,43,56.58,3,9,1,0
11578,33,34.94,5,4,0,0
11579,32,41.68,7,19,1,0
11580,51,58.72,4,52,0,0
11581,33,33.94,8,1,1,0
11582,4,58.48,4,13,0,0
11583,8,68.49,4,163,0,1
11584,55,68.67,4,51,0,0
11585,4,27.59,4,57,0,1
11586,36,46.81,4,5,0,0
11587,48,105.58,5,24,0,0
11588,12,57.67,9,11,0,0
11589,33,47.26,8,11,1,0
11590,5,38.72,1,29,1,0
11591,14,38.78,6,60,0,0
11592,27,26.1,4,14,4,1
11593,16,107.34,8,29,3,0
11594,52,27.06,4,10,0,0
11595,36,82.89,7,47,1,0
11596,24,83.3,3,9,0,0
11597,12,82.98,7,5,0,0
11598,55,34.89,5,20,0,1
11599,16,33.15,7,23,0,0
11600,56,90.47,5,6,1,0
11601,10,57.9,3,3,2,0
11602,56,53.24,5,15,2,0
11603,49,76.46,6,31,0,0
11604,43,35.69,4,55,0,0
11605,42,86.69,3,2,0,0
11606,15,55.23,9,8,0,0
11607,19,50.34,2,7,0,0
11608,48,36.53,5,2,0,0
11609,38,48.28,3,19,0,0
11610,9,51.58,4,15,0,0
11611,30,46.79,7,24,0,0
11612,4,51.96,7,30,0,0
11613,15,43.4,3,6,0,0
11614,9,37.57,5,24,0,0
11615,60,84.69,2,5,0,0
11616,35,131.42,9,21,0,0
11617,60,109.47,4,2,0,0
11618,57,43.83,6,7,0,0
11619,60,38.31,4,7,0,0
11620,1,75.31,9,24,0,0
11621,39,35.95,8,11,2,0
11622,8,61.44,5,14,1,0
11623,45,34.52,8,18,0,0
11624,46,40.86,3,68,2,1
11625,30,55.19,5,13,0,0
11626,22,32.21,4,10,0,0
11627,10,47.01,6,42,1,0
11628,3,99.04,6,34,0,0
11629,29,58.92,1,25,0,0
11630,29,62.42,4,16,0,0
11631,27,140.29,4,6,0,0
11632,18,60.4,6,3,1,0
11633,20,49.06,8,13,0,0
11634,16,39.62,6,5,1,0
11635,11,119.12,6,7,0,0
11636,50,45.06,4,34,1,0
11637,15,59.5,4,44,0,1
11638,45,89.27,5,29,2,0
11639,8,35.0,2,15,2,0
11640,24,73.71,3,5,0,0
11641,27,46.2,2,5,0,0
11642,27,26.35,4,43,1,1
11643,55,36.7,6,6,0,0
11644,37,97.79,3,2,1,0
11645,55,60.51,4,12,0,0
11646,29,44.12,5,4,1,0
11647,3,49.25,7,7,0,0
11648,46,29.72,3,4,1,0
11649,50,58.61,5,18,0,0
11650,10,36.19,4,42,0,0
11651,14,65.61,6,10,0,0
11652,42,49.76,4,0,1,0
11653,45,48.87,2,6,0,0
11654,29,87.72,4,10,2,0
11655,34,76.7,4,5,2,0
11656,4,60.33,4,6,0,0
11657,27,54.01,6,116,1,1
11658,8,57.62,3,22,0,0
11659,13,45.66,5,16,0,0
11660,55,197.26,3,13,0,0
11661,44,55.63,6,93,0,0
11662,20,49.72,3,6,0,0
11663,23,47.46,6,7,1,0
11664,32,46.54,7,46,0,0
11665,28,50.55,6,3,0,0
11666,42,70.93,7,35,1,0
11667,37,50.54,4,4,0,0
11668,25,64.12,5,6,2,0
11669,12,38.34,4,13,0,0
11670,32,52.92,6,13,1,0
11671,18,57.8,6,9,1,0
11672,43,52.21,5,16,0,0
11673,54,56.96,5,30,1,0
11674,14,97.26,7,16,1,0
11675,22,54.76,7,48,0,0
11676,29,19.11,6,31,0,0
11677,34,57.21,7,5,0,0
11678,23,72.35,3,10,1,0
11679,59,137.5,3,7,0,0
11680,36,36.08,7,9,0,0
11681,30,45.55,9,16,0,0
11682,6,83.0,5,2,1,0
11683,17,37.76,5,54,0,0
11684,48,56.77,11,3,0,0
11685,47,48.44,3,15,0,0
11686,27,80.17,4,26,0,0
11687,22,53.81,3,7,0,1
11688,21,88.47,4,17,0,0
11689,12,97.82,8,8,0,0
11690,1,64.21,1,4,0,0
11691,21,43.37,5,48,0,0
11692,46,88.73,5,10,0,0
11693,11,40.43,5,4,2,0
11694,10,48.57,6,9,0,0
11695,47,48.59,7,1,1,0
11696,55,77.23,8,25,0,0
11697,52,30.62,6,15,0,0
11698,36,66.72,7,11,0,0
11699,13,57.07,4,3,1,0
11700,41,76.92,4,10,0,0
11701,51,37.04,3,21,1,0
11702,7,30.92,3,5,0,1
11703,32,21.35,3,25,0,0
11704,42,93.26,4,7,0,0
11705,58,94.08,2,9,1,0
11706,5,118.23,6,2,0,0
11707,16,52.66,6,10,1,0
11708,32,50.87,5,33,1,0
11709,45,72.48,7,7,1,0
11710,38,73.65,5,50,0,1
11711,4,30.25,6,3,0,0
11712,44,52.64,6,28,0,0
11713,57,58.38,7,4,0,0
11714,56,67.36,9,5,0,0
11715,34,58.51,3,8,1,0
11716,35,29.88,5,1,0,0
11717,55,71.29,3,9,0,0
11718,8,40.72,7,10,1,0
11719,34,48.31,4,96,0,0
11720,4,29.22,3,2,0,0
11721,55,39.52,4,60,2,0
11722,37,54.53,5,10,0,0
11723,40,50.17,6,38,1,0
11724,14,39.69,6,5,0,0
11725,43,85.13,3,1,0,0
11726,33,119.96,3,31,0,0
11727,39,59.08,8,8,0,0
11728,46,21.88,5,16,0,0
11729,21,40.23,7,47,1,0
11730,47,72.74,8,40,2,0
11731,29,58.12,4,17,0,0
11732,25,50.8,4,27,1,0
11733,56,72.61,5,4,1,0
11734,13,60.08,5,7,0,0
11735,2,91.59,6,9,1,0
11736,35,42.21,2,48,0,1
11737,2,64.45,4,6,0,0
11738,19,37.78,8,54,0,1
11739,25,29.54,6,65,0,0
11740,35,29.07,1,13,1,0
11741,39,36.2,8,5,0,0
11742,42,88.04,6,13,0,0
11743,11,19.45,4,26,3,0
11744,48,26.25,3,19,0,0
11745,23,49.88,4,1,0,0
11746,32,59.28,3,20,1,0
11747,41,57.71,5,28,1,0
11748,44,53.14,3,4,1,0
11749,23,40.75,6,2,1,0
11750,57,77.17,5,9,0,0
11751,10,62.76,6,6,1,0
11752,60,89.13,3,23,0,0
11753,16,60.75,4,20,0,0
11754,55,90.64,11,4,1,0
11755,30,49.88,5,8,1,0
11756,2,39.48,5,16,0,0
11757,5,48.38,5,4,0,0
11758,56,42.66,7,16,1,1
11759,23,93.41,4,12,1,0
11760,9,94.52,2,27,2,0
11761,38,36.81,4,29,2,0
11762,32,51.34,6,13,0,0
11763,16,65.64,4,3,0,0
11764,24,37.24,7,3,2,0
11765,9,37.79,9,68,0,0
11766,42,99.11,9,6,1,0
11767,54,83.56,4,2,0,0
11768,6,32.36,1,38,1,0
11769,24,34.23,2,36,0,0
11770,25,65.86,6,5,1,0
11771,11,95.84,2,2,0,0
11772,55,73.15,8,2,1,0
11773,6,40.5,2,25,1,0
11774,18,44.92,3,17,0,0
11775,4,27.85,4,1,1,0
11776,59,108.71,3,7,0,0
11777,39,28.1,5,33,2,0
11778,17,58.7,6,2,0,0
11779,58,46.8,5,18,1,1
11780,10,100.7,7,57,1,0
11781,21,93.85,4,12,0,0
11782,37,32.18,10,12,0,0
11783,49,45.22,4,0,0,0
11784,37,58.72,4,29,0,0
11785,58,61.64,2,12,2,0
11786,29,40.07,3,13,0,0
11787,53,94.76,3,2,0,1
11788,39,44.72,7,18,0,0
11789,26,72.08,7,25,0,0
11790,59,57.01,5,12,1,0
11791,27,21.86,3,51,1,0
11792,32,126.55,3,48,0,0
11793,48,101.55,5,1,0,0
11794,33,103.27,4,33,2,0
11795,19,72.18,4,3,0,0
11796,55,152.51,6,20,1,0
11797,56,40.11,5,3,0,1
11798,33,37.05,4,39,0,0
11799,14,42.12,3,16,1,0
11800,59,40.49,7,1,0,0
11801,34,71.12,5,19,0,0
11802,14,71.6,4,56,0,0
11803,31,53.62,4,38,0,0
11804,29,47.67,5,40,0,0
11805,31,44.93,4,1,0,0
11806,43,47.5,3,8,0,0
11807,37,61.33,5,77,1,1
11808,8,44.65,4,2,1,0
11809,29,79.2,4,23,0,0
11810,24,46.43,3,25,0,0
11811,46,67.82,9,14,1,0
11812,46,92.32,4,1,2,0
11813,55,72.87,4,20,0,0
11814,18,50.61,5,23,2,0
11815,60,131.29,6,7,0,0
11816,31,83.57,4,18,0,1
11817,22,65.38,5,14,0,1
11818,56,78.33,4,8,1,0
11819,16,64.72,3,27,0,0
11820,32,34.93,3,12,0,0
11821,9,82.7,4,49,1,1
11822,24,29.97,2,11,0,0
11823,6,48.88,3,23,0,0
11824,46,66.0,4,3,0,0
11825,9,29.72,4,1,0,0
11826,41,46.59,4,40,2,0
11827,43,45.64,7,3,2,0
11828,21,68.21,9,9,2,0
11829,4,51.68,1,20,0,0
11830,13,34.34,2,22,0,1
11831,36,136.36,3,19,0,0
11832,56,124.17,6,1,0,0
11833,6,24.3,7,36,1,0
11834,49,56.53,3,1,1,0
11835,4,64.81,7,4,2,0
11836,28,83.56,7,0,0,0
11837,2,51.16,2,32,0,1
11838,9,72.29,7,2,0,0
11839,12,39.82,5,7,2,0
11840,11,74.21,5,29,0,0
11841,59,67.72,6,8,1,0
11842,56,59.85,9,28,1,0
11843,4,57.61,6,10,2,0
11844,16,81.58,7,37,2,0
11845,43,60.38,2,40,0,0
11846,32,67.86,5,1,1,0
11847,1,50.45,3,3,0,0
11848,24,44.48,7,10,0,0
11849,34,73.89,7,11,1,0
11850,29,41.45,3,29,0,0
11851,8,127.42,4,11,0,0
11852,2,90.48,7,33,0,0
11853,3,44.77,6,2,0,0
11854,46,41.48,2,20,1,0
11855,26,48.28,2,3,0,0
11856,57,61.66,5,1,0,0
11857,26,83.11,6,24,1,0
11858,45,83.23,9,2,0,0
11859,2,119.1,3,29,1,0
11860,13,56.54,3,7,0,0
11861,1,51.0,5,52,2,1
11862,39,55.85,6,13,0,0
11863,13,49.05,6,1,0,0
11864,9,41.41,9,8,0,0
11865,52,76.21,7,37,0,0
11866,46,46.31,6,4,0,0
11867,3,55.37,6,55,0,0
11868,15,44.05,8,20,0,0
11869,51,27.95,6,2,0,0
11870,52,70.83,7,2,1,0
11871,16,32.6,10,32,1,0
11872,22,61.51,9,11,0,0
11873,26,28.06,4,5,1,0
11874,31,135.42,1,45,3,0
11875,13,119.61,2,74,1,0
11876,55,29.34,6,19,1,0
11877,48,49.25,8,30,1,0
11878,52,31.43,4,8,0,0
11879,16,35.41,4,78,1,0
11880,15,68.44,5,44,0,0
11881,46,29.51,3,12,0,0
11882,45,78.0,4,65,0,0
11883,16,49.17,5,33,0,0
11884,14,59.9,9,53,0,0
11885,15,43.73,7,41,0,0
11886,6,30.68,3,13,2,1
11887,4,81.54,6,2,0,0
11888,48,66.19,6,4,0,0
11889,7,59.45,6,19,1,0
11890,53,34.37,7,13,1,0
11891,32,72.79,6,7,0,0
11892,51,52.39,3,100,0,0
11893,17,59.79,5,1,0,0
11894,11,77.87,5,6,0,0
11895,1,90.9,4,27,1,0
11896,18,95.05,13,17,0,0
11897,36,54.11,4,3,2,0
11898,14,47.76,2,41,0,0
11899,50,90.39,4,4,0,0
11900,51,53.16,5,105,0,1
11901,40,23.05,2,43,0,1
11902,13,43.46,5,1,0,0
11903,48,47.0,4,27,0,0
11904,20,99.71,5,11,0,0
11905,41,100.22,3,21,1,0
11906,43,27.94,3,18,2,0
11907,3,60.11,7,9,0,0
11908,42,52.3,8,6,0,0
11909,54,45.11,8,9,2,0
11910,26,53.74,4,37,0,0
11911,58,70.17,7,28,1,0
11912,50,51.4,7,8,0,0
11913,48,48.75,1,20,2,0
11914,22,38.53,8,7,0,0
11915,16,111.66,8,39,1,0
11916,1,59.93,8,57,1,0
11917,29,55.94,3,35,1,0
11918,34,53.95,3,4,0,0
11919,36,57.22,8,5,0,0
11920,50,52.44,5,2,0,0
11921,59,47.06,5,34,0,0
11922,18,84.55,3,7,2,0
11923,4,41.97,2,17,0,0
11924,6,102.07,2,1,1,0
11925,5,31.4,3,92,0,1
11926,47,31.49,2,12,0,0
11927,10,50.81,2,17,0,0
11928,54,54.38,2,2,0,0
11929,24,74.35,7,31,1,0
11930,60,62.76,4,17,0,0
11931,27,36.27,6,57,0,1
11932,18,63.96,6,16,0,0
11933,11,99.3,2,6,0,0
11934,23,42.14,5,4,0,0
11935,21,21.59,4,37,0,0
11936,19,19.45,6,53,2,0
11937,30,49.12,7,10,0,0
11938,3,91.51,5,10,0,0
11939,27,36.0,2,25,0,0
11940,4,38.67,6,20,0,0
11941,56,156.36,5,31,0,0
11942,4,40.02,3,10,1,0
11943,22,42.49,5,21,0,0
11944,21,25.56,5,57,0,0
11945,56,41.34,1,15,0,0
11946,56,62.95,6,32,0,0
11947,53,55.61,7,21,1,0
11948,27,53.31,9,29,2,0
11949,47,34.04,6,69,1,0
11950,31,84.96,3,28,1,0
11951,59,20.61,4,21,1,0
11952,37,38.16,5,15,4,0
11953,35,92.09,3,11,0,0
11954,60,87.69,3,36,1,0
11955,15,60.6,4,6,0,0
11956,10,68.94,4,50,0,0
11957,15,35.11,6,2,0,0
11958,41,32.92,1,139,0,1
11959,47,27.13,3,9,1,0
11960,37,63.74,6,17,3,0
11961,12,99.19,3,23,0,0
11962,11,54.77,4,4,0,0
11963,29,52.09,5,24,0,0
11964,24,55.24,7,45,1,0
11965,46,78.24,4,27,1,0
11966,5,92.26,3,11,0,0
11967,10,23.66,5,1,1,0
11968,57,77.64,3,24,0,0
11969,28,63.62,7,25,0,0
11970,15,62.8,7,14,0,0
11971,53,30.99,7,9,1,0
11972,7,71.79,4,31,1,0
11973,20,86.38,7,5,0,0
11974,43,49.12,3,16,0,0
11975,39,55.69,5,21,0,1
11976,9,45.25,6,4,0,0
11977,59,70.7,2,9,2,1
11978,43,41.16,4,12,0,0
11979,34,61.26,5,32,0,1
11980,54,73.17,7,6,0,0
11981,20,32.83,4,7,0,0
11982,49,54.86,6,22,0,0
11983,3,52.85,7,4,0,0
11984,33,61.97,7,12,0,0
11985,3,48.21,8,10,0,0
11986,10,67.12,2,12,0,1
11987,43,36.9,3,4,1,0
11988,53,79.23,6,12,0,0
11989,42,50.8,5,35,0,0
11990,51,74.33,3,55,1,0
11991,28,34.07,4,14,1,0
11992,4,79.04,4,38,0,0
11993,41,106.5,2,6,2,0
11994,7,81.68,6,26,0,0
11995,16,58.37,4,27,1,0
11996,51,49.24,3,1,2,0
11997,51,62.77,4,14,1,0
11998,27,37.88,1,17,0,0
11999,27,67.91,5,30,0,0
12000,51,44.57,7,36,0,0
12001,15,50.07,5,2,0,0
12002,26,54.66,5,6,0,0
12003,59,37.57,6,3,0,0
12004,43,82.15,2,66,1,1
12005,13,89.26,7,11,3,1
12006,7,39.17,7,5,0,0
12007,10,63.44,4,19,0,0
12008,48,76.41,3,11,0,0
12009,49,71.08,5,17,0,0
12010,22,62.92,6,27,0,0
12011,19,37.47,6,12,0,0
12012,37,46.85,3,26,1,0
12013,31,44.65,5,4,0,0
12014,12,75.32,3,18,0,0
12015,56,27.67,4,39,1,0
12016,56,48.16,4,20,1,0
12017,60,54.49,3,30,0,0
12018,3,57.42,5,26,0,0
12019,9,70.37,5,45,3,0
12020,5,27.25,6,26,0,0
12021,1,57.79,6,25,0,0
12022,5,66.17,5,6,0,0
12023,16,35.11,1,10,1,0
12024,30,94.38,7,4,0,0
12025,49,131.62,4,41,0,0
12026,6,52.28,5,36,0,0
12027,46,48.37,6,1,0,0
12028,8,23.63,7,12,0,0
12029,33,50.55,4,82,1,1
12030,24,94.48,2,18,0,0
12031,28,49.01,5,18,0,1
12032,53,48.9,6,37,0,0
12033,56,50.82,4,3,0,0
12034,22,67.76,5,75,0,1
12035,37,51.47,5,17,0,0
12036,32,48.02,6,81,1,0
12037,52,35.49,2,26,0,0
12038,36,36.16,4,11,0,0
12039,17,93.98,2,42,1,1
12040,5,82.94,3,15,3,0
12041,21,33.86,4,12,0,0
12042,20,43.98,4,5,2,0
12043,3,51.17,4,28,0,0
12044,26,38.55,4,8,0,0
12045,10,53.61,5,18,0,0
12046,54,80.75,7,12,1,0
12047,7,31.49,7,13,0,0
12048,3,55.22,3,4,0,0
12049,18,76.91,10,6,0,0
12050,11,41.95,10,20,0,0
12051,29,45.35,4,55,0,0
12052,49,44.79,4,1,1,0
12053,25,42.05,7,25,0,0
12054,23,41.17,2,3,1,0
12055,31,99.61,7,17,0,0
12056,15,35.12,1,8,1,0
12057,10,54.27,7,54,0,1
12058,39,44.36,7,5,0,0
12059,51,60.81,6,19,1,0
12060,13,120.83,3,39,1,0
12061,21,57.08,5,4,0,0
12062,2,72.92,7,8,0,0
12063,50,80.18,5,0,1,0
12064,38,52.38,2,1,0,0
12065,23,167.71,3,51,0,0
12066,35,68.43,5,2,0,0
12067,25,53.23,4,3,2,0
12068,35,26.76,3,7,0,0
12069,23,29.5,4,8,1,0
12070,26,122.69,5,21,0,0
12071,24,36.24,8,9,1,0
12072,15,33.36,5,22,1,0
12073,42,66.05,3,6,1,0
12074,49,52.22,5,18,1,0
12075,26,75.78,4,42,2,0
12076,46,54.28,4,28,0,0
12077,29,41.25,7,0,0,0
12078,25,25.2,1,83,0,1
12079,31,45.33,5,2,0,0
12080,56,21.12,5,9,0,0
12081,60,21.86,5,3,3,0
12082,14,94.14,7,35,2,1
12083,8,38.8,4,3,0,0
12084,6,58.78,5,12,0,0
12085,57,53.34,4,8,2,0
12086,31,69.76,8,15,0,0
12087,40,56.38,4,17,0,0
12088,21,57.5,6,9,0,0
12089,14,58.24,3,14,1,0
12090,18,93.69,6,7,1,1
12091,58,91.83,4,13,0,0
12092,39,32.02,5,23,0,0
12093,19,65.09,4,0,0,0
12094,25,52.96,4,27,0,0
12095,31,14.57,4,47,0,0
12096,14,146.78,11,52,0,0
12097,12,33.12,6,42,0,0
12098,7,45.22,8,21,1,0
12099,16,63.06,6,9,0,0
12100,30,36.39,3,45,1,1
12101,57,70.96,3,4,1,0
12102,49,70.84,7,9,0,0
12103,20,93.92,4,71,0,1
12104,38,37.33,3,1,0,0
12105,46,63.55,2,63,0,0
12106,38,38.83,6,17,1,0
12107,44,33.56,4,14,1,1
12108,27,30.29,8,29,1,0
12109,3,77.84,6,56,1,0
12110,22,49.67,4,62,0,1
12111,7,94.87,5,2,0,1
12112,49,51.8,2,1,0,0
12113,28,114.58,6,45,1,0
12114,6,32.91,4,6,1,0
12115,34,58.0,5,17,1,0
12116,51,43.88,4,14,1,0
12117,52,56.3,4,5,0,0
12118,10,59.58,4,31,0,0
12119,21,88.44,4,44,1,0
12120,33,23.33,4,35,0,0
12121,23,39.8,9,32,0,0
12122,46,96.74,8,11,1,0
12123,5,51.25,4,96,0,1
12124,28,47.81,5,37,0,0
12125,36,27.69,3,8,1,0
12126,27,41.81,5,32,0,0
12127,34,90.86,4,15,1,0
12128,29,184.85,5,16,0,0
12129,55,76.21,7,55,0,0
12130,15,87.54,6,13,1,0
12131,6,73.25,4,35,0,0
12132,7,42.05,5,24,0,0
12133,14,108.67,3,11,1,0
12134,28,55.75,5,4,0,0
12135,35,38.17,2,29,0,0
12136,32,42.98,4,4,0,0
12137,15,80.41,5,4,1,0
12138,10,107.37,6,6,1,0
12139,2,50.7,4,7,1,0
12140,38,64.84,2,18,2,0
12141,52,37.45,7,0,1,0
12142,48,65.51,4,14,1,0
12143,42,83.47,7,5,0,0
12144,24,40.32,6,20,0,0
12145,17,97.76,3,14,0,0
12146,34,35.48,5,3,0,0
12147,16,92.07,8,4,0,0
12148,3,120.76,4,26,0,0
12149,51,60.67,4,0,3,0
12150,8,66.71,3,2,1,0
12151,21,77.65,7,15,2,0
12152,4,84.69,12,13,0,0
12153,50,67.06,5,16,1,0
12154,55,79.54,3,72,0,1
12155,30,98.34,5,15,1,0
12156,28,77.68,5,6,0,0
12157,11,40.55,8,19,0,0
12158,1,87.55,11,17,1,0
12159,20,62.35,1,22,0,0
12160,19,103.02,7,13,1,0
12161,19,58.64,4,9,0,0
12162,30,39.13,7,91,0,1
12163,4,43.41,4,16,1,0
12164,36,64.57,5,10,2,0
12165,22,68.2,5,33,0,0
12166,8,38.28,10,45,0,0
12167,36,112.93,6,3,0,0
12168,25,104.53,6,2,1,0
12169,51,53.76,4,25,0,0
12170,49,64.21,8,15,1,0
12171,60,116.03,3,47,0,0
12172,29,67.95,9,35,0,0
12173,12,32.51,5,5,0,0
12174,29,44.81,5,9,0,0
12175,44,40.29,2,3,0,0
12176,47,40.34,10,19,0,0
12177,38,82.6,3,40,0,1
12178,36,50.74,5,5,0,0
12179,38,61.51,5,12,1,0
12180,1,42.09,3,9,0,0
12181,60,37.63,4,18,0,0
12182,42,47.42,4,46,1,0
12183,11,43.59,7,21,1,0
12184,5,51.13,2,37,0,0
12185,4,49.44,2,50,1,0
12186,50,99.04,4,27,0,0
12187,5,69.9,7,67,2,1
12188,43,81.39,8,4,2,0
12189,47,56.49,6,11,0,0
12190,6,53.72,8,2,0,0
12191,18,50.47,5,4,2,0
12192,14,47.51,3,4,2,0
12193,33,18.49,4,12,0,0
12194,53,94.51,6,26,1,0
12195,51,94.59,3,42,0,0
12196,17,67.38,5,3,0,0
12197,36,58.43,4,47,2,0
12198,53,61.94,8,53,0,0
12199,51,101.07,3,3,0,0
12200,8,31.14,2,53,0,1
12201,19,79.37,4,15,0,0
12202,9,55.98,4,21,0,1
12203,9,55.51,5,20,0,0
12204,31,34.2,9,3,0,0
12205,30,79.23,2,8,0,0
12206,36,22.29,5,22,0,0
12207,39,55.2,8,2,0,0
12208,36,51.69,9,10,0,0
12209,12,108.68,3,37,0,0
12210,24,71.65,8,2,0,0
12211,43,56.31,6,16,1,0
12212,54,24.47,8,1,1,0
12213,35,35.49,5,3,0,0
12214,14,70.25,5,48,0,0
12215,56,58.54,2,3,4,1
12216,10,67.45,10,33,2,0
12217,14,52.03,5,11,1,0
12218,51,31.98,7,27,3,1
12219,54,63.7,7,41,1,0
12220,23,76.66,6,43,0,1
12221,31,54.56,7,5,1,0
12222,7,68.17,6,23,0,0
12223,16,53.81,3,30,0,0
12224,60,67.55,5,5,0,0
12225,59,45.83,7,16,0,0
12226,49,44.61,5,15,0,0
12227,6,80.58,2,6,0,0
12228,54,30.7,2,25,0,0
12229,56,41.26,5,33,0,0
12230,17,45.48,5,4,0,0
12231,28,29.24,3,1,0,0
12232,29,80.23,6,7,0,0
12233,60,99.6,5,2,0,0
12234,6,65.46,6,8,0,0
12235,27,37.92,6,2,1,0
12236,60,43.09,3,4,1,0
12237,35,61.62,6,14,2,0
12238,37,48.95,9,4,1,0
12239,46,75.85,5,5,1,0
12240,59,46.99,5,88,1,1
12241,50,78.7,6,32,2,0
12242,47,56.04,4,25,2,0
12243,1,48.41,3,1,0,0
12244,44,129.55,4,8,1,0
12245,11,50.67,5,0,1,0
12246,12,29.15,6,19,0,0
12247,22,42.81,5,13,0,0
12248,42,45.96,11,19,2,0
12249,28,32.18,6,6,0,0
12250,24,55.83,2,18,0,0
12251,32,40.79,5,14,0,0
12252,9,35.43,2,24,0,1
12253,31,62.27,5,36,0,0
12254,16,111.99,7,80,0,1
12255,40,90.32,3,11,2,0
12256,19,48.62,8,0,2,0
12257,4,61.78,5,12,0,0
12258,41,49.16,4,7,0,0
12259,11,45.91,5,23,0,0
12260,58,60.4,6,27,0,0
12261,27,53.63,4,34,1,0
12262,41,72.83,4,14,0,0
12263,41,55.18,10,5,0,0
12264,15,51.4,4,43,1,0
12265,15,54.87,7,2,1,0
12266,45,42.48,6,8,0,0
12267,29,76.98,5,3,2,0
12268,33,68.22,9,1,0,0
12269,30,68.31,6,8,1,0
12270,47,184.34,6,2,0,0
12271,20,21.96,7,1,0,0
12272,18,133.26,7,17,0,1
12273,7,68.78,5,43,0,0
12274,43,94.07,6,7,0,0
12275,45,44.37,2,22,0,0
12276,4,117.17,3,12,0,0
12277,2,102.27,4,1,1,0
12278,8,55.26,3,65,0,0
12279,2,21.34,5,27,0,0
12280,50,44.0,5,2,0,0
12281,37,61.69,10,3,0,0
12282,53,43.39,6,11,2,0
12283,22,133.06,8,12,0,0
12284,12,29.68,6,22,0,0
12285,6,89.79,3,2,1,0
12286,42,47.85,6,6,1,0
12287,50,51.97,5,4,2,0
12288,38,66.19,6,46,1,1
12289,5,65.13,3,3,0,0
12290,43,27.86,6,33,0,0
12291,10,47.21,9,5,1,0
12292,49,48.8,5,34,1,0
12293,30,59.78,4,1,1,0
12294,13,42.35,4,11,1,0
12295,16,30.91,9,29,2,0
12296,26,57.64,2,0,1,0
12297,15,67.73,2,20,2,0
12298,28,59.69,6,7,0,0
12299,27,65.07,5,91,1,0
12300,21,31.61,7,19,3,0
12301,10,57.31,7,1,3,1
12302,8,97.01,4,1,0,0
12303,20,57.3,4,14,0,0
12304,23,48.28,4,33,0,0
12305,22,49.49,11,8,1,0
12306,26,42.93,3,16,0,0
12307,58,44.87,5,0,0,0
12308,37,44.7,4,39,0,0
12309,41,57.72,3,16,0,0
12310,34,73.04,5,35,0,0
12311,58,41.59,4,7,0,0
12312,14,78.01,1,3,1,0
12313,55,61.65,9,26,1,0
12314,16,72.0,3,72,0,0
12315,17,40.99,6,15,0,0
12316,43,52.19,4,3,0,0
12317,37,51.6,5,14,1,0
12318,53,46.92,5,4,1,0
12319,31,33.15,9,7,1,0
12320,44,91.62,4,3,0,0
12321,51,40.65,3,107,1,1
12322,28,45.74,5,39,0,0
12323,40,44.31,3,56,0,0
12324,38,61.64,6,14,0,0
12325,14,66.44,8,20,1,0
12326,55,36.19,4,8,1,0
12327,56,45.9,4,4,0,0
12328,15,46.91,3,30,0,0
12329,34,92.72,8,6,0,0
12330,22,71.73,5,3,0,0
12331,29,51.39,5,53,0,0
12332,46,118.47,7,61,0,0
12333,1,75.95,4,6,2,0
12334,24,28.54,3,1,1,0
12335,4,26.61,6,20,0,0
12336,1,61.62,5,5,1,0
12337,29,88.64,7,1,2,0
12338,46,31.21,9,21,0,0
12339,23,108.06,6,10,0,0
12340,56,47.36,4,11,0,0
12341,6,62.66,4,19,0,0
12342,23,61.35,2,11,1,0
12343,51,24.38,4,35,0,0
12344,19,86.2,3,19,0,0
12345,18,27.46,6,1,0,0
12346,28,25.53,4,14,1,0
12347,22,52.86,6,5,0,0
12348,53,27.27,7,39,0,0
12349,47,60.49,3,22,1,0
12350,56,35.97,7,2,0,0
12351,9,37.37,7,52,1,0
12352,29,71.16,3,10,0,0
12353,20,75.03,6,16,2,0
12354,1,56.7,5,5,0,0
12355,3,29.35,2,23,0,0
12356,43,41.27,4,72,0,0
12357,31,48.04,4,81,0,0
12358,17,42.96,4,18,0,0
12359,45,54.49,4,39,1,0
12360,39,23.19,2,20,2,0
12361,53,62.82,4,28,3,0
12362,28,45.88,6,31,0,0
12363,58,42.39,5,9,0,0
12364,12,66.34,8,38,1,0
12365,50,66.02,5,19,0,0
12366,18,28.61,3,6,0,0
12367,14,56.11,6,20,1,0
12368,46,60.36,5,19,0,0
12369,22,55.05,4,6,0,0
12370,7,79.34,4,44,0,0
12371,4,45.61,5,68,1,0
12372,17,58.41,4,5,2,1
12373,52,31.65,3,18,0,0
12374,45,49.97,6,2,0,0
12375,25,156.31,7,18,0,0
12376,42,91.26,7,33,0,0
12377,46,108.23,7,23,1,0
12378,4,68.09,2,24,0,0
12379,14,51.95,2,16,0,0
12380,43,68.49,3,1,0,0
12381,1,82.2,5,35,0,1
12382,52,60.99,4,9,0,0
12383,52,130.43,5,8,1,0
12384,21,66.07,4,28,2,1
12385,6,39.7,6,15,0,0
12386,57,36.58,6,8,0,0
12387,35,66.62,6,20,1,0
12388,6,49.33,3,49,0,0
12389,54,152.68,6,42,1,0
12390,38,59.92,3,2,1,0
12391,40,61.13,8,29,1,0
12392,32,61.49,4,44,0,0
12393,11,67.48,2,12,1,0
12394,48,44.39,7,16,0,0
12395,55,43.33,4,6,0,0
12396,51,42.01,2,7,2,0
12397,27,52.61,3,10,0,0
12398,11,36.83,7,14,1,0
12399,25,49.7,4,8,0,0
12400,35,47.31,2,3,0,0
12401,10,73.79,6,2,0,0
12402,25,64.83,3,19,0,0
12403,54,57.67,6,8,1,0
12404,28,78.12,5,18,1,0
12405,45,53.1,4,22,0,0
12406,58,52.01,8,3,2,0
12407,1,17.75,6,22,0,0
12408,19,79.73,6,3,0,0
12409,41,41.93,2,16,1,0
12410,2,48.3,4,59,1,1
12411,51,68.64,3,40,0,0
12412,37,59.64,3,24,5,0
12413,47,29.89,4,2,0,1
12414,52,38.66,5,37,1,0
12415,36,43.35,2,32,0,0
12416,26,105.66,4,36,1,0
12417,49,52.47,6,3,0,0
12418,48,40.02,5,23,2,0
12419,12,68.83,4,4,0,0
12420,38,35.38,5,40,1,0
12421,3,131.56,5,90,0,0
12422,59,41.57,4,4,1,0
12423,51,59.86,7,38,0,0
12424,37,83.22,4,28,0,0
12425,51,30.72,4,1,0,0
12426,39,22.6,2,20,1,0
12427,18,32.81,5,5,0,0
12428,25,79.44,3,6,1,0
12429,48,47.89,9,17,1,0
12430,58,56.05,7,0,0,0
12431,54,94.12,1,9,0,0
12432,36,29.51,3,8,0,0
12433,28,69.59,5,27,1,0
12434,52,105.7,3,68,1,1
12435,36,93.19,2,19,0,0
12436,17,99.53,8,48,2,0
12437,6,54.64,3,15,1,0
12438,34,69.2,8,18,2,0
12439,4,62.67,5,14,0,0
12440,53,64.36,5,1,0,0
12441,34,37.67,4,5,0,0
12442,37,34.76,5,8,0,0
12443,15,35.56,4,32,0,0
12444,28,61.66,4,53,0,1
12445,41,21.2,5,53,1,1
12446,45,50.84,4,0,0,0
12447,24,71.26,2,39,1,0
12448,20,124.87,5,65,0,0
12449,55,53.42,8,2,0,0
12450,43,24.46,2,14,1,0
12451,13,86.63,4,3,0,0
12452,37,75.43,5,26,0,0
12453,3,36.67,6,10,1,0
12454,2,60.33,4,37,0,0
12455,60,127.18,8,124,0,0
12456,50,30.12,7,30,0,0
12457,9,123.61,5,47,0,0
12458,35,61.93,4,20,0,0
12459,32,37.09,2,8,1,0
12460,51,63.3,4,2,1,0
12461,11,41.39,3,4,1,0
12462,4,169.33,5,36,0,0
12463,46,56.13,6,3,0,0
12464,9,80.87,10,24,2,0
12465,35,40.51,4,33,0,0
12466,15,44.97,4,6,1,0
12467,32,29.08,5,5,1,0
12468,7,22.38,5,7,1,0
12469,8,57.17,9,22,1,1
12470,58,44.24,2,1,1,0
12471,7,63.89,9,15,0,0
12472,31,55.67,5,29,0,0
12473,28,46.18,3,63,1,1
12474,15,71.65,4,13,0,0
12475,17,63.63,4,6,0,0
12476,29,60.52,6,20,1,0
12477,60,67.53,4,20,0,0
12478,4,29.67,8,48,0,0
12479,53,48.06,6,30,0,0
12480,46,38.04,7,10,0,0
12481,17,41.13,3,22,0,0
12482,60,38.78,5,42,0,0
12483,2,67.39,2,9,0,0
12484,9,45.16,7,16,0,0
12485,13,33.79,9,5,1,0
12486,36,80.94,4,19,0,0
12487,35,60.91,5,6,2,0
12488,25,38.75,6,46,0,0
12489,43,25.58,5,3,0,0
12490,39,57.55,5,27,0,0
12491,6,44.0,4,11,2,0
12492,45,42.62,3,23,1,0
12493,55,37.71,3,31,0,0
12494,56,66.09,3,10,0,0
12495,40,150.52,5,29,0,0
12496,51,53.22,7,1,0,0
12497,17,45.9,5,8,0,0
12498,55,53.91,8,15,1,0
12499,2,39.61,6,0,0,0
12500,15,75.3,4,8,0,0
12501,58,46.86,7,7,2,0
12502,13,73.39,5,15,1,0
12503,17,66.38,7,56,0,0
12504,36,45.15,3,22,1,0
12505,1,46.54,5,8,1,0
12506,20,37.78,2,32,1,0
12507,45,47.31,5,2,0,0
12508,11,73.06,5,29,1,0
12509,21,56.97,7,34,0,0
12510,41,89.26,4,15,0,0
12511,49,26.42,6,24,1,0
12512,2,39.53,2,20,0,0
12513,52,42.42,5,26,4,0
12514,2,59.18,3,2,1,0
12515,20,97.41,4,3,0,0
12516,56,63.26,7,10,1,0
12517,13,130.24,6,32,1,0
12518,47,41.07,8,2,1,0
12519,38,72.76,5,53,1,0
12520,21,58.21,6,4,0,0
12521,34,94.75,6,33,0,0
12522,50,53.51,4,19,0,0
12523,53,72.94,8,33,0,0
12524,30,85.76,5,28,1,0
12525,4,23.36,8,35,0,0
12526,1,79.5,9,3,0,0
12527,35,73.9,6,48,0,0
12528,60,31.9,5,11,1,0
12529,38,52.06,9,25,0,0
12530,11,61.23,4,6,1,0
12531,39,61.88,3,5,0,0
12532,58,32.99,5,50,0,0
12533,2,94.92,5,7,0,0
12534,36,119.43,3,7,0,0
12535,60,54.62,7,4,1,0
12536,48,26.72,5,36,0,0
12537,50,101.8,5,2,0,0
12538,21,60.68,6,2,1,0
12539,35,30.37,2,2,2,1
12540,55,69.18,6,2,0,0
12541,59,74.38,6,25,2,0
12542,3,77.17,3,5,0,0
12543,19,91.29,2,9,1,1
12544,1,110.0,6,24,0,0
12545,45,58.79,5,15,0,0
12546,58,55.31,1,22,0,0
12547,39,26.78,4,2,0,1
12548,2,61.02,3,15,1,0
12549,5,50.67,4,5,0,0
12550,50,59.03,6,15,0,0
12551,17,29.3,3,14,1,1
12552,15,76.64,4,4,1,1
12553,42,81.58,3,74,0,0
12554,36,39.08,2,1,0,0
12555,58,66.12,5,4,1,0
12556,21,41.6,7,21,2,0
12557,7,23.93,6,22,1,0
12558,44,32.66,8,14,0,0
12559,45,47.55,4,135,2,1
12560,8,52.11,9,1,0,0
12561,27,58.34,6,48,1,0
12562,49,53.43,6,9,0,0
12563,3,72.56,5,29,0,0
12564,12,46.32,4,0,1,0
12565,34,34.26,7,33,0,0
12566,53,49.33,7,41,1,0
12567,5,33.22,5,6,2,0
12568,4,33.29,6,15,2,0
12569,40,48.67,4,11,2,0
12570,54,70.65,2,26,0,0
12571,45,33.63,4,1,0,0
12572,40,29.74,6,12,0,0
12573,25,57.58,5,0,0,0
12574,2,98.62,8,9,1,0
12575,48,48.48,3,2,0,0
12576,39,57.01,3,12,0,0
12577,19,24.68,2,34,0,0
12578,59,87.26,6,13,2,0
12579,40,56.2,11,18,1,0
12580,21,64.46,6,7,2,0
12581,56,45.07,5,15,0,0
12582,56,71.29,4,16,0,0
12583,9,51.2,8,2,2,0
12584,56,72.64,3,69,0,0
12585,45,25.89,7,16,1,0
12586,56,40.75,6,18,2,0
12587,37,57.52,3,49,0,0
12588,48,50.55,5,26,1,0
12589,39,43.88,5,22,1,0
12590,50,62.3,3,4,0,0
12591,9,88.84,2,50,1,0
12592,13,41.9,2,12,1,0
12593,26,92.08,7,0,1,0
12594,50,53.44,5,23,1,0
12595,57,60.32,7,88,0,0
12596,7,54.27,4,44,1,1
12597,13,22.66,4,20,0,0
12598,36,68.46,5,47,0,0
12599,9,49.74,3,23,0,0
12600,49,49.34,6,6,0,0
12601,57,47.44,3,8,0,0
12602,53,58.33,5,1,0,0
12603,13,70.85,8,3,0,0
12604,15,53.45,6,3,0,0
12605,23,65.98,5,6,0,0
12606,37,36.42,3,28,0,0
12607,59,23.4,7,2,1,0
12608,3,40.85,4,12,0,0
12609,15,99.82,5,29,1,1
12610,25,60.66,4,11,0,0
12611,23,62.32,6,15,0,0
12612,5,75.22,7,22,0,0
12613,38,37.82,4,65,2,0
12614,48,57.34,2,7,0,0
12615,4,127.54,6,31,2,0
12616,42,39.16,7,7,0,0
12617,45,109.78,4,16,0,0
12618,49,26.92,9,4,1,0
12619,26,85.1,4,3,0,0
12620,52,119.03,6,4,0,0
12621,51,65.66,4,0,0,0
12622,58,129.57,9,5,1,0
12623,13,68.73,8,32,0,0
12624,47,27.91,3,6,0,0
12625,25,58.41,4,21,0,0
12626,46,34.13,3,4,1,0
12627,47,89.31,3,24,3,1
12628,34,63.19,2,14,2,0
12629,36,39.73,9,3,1,0
12630,28,50.12,3,48,1,0
12631,42,24.41,6,1,1,0
12632,47,107.44,4,9,1,0
12633,17,50.86,3,48,1,0
12634,50,47.19,5,2,0,0
12635,29,54.77,4,17,0,0
12636,31,59.56,3,13,1,0
12637,50,77.17,2,16,0,0
12638,50,47.3,7,53,1,0
12639,48,73.6,6,5,1,0
12640,6,46.98,3,32,2,0
12641,28,61.78,3,10,0,0
12642,34,91.9,6,17,0,0
12643,10,56.69,5,7,1,0
12644,31,76.33,4,6,0,0
12645,48,87.27,8,1,0,0
12646,33,50.72,4,7,0,0
12647,2,36.03,4,13,0,0
12648,6,37.49,7,4,0,0
12649,25,35.31,3,2,0,0
12650,4,45.39,4,45,1,0
12651,60,73.49,5,6,1,0
12652,11,84.66,3,8,1,0
12653,30,68.05,7,27,0,0
12654,23,54.8,5,18,0,0
12655,52,36.85,4,24,0,0
12656,52,69.91,5,21,2,0
12657,47,60.93,3,6,0,0
12658,59,65.56,4,25,0,0
12659,36,61.61,3,9,0,0
12660,18,42.2,4,30,1,0
12661,29,33.98,5,5,1,0
12662,38,33.25,5,13,0,0
12663,3,40.48,3,11,0,0
12664,15,57.94,5,51,0,0
12665,6,81.65,4,16,0,0
12666,21,58.78,3,8,0,0
12667,39,67.26,5,26,2,0
12668,35,76.3,12,0,0,0
12669,2,61.2,8,16,0,0
12670,8,78.43,7,24,0,0
12671,39,73.06,4,23,2,0
12672,50,64.58,3,43,0,0
12673,42,63.0,10,4,0,0
12674,12,46.95,11,6,0,0
12675,18,70.37,6,10,0,0
12676,24,48.82,3,31,0,0
12677,55,29.1,1,1,1,0
12678,45,28.34,8,49,0,0
12679,39,79.66,4,22,1,0
12680,37,67.22,6,8,0,0
12681,13,46.8,6,11,3,0
12682,51,65.11,2,13,1,0
12683,34,42.21,3,36,0,0
12684,40,36.25,6,11,0,0
12685,38,71.0,6,19,0,0
12686,13,43.51,5,8,0,0
12687,37,55.21,1,40,0,0
12688,50,41.89,3,1,0,0
12689,7,39.98,3,4,1,1
12690,21,122.2,4,6,0,0
12691,29,84.99,7,17,2,0
12692,54,120.97,1,47,0,0
12693,30,51.5,4,8,0,0
12694,14,33.85,4,8,0,0
12695,30,41.42,2,43,0,0
12696,42,36.85,3,4,0,0
12697,53,44.77,6,1,0,0
12698,34,55.05,5,10,0,0
12699,40,87.79,9,25,1,0
12700,48,110.09,5,1,2,0
12701,50,45.36,10,31,1,0
12702,53,26.25,3,22,1,0
12703,37,35.38,6,43,2,0
12704,45,56.05,6,70,2,1
12705,35,15.81,7,28,1,0
12706,48,39.85,6,1,0,0
12707,47,34.73,5,13,1,0
12708,55,38.25,7,33,0,0
12709,53,73.45,6,3,0,0
12710,57,105.67,9,4,0,0
12711,45,59.54,4,13,0,0
12712,51,23.59,6,25,0,0
12713,10,30.12,3,22,0,0
12714,52,89.77,3,43,0,0
12715,8,82.49,6,38,0,0
12716,41,68.57,5,37,0,0
12717,58,43.52,8,53,0,0
12718,60,42.84,5,20,0,0
12719,43,58.7,6,12,1,0
12720,55,130.23,1,1,2,0
12721,31,45.7,4,24,2,0
12722,44,44.04,2,3,0,0
12723,52,55.17,2,28,1,0
12724,2,30.67,6,7,0,0
12725,9,66.64,6,10,2,0
12726,5,55.05,5,8,1,0
12727,34,34.13,6,86,1,0
12728,14,33.61,3,3,0,0
12729,13,47.32,6,21,0,0
12730,57,53.09,7,15,1,0
12731,32,65.18,3,1,0,0
12732,57,48.78,2,41,0,0
12733,57,33.94,6,13,0,0
12734,49,72.6,8,10,0,0
12735,46,77.64,4,1,1,0
12736,14,54.92,4,17,0,0
12737,51,50.42,3,70,0,1
12738,39,36.08,5,77,2,1
12739,49,61.32,4,15,2,0
12740,21,28.11,2,3,0,0
12741,14,37.53,7,45,2,0
12742,39,61.33,6,4,0,0
12743,19,68.85,6,92,0,0
12744,12,45.83,2,63,0,1
12745,13,44.94,1,14,0,0
12746,26,49.99,3,2,2,1
12747,57,24.47,7,13,1,0
12748,2,51.13,4,3,0,0
12749,36,58.79,4,37,2,0
12750,13,39.38,4,1,0,0
12751,35,24.52,7,1,0,0
12752,12,37.14,5,32,0,0
12753,16,51.06,6,16,2,0
12754,57,63.12,7,5,0,0
12755,8,72.74,5,33,0,0
12756,32,59.9,6,4,0,0
12757,32,63.3,5,7,0,0
12758,9,82.23,5,4,0,0
12759,51,87.36,4,26,2,0
12760,18,50.24,9,18,0,0
12761,17,30.18,7,24,0,0
12762,20,39.27,8,191,0,1
12763,34,44.5,6,13,0,0
12764,31,50.46,2,24,0,0
12765,11,51.6,3,76,0,1
12766,26,83.04,4,9,0,0
12767,19,63.68,4,87,0,0
12768,18,45.5,4,13,0,0
12769,46,28.97,3,5,1,0
12770,7,113.28,3,25,0,0
12771,26,116.85,9,1,3,0
12772,1,69.33,6,1,1,0
12773,24,48.79,5,52,0,0
12774,46,31.32,5,3,1,0
12775,11,50.86,6,3,0,0
12776,12,29.67,6,6,0,0
12777,36,45.57,10,1,0,0
12778,22,48.64,2,15,1,0
12779,59,38.08,8,14,0,0
12780,27,74.25,7,41,0,0
12781,14,38.05,10,42,0,0
12782,24,47.83,5,11,1,0
12783,18,119.63,4,48,1,1
12784,49,66.78,3,21,0,0
12785,44,81.58,5,16,0,0
12786,1,43.34,3,3,1,0
12787,55,34.67,6,19,0,0
12788,52,55.97,6,63,1,1
12789,29,41.94,4,42,0,0
12790,30,69.16,4,3,0,1
12791,44,57.34,4,1,0,0
12792,43,96.94,6,8,0,0
12793,7,55.52,9,25,1,1
12794,17,70.11,7,128,1,1
12795,27,81.66,5,60,0,0
12796,5,67.49,7,0,0,0
12797,4,52.37,6,9,1,1
12798,16,99.23,6,13,0,0
12799,30,94.0,4,5,3,0
12800,4,40.99,4,6,0,0
12801,33,118.16,3,47,1,0
12802,57,37.14,5,19,1,0
12803,18,54.6,3,11,0,0
12804,31,51.44,4,85,0,0
12805,29,69.06,4,3,0,0
12806,14,48.82,3,28,0,0
12807,21,67.83,5,38,0,0
12808,6,39.29,8,15,0,0
12809,54,21.84,8,52,1,1
12810,17,56.37,3,15,0,0
12811,53,27.84,7,0,1,0
12812,40,59.48,5,7,1,0
12813,24,41.96,6,27,0,0
12814,48,39.52,4,48,0,1
12815,4,50.51,5,14,0,0
12816,12,56.15,2,9,0,0
12817,14,60.35,5,18,0,0
12818,46,22.89,3,22,2,0
12819,15,39.05,1,19,1,0
12820,30,72.89,7,1,0,0
12821,46,55.45,9,7,0,0
12822,36,81.76,6,36,1,0
12823,57,184.29,9,9,1,0
12824,38,70.51,8,1,0,0
12825,56,64.58,4,37,1,0
12826,11,65.21,2,11,2,0
12827,50,38.28,3,17,2,0
12828,19,68.18,6,56,1,0
12829,39,51.21,5,23,0,0
12830,11,61.11,4,16,1,0
12831,18,46.63,6,37,0,1
12832,51,84.64,8,4,1,0
12833,53,44.16,5,2,0,0
12834,42,38.4,5,4,0,0
12835,51,35.3,5,4,2,0
12836,45,54.56,5,10,0,0
12837,25,36.65,8,12,0,0
12838,25,71.53,2,9,0,0
12839,25,50.37,3,1,1,0
12840,39,66.32,3,50,0,0
12841,17,55.26,7,5,1,0
12842,49,88.79,3,1,1,0
12843,49,53.97,4,5,3,0
12844,5,39.97,5,1,1,0
12845,25,48.0,3,12,0,0
12846,22,75.07,8,12,0,0
12847,46,33.56,5,14,0,0
12848,14,70.25,4,2,1,0
12849,25,66.05,2,2,1,0
12850,3,51.41,3,2,0,0
12851,23,41.98,6,15,0,0
12852,51,57.15,6,1,0,0
12853,13,79.11,8,3,1,0
12854,18,40.1,3,3,0,0
12855,30,68.91,5,5,0,0
12856,11,82.67,1,35,0,0
12857,42,64.08,6,6,1,0
12858,41,62.21,3,36,0,0
12859,47,78.3,5,22,0,0
12860,2,54.27,4,4,0,0
12861,16,41.89,3,3,0,0
12862,27,99.08,6,77,2,0
12863,36,94.06,5,44,0,0
12864,14,54.53,3,18,0,0
12865,29,57.15,2,6,1,0
12866,39,111.57,2,1,0,0
12867,34,32.76,6,29,2,1
12868,60,51.66,3,7,1,0
12869,5,44.37,3,14,0,0
12870,58,63.59,5,4,1,0
12871,44,46.19,1,3,1,0
12872,43,102.29,3,2,0,0
12873,6,48.71,4,3,0,0
12874,14,42.08,7,8,0,0
12875,49,38.09,4,11,0,0
12876,45,56.05,5,19,1,0
12877,7,29.26,1,7,1,0
12878,45,69.3,4,4,0,0
12879,17,100.97,6,2,0,0
12880,59,34.01,4,9,0,0
12881,45,61.25,3,46,2,0
12882,35,49.48,4,6,0,0
12883,44,40.5,3,2,0,0
12884,33,35.33,6,4,0,0
12885,59,63.81,6,1,0,0
12886,45,46.31,3,13,1,1
12887,35,34.46,3,25,1,0
12888,46,78.41,6,15,0,0
12889,3,55.21,4,22,0,0
12890,38,70.64,4,4,0,0
12891,50,107.61,6,26,1,0
12892,8,65.32,3,20,0,0
12893,31,54.39,3,11,0,0
12894,14,46.33,9,40,0,0
12895,49,68.3,4,8,0,0
12896,33,77.44,4,1,0,0
12897,50,91.99,6,36,1,0
12898,22,26.65,1,5,0,0
12899,53,67.9,4,5,0,0
12900,31,69.08,3,1,0,0
12901,56,131.41,3,15,1,0
12902,59,66.14,5,11,1,0
12903,42,37.0,3,26,0,0
12904,16,51.02,8,11,1,0
12905,5,60.59,8,40,1,0
12906,50,43.03,6,3,0,0
12907,35,29.38,3,25,0,0
12908,48,68.12,4,14,1,0
12909,6,23.22,5,3,1,0
12910,33,41.03,3,10,0,0
12911,52,71.41,4,5,0,0
12912,60,56.19,3,7,0,0
12913,32,37.56,2,41,1,0
12914,20,62.85,9,12,0,0
12915,49,47.7,5,3,2,1
12916,15,81.1,4,31,0,0
12917,10,20.88,2,39,0,0
12918,49,84.81,5,8,0,0
12919,27,43.37,4,1,0,0
12920,13,39.31,6,25,0,0
12921,19,36.11,5,53,1,1
12922,41,65.14,7,3,0,0
12923,17,72.69,1,25,1,0
12924,32,87.18,5,14,1,0
12925,11,57.75,8,26,1,1
12926,22,104.4,4,37,0,0
12927,42,74.96,7,3,0,0
12928,6,40.07,2,77,1,1
12929,5,42.56,10,8,2,0
12930,10,98.12,5,5,0,0
12931,33,45.85,7,22,2,0
12932,51,44.45,6,11,0,0
12933,57,78.2,4,0,0,0
12934,1,79.33,4,3,1,0
12935,26,59.27,5,18,0,0
12936,34,66.0,4,31,0,0
12937,34,37.95,5,32,0,0
12938,11,30.03,5,1,0,0
12939,29,41.76,4,4,2,0
12940,48,73.43,3,21,2,0
12941,26,46.9,6,18,1,0
12942,49,92.37,6,8,1,1
12943,33,54.1,5,17,0,1
12944,31,31.66,3,10,0,0
12945,10,36.73,6,24,1,0
12946,18,33.56,6,13,0,0
12947,22,61.28,3,14,1,0
12948,8,68.17,2,13,1,0
12949,17,69.98,5,10,0,1
12950,9,38.27,3,32,0,0
12951,5,75.81,5,27,0,0
12952,29,86.56,3,110,0,1
12953,45,48.77,7,13,0,0
12954,13,62.5,4,12,1,0
12955,34,40.99,4,86,2,0
12956,5,57.97,4,14,1,0
12957,16,65.63,5,29,0,1
12958,43,66.28,5,1,0,1
12959,14,29.69,5,27,1,0
12960,29,45.67,5,15,0,0
12961,10,64.16,4,4,0,0
12962,5,59.69,7,27,0,1
12963,12,68.1,7,32,2,0
12964,14,57.01,3,14,0,0
12965,5,35.41,6,47,1,0
12966,7,96.67,7,16,0,0
12967,4,71.66,5,9,1,0
12968,49,36.15,3,9,2,0
12969,12,60.34,5,46,0,0
12970,43,62.9,6,33,1,0
12971,20,42.24,6,29,0,0
12972,29,41.91,4,8,0,0
12973,25,58.68,4,13,0,0
12974,40,17.8,1,13,0,0
12975,32,68.93,7,6,1,0
12976,46,50.78,5,7,0,0
12977,34,60.56,6,4,0,0
12978,35,113.29,2,27,0,0
12979,54,59.25,5,6,1,0
12980,8,43.49,2,37,1,0
12981,37,30.09,8,3,0,0
12982,15,65.51,7,8,2,0
12983,41,35.65,4,15,1,0
12984,15,39.32,9,17,1,0
12985,25,79.43,3,17,0,0
12986,15,58.59,5,68,0,0
12987,33,36.9,5,2,0,0
12988,8,51.98,8,18,0,0
12989,16,58.34,8,9,0,0
12990,36,52.51,11,12,0,0
12991,49,43.68,7,0,2,0
12992,10,56.82,6,15,1,1
12993,56,68.35,4,45,0,0
12994,28,57.51,7,10,0,0
12995,58,65.54,8,13,2,0
12996,45,69.42,7,29,1,0
12997,56,36.88,5,44,0,0
12998,42,58.19,5,25,0,0
12999,51,37.69,5,1,2,0
13000,43,78.07,5,3,0,0
13001,52,82.0,5,10,0,0
13002,7,54.24,7,10,0,0
13003,48,52.13,4,5,1,0
13004,37,69.34,5,10,0,0
13005,36,60.97,3,15,0,0
13006,16,71.46,2,30,2,0
13007,3,29.03,6,26,0,0
13008,14,65.67,3,33,1,1
13009,15,40.13,5,2,0,0
13010,22,59.93,5,27,1,0
13011,41,71.28,5,2,2,0
13012,51,65.47,3,67,0,0
13013,26,27.04,7,5,1,0
13014,10,44.21,2,22,0,0
13015,42,67.2,7,17,1,0
13016,25,45.93,6,21,0,0
13017,58,43.49,6,14,0,0
13018,24,93.87,4,43,0,1
13019,56,40.28,6,4,1,0
13020,30,83.46,8,12,2,0
13021,14,30.62,2,16,0,0
13022,15,53.62,4,57,1,0
13023,33,44.14,5,8,2,0
13024,15,88.05,11,12,1,0
13025,33,57.9,2,1,1,0
13026,51,67.51,6,2,0,0
13027,8,31.99,7,99,0,0
13028,19,93.84,7,3,0,0
13029,33,56.5,4,18,0,0
13030,51,81.04,7,19,1,0
13031,45,33.94,4,8,0,0
13032,27,95.12,5,13,0,0
13033,34,50.78,6,4,0,0
13034,8,53.96,8,37,0,0
13035,38,106.13,6,8,1,0
13036,54,72.19,5,21,2,0
13037,38,48.28,5,1,0,0
13038,60,32.33,4,4,1,0
13039,12,75.19,3,34,1,0
13040,26,31.32,4,15,1,0
13041,60,54.05,4,47,0,0
13042,25,22.75,8,17,1,1
13043,55,32.02,3,0,1,0
13044,13,86.4,4,10,2,1
13045,57,103.16,5,29,0,0
13046,2,118.84,5,2,0,0
13047,28,66.16,4,67,1,0
13048,9,49.29,5,18,0,0
13049,26,38.34,6,6,1,0
13050,47,41.77,5,2,1,0
13051,18,53.39,7,42,0,0
13052,16,28.46,6,3,2,0
13053,7,66.48,7,17,1,0
13054,57,77.43,5,20,0,0
13055,57,25.95,4,14,0,0
13056,9,69.33,6,16,3,0
13057,4,44.26,4,8,1,0
13058,43,58.61,4,11,1,0
13059,20,90.77,1,7,0,0
13060,34,91.93,6,3,1,0
13061,1,72.24,3,26,0,0
13062,19,63.37,4,41,0,0
13063,31,26.27,4,12,1,0
13064,8,57.09,6,58,0,0
13065,55,41.84,3,7,1,0
13066,32,42.47,9,16,0,0
13067,21,68.88,6,6,1,0
13068,48,60.93,5,16,1,0
13069,45,37.13,7,3,0,0
13070,50,65.31,5,1,0,0
13071,37,36.14,5,3,0,0
13072,12,124.98,5,4,2,0
13073,24,74.37,7,20,0,0
13074,32,49.8,6,10,1,0
13075,44,31.81,4,5,3,0
13076,20,34.57,5,24,1,0
13077,20,51.79,6,29,1,0
13078,30,45.4,5,0,2,0
13079,3,67.8,8,6,2,0
13080,18,18.86,5,8,0,0
13081,9,40.17,8,1,0,0
13082,2,174.41,4,2,1,0
13083,8,131.73,4,1,1,0
13084,50,70.6,3,3,0,0
13085,4,83.95,4,6,0,0
13086,52,62.43,5,9,0,0
13087,6,16.79,4,26,2,0
13088,33,79.4,2,9,0,0
13089,31,115.35,5,11,0,0
13090,24,54.2,5,7,0,0
13091,60,37.79,2,21,0,0
13092,5,63.4,9,1,0,0
13093,58,59.73,4,1,0,0
13094,20,90.56,9,4,1,0
13095,43,65.44,1,5,0,0
13096,4,55.36,5,19,1,0
13097,42,113.3,6,5,2,0
13098,10,81.45,5,29,0,0
13099,7,46.35,8,6,0,0
13100,7,33.07,4,13,0,0
13101,31,60.68,3,4,1,0
13102,41,86.2,3,0,1,0
13103,16,52.3,3,30,1,0
13104,29,71.25,3,3,0,1
13105,20,36.92,3,10,1,0
13106,3,55.32,7,24,0,0
13107,49,63.23,10,2,1,0
13108,34,46.66,4,2,0,0
13109,32,54.63,7,28,0,0
13110,18,43.36,6,3,1,0
13111,10,70.71,6,10,0,0
13112,33,39.34,6,49,0,0
13113,7,24.93,3,5,0,0
13114,31,59.83,11,10,3,0
13115,17,33.44,4,1,0,0
13116,21,39.36,3,16,0,0
13117,47,48.32,5,25,0,1
13118,33,25.43,3,11,1,1
13119,23,31.37,5,79,0,0
13120,26,75.2,5,59,2,0
13121,43,42.38,6,15,2,0
13122,4,131.5,8,21,0,0
13123,27,67.7,5,18,0,0
13124,13,83.88,2,7,1,0
13125,36,62.76,6,1,1,0
13126,41,40.86,5,36,2,0
13127,2,57.25,2,3,3,0
13128,43,46.74,5,20,3,0
13129,40,113.68,5,3,2,0
13130,47,35.86,4,2,0,0
13131,19,53.13,6,37,0,0
13132,34,52.59,4,19,0,0
13133,5,77.72,3,20,1,0
13134,18,77.27,6,4,0,0
13135,33,86.1,6,28,0,1
13136,27,51.19,5,15,1,0
13137,53,159.88,8,8,1,0
13138,31,136.32,5,6,0,0
13139,51,33.17,5,22,1,0
13140,31,27.51,6,5,0,0
13141,50,51.85,8,65,0,0
13142,59,65.55,3,32,0,0
13143,2,78.07,6,11,2,0
13144,14,91.31,2,11,1,0
13145,32,54.09,7,21,2,0
13146,4,57.65,4,1,1,0
13147,30,28.81,5,88,0,1
13148,26,40.34,6,8,2,0
13149,11,62.42,3,1,1,0
13150,15,55.07,7,28,0,0
13151,39,35.57,5,33,0,0
13152,53,53.34,8,18,0,0
13153,52,67.1,3,24,0,0
13154,29,38.94,4,27,3,0
13155,24,60.3,3,44,0,0
13156,47,48.69,2,8,0,0
13157,31,95.85,4,38,1,0
13158,37,82.39,7,18,0,0
13159,43,15.89,5,128,1,1
13160,41,77.97,3,13,0,1
13161,33,47.69,9,12,0,0
13162,20,40.04,6,16,0,0
13163,59,47.56,4,17,1,0
13164,24,55.54,5,7,0,0
13165,4,59.36,3,5,2,0
13166,57,53.19,6,8,0,0
13167,28,38.13,4,12,0,0
13168,47,55.76,3,29,0,0
13169,17,64.73,5,18,1,0
13170,12,63.18,4,9,0,0
13171,46,79.95,3,13,0,0
13172,44,85.07,3,13,2,0
13173,31,170.99,4,46,0,1
13174,41,49.39,6,3,2,0
13175,1,132.95,7,171,0,1
13176,37,106.15,3,39,1,0
13177,46,39.58,8,2,0,0
13178,1,45.45,6,5,0,0
13179,50,35.46,7,2,0,0
13180,20,36.19,6,14,0,0
13181,51,51.45,8,17,0,0
13182,44,27.38,2,15,1,0
13183,6,23.75,9,38,0,0
13184,14,61.91,5,40,1,1
13185,60,41.0,3,1,1,0
13186,21,102.47,3,20,0,0
13187,29,34.88,4,12,1,0
13188,19,50.53,5,28,1,0
13189,24,27.96,6,11,0,0
13190,32,67.14,3,14,0,0
13191,5,31.26,3,6,0,0
13192,48,69.61,2,45,2,1
13193,20,43.57,9,31,2,0
13194,54,105.86,4,67,1,0
13195,33,67.67,4,8,1,0
13196,44,99.92,2,43,1,0
13197,41,35.42,3,22,1,0
13198,58,79.09,5,48,3,1
13199,2,41.18,4,5,1,0
13200,21,83.93,4,48,1,0
13201,39,125.89,4,9,0,0
13202,15,58.03,4,12,0,0
13203,51,60.56,5,22,2,0
13204,10,51.91,4,39,1,0
13205,4,30.03,3,3,1,0
13206,30,32.54,7,26,0,0
13207,10,51.37,4,17,0,0
13208,30,30.83,6,15,1,0
13209,11,80.02,6,6,0,0
13210,20,82.78,2,1,1,0
13211,57,102.87,3,17,0,0
13212,52,49.13,3,41,2,0
13213,26,57.27,2,37,1,0
13214,44,104.66,3,10,0,0
13215,60,42.2,2,29,1,0
13216,44,51.12,2,44,1,0
13217,59,44.45,4,30,0,0
13218,56,39.35,7,10,0,0
13219,50,46.69,5,3,0,0
13220,17,45.19,8,12,0,0
13221,19,49.23,6,33,0,0
13222,39,74.43,6,21,1,0
13223,49,42.27,6,19,0,0
13224,33,56.35,3,34,2,1
13225,4,105.39,9,7,0,0
13226,15,98.87,6,21,1,0
13227,50,34.71,7,3,0,0
13228,6,37.32,6,1,0,0
13229,30,53.64,6,8,0,0
13230,39,44.48,3,27,1,0
13231,12,46.35,6,22,0,1
13232,11,67.53,3,1,0,0
13233,27,91.06,5,25,0,0
13234,31,27.6,3,33,0,0
13235,50,53.71,5,1,0,0
13236,7,74.83,9,12,2,0
13237,25,38.42,5,15,1,0
13238,36,54.42,4,6,1,0
13239,31,48.28,5,34,0,0
13240,33,33.07,2,7,0,0
13241,29,16.88,9,4,0,0
13242,40,54.55,4,24,1,0
13243,2,45.94,4,23,0,0
13244,35,44.86,5,34,1,0
13245,55,32.44,5,10,0,0
13246,23,75.63,9,1,0,0
13247,11,43.68,3,1,1,0
13248,25,38.55,6,101,1,1
13249,29,56.65,5,39,2,0
13250,14,71.68,2,15,1,0
13251,57,58.51,5,0,0,0
13252,6,76.31,6,8,0,0
13253,38,57.67,8,7,0,0
13254,37,130.19,4,25,0,0
13255,32,81.41,5,9,1,0
13256,43,54.8,5,21,2,0
13257,48,40.21,4,35,1,1
13258,40,32.36,4,49,1,0
13259,7,56.87,3,11,0,0
13260,35,45.9,7,5,0,0
13261,5,77.12,3,10,2,0
13262,13,40.87,3,3,0,0
13263,34,59.25,5,13,1,0
13264,19,52.69,3,15,1,0
13265,5,55.78,3,30,2,1
13266,27,56.9,4,45,0,0
13267,8,75.25,6,17,2,0
13268,17,58.67,5,0,1,0
13269,34,46.45,1,14,0,1
13270,47,32.03,3,42,2,0
13271,44,73.43,3,24,0,0
13272,16,43.6,3,15,0,0
13273,22,49.08,8,6,1,0
13274,40,45.68,6,7,1,0
13275,48,35.3,9,12,0,0
13276,33,38.07,6,10,0,0
13277,7,51.84,5,22,0,0
13278,53,46.21,8,1,0,0
13279,42,36.7,9,23,0,0
13280,15,68.01,4,27,2,1
13281,21,80.24,6,5,0,0
13282,21,62.42,5,46,1,1
13283,27,57.8,4,61,0,0
13284,27,20.05,7,3,1,0
13285,48,44.09,5,16,0,0
13286,47,74.99,5,9,0,0
13287,49,52.32,4,49,0,0
13288,1,61.52,4,5,1,0
13289,16,76.26,4,20,0,0
13290,44,82.81,5,32,0,0
13291,41,67.42,7,4,2,0
13292,60,93.74,2,18,1,0
13293,17,42.8,2,20,0,0
13294,34,56.43,2,7,0,1
13295,7,50.02,4,34,0,0
13296,47,32.02,6,6,0,0
13297,50,47.75,7,38,0,0
13298,13,52.96,6,5,2,0
13299,36,59.73,4,10,0,0
13300,51,75.16,5,2,0,0
13301,39,35.13,3,5,1,0
13302,21,140.24,8,5,0,0
13303,41,33.58,6,11,0,0
13304,33,56.3,4,31,0,0
13305,49,46.06,3,11,1,0
13306,59,29.98,2,3,0,0
13307,51,70.21,2,3,1,0
13308,42,57.48,3,12,0,0
13309,8,78.94,7,11,0,0
13310,16,26.2,7,22,0,0
13311,1,29.65,8,4,2,0
13312,30,47.04,7,18,2,0
13313,29,87.21,3,9,1,0
13314,19,60.77,2,7,2,1
13315,35,43.15,7,3,1,0
13316,39,60.25,8,3,0,0
13317,14,77.01,4,3,1,0
13318,60,60.16,3,21,0,0
13319,6,52.09,6,22,0,0
13320,25,45.39,6,33,0,0
13321,10,47.67,4,9,0,0
13322,38,47.54,4,8,0,0
13323,52,80.9,9,83,1,0
13324,57,30.26,9,41,0,0
13325,13,59.16,4,3,1,0
13326,44,65.91,4,6,0,0
13327,32,51.96,4,23,0,0
13328,13,78.59,5,41,0,0
13329,28,56.78,5,8,0,0
13330,29,66.54,2,48,1,0
13331,49,49.46,1,19,0,0
13332,53,113.77,6,17,1,0
13333,27,32.56,4,10,1,0
13334,17,33.25,3,3,2,0
13335,12,27.97,5,124,0,1
13336,46,106.73,10,31,1,0
13337,20,78.67,6,28,0,0
13338,6,83.47,2,33,1,0
13339,44,24.47,5,12,0,0
13340,21,90.7,5,21,1,0
13341,44,56.2,6,15,0,0
13342,7,45.76,2,15,0,0
13343,22,59.45,6,24,0,0
13344,33,71.57,9,19,1,0
13345,51,18.58,3,29,1,0
13346,53,66.24,8,46,0,0
13347,50,76.98,6,20,0,0
13348,8,36.65,4,33,1,0
13349,33,100.71,3,0,1,0
13350,35,51.86,4,5,1,0
13351,37,34.72,4,27,0,0
13352,4,82.78,2,18,0,0
13353,20,105.0,2,6,0,0
13354,56,46.83,5,20,2,0
13355,31,58.46,4,13,0,0
13356,40,133.64,8,4,0,0
13357,30,42.98,6,11,0,0
13358,24,33.13,2,13,0,0
13359,50,32.97,5,16,0,0
13360,58,19.93,5,26,0,0
13361,40,26.25,4,1,1,0
13362,52,61.82,4,5,1,0
13363,38,101.25,8,59,1,1
13364,31,90.33,6,1,1,0
13365,27,59.25,8,9,1,0
13366,31,61.56,4,2,0,0
13367,43,98.54,7,8,0,0
13368,40,26.77,3,2,0,0
13369,37,52.44,9,4,0,0
13370,28,37.05,3,35,0,0
13371,27,49.41,5,98,3,1
13372,8,22.85,5,10,0,0
13373,17,80.02,10,29,0,1
13374,51,71.22,4,40,1,0
13375,53,103.15,3,16,0,0
13376,35,49.21,3,100,1,1
13377,32,67.19,7,13,0,0
13378,45,80.6,4,29,2,1
13379,47,27.33,8,13,0,0
13380,34,54.19,2,8,0,0
13381,22,66.07,5,1,0,0
13382,7,28.12,4,9,0,0
13383,11,61.74,5,41,0,0
13384,2,55.88,6,34,1,0
13385,31,74.07,8,16,0,0
13386,29,82.24,5,21,0,0
13387,46,44.94,5,10,0,0
13388,55,49.55,5,5,0,0
13389,9,35.67,8,1,1,0
13390,37,61.87,3,25,0,0
13391,56,36.98,7,24,0,0
13392,11,48.46,8,67,1,1
13393,58,103.55,4,39,1,0
13394,20,46.07,5,8,1,0
13395,28,51.36,4,59,2,0
13396,47,49.35,6,6,1,0
13397,3,47.93,4,53,0,1
13398,7,39.71,7,15,0,0
13399,21,17.6,7,5,0,0
13400,12,36.96,4,17,3,0
13401,17,22.84,6,27,1,0
13402,7,87.49,4,48,0,0
13403,52,30.04,5,8,1,0
13404,52,35.3,3,9,0,0
13405,50,48.91,4,7,0,0
13406,53,131.55,4,77,0,0
13407,60,52.6,4,12,0,0
13408,5,52.57,7,31,3,0
13409,37,22.14,5,8,1,0
13410,59,137.73,1,63,1,0
13411,37,83.46,5,20,0,0
13412,4,55.95,3,23,0,0
13413,43,84.27,3,8,0,0
13414,9,23.37,5,15,1,0
13415,7,86.89,6,6,0,0
13416,60,29.58,4,45,0,0
13417,33,44.71,3,12,1,0
13418,46,85.83,4,56,0,0
13419,4,163.62,2,8,2,0
13420,49,61.36,6,3,0,0
13421,42,132.71,5,13,0,0
13422,55,75.7,4,1,2,0
13423,41,44.04,5,26,1,0
13424,58,62.1,1,21,4,0
13425,31,117.96,4,55,0,0
13426,4,28.57,5,33,0,1
13427,50,52.73,4,1,1,0
13428,22,110.33,6,25,0,0
13429,9,47.91,6,11,0,0
13430,21,54.6,4,0,0,0
13431,45,36.01,2,33,0,0
13432,4,78.23,4,23,0,0
13433,58,55.12,3,4,2,0
13434,7,120.98,3,13,1,0
13435,30,31.68,4,2,0,0
13436,7,39.68,3,4,0,0
13437,51,103.38,7,11,1,0
13438,49,90.32,2,6,0,0
13439,31,35.04,8,15,0,0
13440,47,150.43,5,34,0,0
13441,10,83.81,8,18,0,0
13442,38,67.14,6,31,0,0
13443,1,41.7,8,0,0,0
13444,5,78.54,6,16,0,0
13445,23,94.81,5,17,1,0
13446,2,44.37,3,17,0,0
13447,18,21.02,5,6,0,0
13448,32,131.34,6,22,0,0
13449,9,94.96,7,19,0,0
13450,48,58.93,6,16,1,0
13451,21,33.03,4,12,0,0
13452,56,79.38,8,28,3,0
13453,9,50.36,4,46,0,0
13454,7,34.81,6,3,0,0
13455,12,27.81,4,12,0,0
13456,60,78.56,5,0,1,0
13457,43,89.59,6,21,0,0
13458,44,114.72,1,18,0,0
13459,60,59.72,12,2,1,0
13460,24,58.1,5,8,0,0
13461,8,67.16,7,19,0,0
13462,17,59.97,6,4,1,0
13463,7,43.12,5,10,0,0
13464,26,34.91,6,7,2,0
13465,42,53.77,4,15,2,0
13466,17,104.84,5,2,1,0
13467,44,72.69,6,42,0,0
13468,9,41.3,6,31,0,0
13469,24,52.69,4,22,0,0
13470,57,47.8,2,5,0,0
13471,22,69.53,7,31,2,0
13472,50,60.49,4,23,0,0
13473,48,71.8,2,2,0,0
13474,18,61.32,3,77,0,0
13475,55,39.27,4,131,1,1
13476,58,83.55,8,7,2,0
13477,34,115.77,3,31,0,1
13478,47,45.5,7,5,0,0
13479,10,37.84,6,26,0,0
13480,54,65.55,4,1,0,0
13481,21,98.36,3,6,0,0
13482,8,61.1,3,24,0,0
13483,58,69.68,6,12,0,0
13484,40,28.51,5,6,0,0
13485,45,43.78,1,15,0,0
13486,18,73.64,5,3,0,0
13487,15,37.6,2,23,0,0
13488,25,52.33,4,6,0,0
13489,40,52.66,11,41,0,0
13490,32,39.67,4,12,0,0
13491,19,68.36,6,5,1,0
13492,14,73.79,2,16,1,0
13493,8,93.14,5,5,1,0
13494,53,76.13,7,11,1,0
13495,58,42.37,4,9,0,0
13496,40,68.19,4,14,0,0
13497,39,58.26,7,3,0,0
13498,18,79.61,2,38,0,1
13499,38,98.23,6,10,0,0
13500,60,34.73,3,33,0,0
13501,54,56.8,7,5,0,0
13502,39,75.73,1,14,0,0
13503,27,54.92,6,3,1,0
13504,60,80.15,3,9,0,0
13505,17,26.38,9,39,0,0
13506,40,44.62,3,28,1,0
13507,32,82.64,7,14,0,0
13508,52,37.39,8,72,1,0
13509,57,58.52,8,41,0,0
13510,39,35.39,4,21,1,0
13511,34,101.92,4,59,0,0
13512,7,33.6,5,7,1,0
13513,21,52.22,7,1,1,0
13514,3,56.39,3,2,0,0
13515,60,53.86,5,2,1,0
13516,27,47.64,4,11,4,0
13517,20,64.32,9,28,1,0
13518,20,61.03,3,12,1,0
13519,39,48.68,4,16,1,0
13520,9,38.93,7,2,0,0
13521,53,53.13,4,20,1,0
13522,54,102.57,8,8,0,0
13523,43,54.0,4,5,0,0
13524,41,40.85,6,23,2,0
13525,31,31.35,4,9,2,0
13526,51,39.73,6,51,2,0
13527,21,28.83,6,19,0,0
13528,34,28.84,6,11,0,0
13529,20,42.39,8,34,0,0
13530,50,35.51,3,13,0,0
13531,28,50.88,8,8,1,0
13532,13,64.39,4,19,0,0
13533,31,77.97,2,9,0,0
13534,43,36.24,2,52,1,0
13535,16,105.82,5,27,2,0
13536,21,91.84,3,19,2,1
13537,20,53.57,5,7,0,0
13538,39,48.25,6,6,0,0
13539,45,57.74,5,9,2,0
13540,51,63.96,5,16,0,0
13541,13,71.97,4,2,2,0
13542,57,29.94,6,4,0,0
13543,40,36.84,6,18,0,0
13544,6,50.57,2,6,1,0
13545,35,53.84,6,44,0,0
13546,34,61.28,4,2,2,1
13547,44,42.37,5,31,0,0
13548,17,81.39,5,24,2,0
13549,24,48.25,5,11,1,0
13550,18,101.47,6,7,2,1
13551,34,42.39,5,52,1,0
13552,20,79.05,6,1,0,0
13553,44,51.81,4,14,1,0
13554,57,48.35,3,8,0,0
13555,57,32.55,5,24,1,0
13556,57,45.48,2,2,0,0
13557,7,31.31,2,30,1,0
13558,32,40.34,6,9,0,0
13559,8,43.95,9,8,0,0
13560,60,69.7,12,18,0,0
13561,10,64.37,7,11,0,0
13562,18,59.54,9,5,0,0
13563,24,34.66,5,1,0,0
13564,45,119.84,5,22,0,0
13565,27,97.87,6,35,0,0
13566,9,78.26,8,9,0,0
13567,35,24.2,2,23,1,0
13568,46,48.09,2,6,0,0
13569,16,43.54,4,34,0,0
13570,40,34.62,4,0,0,0
13571,51,51.4,4,7,0,0
13572,45,53.38,3,28,2,0
13573,2,58.36,2,53,0,0
13574,50,30.71,6,20,0,0
13575,59,53.32,7,6,1,0
13576,29,74.87,5,33,4,0
13577,54,36.69,3,1,0,0
13578,37,49.72,2,5,0,0
13579,19,57.24,2,87,0,0
13580,27,36.82,7,25,0,0
13581,36,69.72,4,3,0,0
13582,46,34.75,7,27,1,0
13583,41,25.0,8,16,1,0
13584,3,113.29,3,11,0,0
13585,12,41.32,6,45,0,0
13586,16,46.28,4,9,1,0
13587,60,23.7,4,18,1,0
13588,15,100.31,7,2,2,0
13589,11,63.27,6,12,0,0
13590,55,30.24,4,7,0,0
13591,5,41.38,8,4,0,0
13592,24,48.12,5,24,0,0
13593,45,30.94,5,8,0,0
13594,55,37.44,5,22,0,0
13595,49,83.13,4,18,0,0
13596,35,42.17,3,0,0,0
13597,11,57.53,6,32,1,0
13598,36,57.25,5,9,0,0
13599,10,44.71,5,12,1,1
13600,11,37.56,3,15,0,0
13601,14,64.75,6,37,0,1
13602,18,31.62,4,22,0,0
13603,36,56.68,3,28,0,0
13604,23,68.46,6,72,0,0
13605,34,58.91,3,7,1,0
13606,11,34.75,4,2,0,0
13607,35,30.43,5,14,0,0
13608,12,77.7,7,1,1,0
13609,4,84.52,4,53,0,0
13610,2,48.09,6,38,0,0
13611,42,36.39,4,2,1,0
13612,43,47.02,6,28,0,0
13613,18,35.56,8,29,0,1
13614,45,57.26,4,19,0,0
13615,28,59.3,5,23,0,1
13616,28,58.42,6,19,1,0
13617,11,43.93,4,0,1,0
13618,34,54.24,6,16,1,0
13619,31,46.74,5,4,0,0
13620,33,29.6,10,4,1,0
13621,16,92.89,2,0,2,0
13622,5,43.01,5,8,0,0
13623,38,27.09,3,13,1,0
13624,15,66.29,6,17,0,0
13625,13,86.35,5,54,0,0
13626,4,43.75,7,1,2,0
13627,5,50.99,5,98,0,0
13628,39,67.03,5,4,0,0
13629,50,155.72,1,1,0,0
13630,38,53.61,5,24,1,0
13631,28,40.69,5,2,0,0
13632,18,45.97,5,12,0,0
13633,16,50.0,5,3,1,0
13634,5,28.26,4,19,0,1
13635,54,45.45,5,23,0,0
13636,20,25.62,5,5,0,0
13637,41,86.39,2,33,0,0
13638,7,24.58,5,1,1,0
13639,35,60.04,10,2,1,0
13640,5,34.92,7,13,0,0
13641,21,40.44,9,1,1,0
13642,1,40.29,2,17,0,0
13643,38,40.62,3,1,0,0
13644,30,137.23,4,12,1,0
13645,4,66.6,3,17,1,0
13646,25,68.15,11,8,0,0
13647,56,69.38,7,3,0,0
13648,13,51.7,6,10,0,0
13649,32,41.65,6,5,0,0
13650,58,39.02,4,12,0,0
13651,45,66.09,5,9,0,0
13652,5,38.15,4,12,0,0
13653,59,58.68,8,9,2,0
13654,18,41.31,6,8,1,0
13655,9,20.08,1,14,0,0
13656,44,51.79,3,15,0,0
13657,15,57.96,6,23,0,0
13658,17,41.16,2,27,1,0
13659,13,60.04,5,15,0,0
13660,53,63.61,6,51,0,0
13661,2,68.4,5,85,0,0
13662,7,58.71,4,13,0,0
13663,19,57.78,4,16,2,0
13664,22,64.2,4,10,1,0
13665,43,47.66,4,4,1,0
13666,7,22.35,7,25,0,0
13667,19,36.51,1,0,1,0
13668,43,42.35,6,4,2,0
13669,50,46.42,5,5,0,0
13670,51,76.78,3,4,0,0
13671,49,57.69,5,21,1,0
13672,47,55.82,4,11,0,0
13673,30,48.34,3,3,0,0
13674,20,36.55,3,2,0,0
13675,5,59.12,5,6,1,0
13676,9,63.81,7,74,0,0
13677,23,77.22,4,41,0,0
13678,26,38.46,3,7,0,0
13679,26,103.99,5,9,1,0
13680,9,81.57,5,14,0,0
13681,40,32.72,5,26,0,0
13682,20,59.21,5,36,1,0
13683,54,68.44,6,46,1,0
13684,57,87.56,6,21,0,0
13685,5,49.83,7,19,1,0
13686,8,95.06,7,33,0,0
13687,35,45.86,5,54,1,0
13688,7,65.94,7,30,0,0
13689,24,68.17,2,9,0,0
13690,24,68.87,5,50,0,1
13691,10,69.58,5,15,1,0
13692,30,42.02,5,6,0,0
13693,56,39.58,9,32,0,0
13694,4,42.61,4,10,2,0
13695,53,35.72,5,24,0,0
13696,25,39.7,6,29,0,0
13697,30,76.83,3,2,1,0
13698,29,35.68,1,34,0,0
13699,21,56.42,5,7,0,0
13700,4,64.44,7,14,0,0
13701,6,48.88,6,16,0,0
13702,17,81.63,3,6,1,0
13703,29,30.18,12,22,0,0
13704,34,40.57,4,21,0,0
13705,22,91.99,8,0,0,0
13706,21,50.65,3,25,2,0
13707,45,55.84,5,14,1,0
13708,33,32.32,6,31,0,0
13709,33,32.31,5,31,1,0
13710,36,58.66,4,4,0,0
13711,23,88.6,3,8,0,0
13712,51,34.65,3,9,1,1
13713,22,65.35,6,6,2,0
13714,48,76.39,5,14,0,0
13715,57,38.7,6,23,1,0
13716,44,70.42,5,7,1,0
13717,35,97.8,5,45,1,0
13718,14,76.93,4,9,0,0
13719,25,42.39,8,21,0,0
13720,3,45.15,5,17,1,0
13721,53,77.48,6,11,1,0
13722,51,86.42,6,2,0,0
13723,60,32.56,6,71,0,0
13724,35,71.88,6,5,1,0
13725,28,39.02,10,26,0,0
13726,46,27.4,4,32,0,0
13727,43,34.65,7,4,1,0
13728,14,69.39,6,19,1,0
13729,56,32.97,5,7,1,0
13730,18,58.94,4,32,1,0
13731,14,44.19,6,32,1,0
13732,49,34.8,5,36,0,0
13733,45,67.28,10,21,0,0
13734,33,34.16,4,6,0,0
13735,51,71.56,6,18,2,0
13736,9,62.41,6,48,1,0
13737,26,33.12,5,10,0,0
13738,25,77.32,5,41,1,0
13739,44,38.62,4,3,0,0
13740,43,92.96,5,35,0,0
13741,2,84.13,6,20,0,0
13742,20,34.52,4,10,0,0
13743,40,53.58,4,6,0,0
13744,36,41.75,4,78,3,0
13745,38,75.03,6,31,0,0
13746,25,36.0,6,0,0,0
13747,3,75.31,3,2,1,0
13748,27,75.86,4,4,1,0
13749,40,105.51,6,1,0,0
13750,33,76.32,3,39,0,0
13751,24,41.12,2,4,0,0
13752,36,106.9,3,3,0,0
13753,12,89.2,4,31,0,0
13754,58,42.22,6,2,1,0
13755,31,42.57,6,7,1,0
13756,24,58.72,6,11,1,0
13757,20,84.98,7,9,2,0
13758,27,45.35,6,3,0,0
13759,38,37.4,6,7,0,0
13760,23,41.89,4,3,1,0
13761,21,67.72,5,35,1,0
13762,4,29.9,8,4,1,0
13763,1,57.96,8,12,0,0
13764,24,42.78,9,38,0,0
13765,6,107.82,4,14,0,0
13766,34,32.09,4,22,0,0
13767,29,36.92,7,9,0,0
13768,6,25.25,4,4,1,0
13769,7,78.01,4,22,0,0
13770,34,37.7,3,10,0,0
13771,55,125.64,4,38,0,0
13772,17,61.41,8,31,1,0
13773,37,26.49,3,19,1,0
13774,28,46.34,4,7,2,0
13775,42,46.56,5,15,1,0
13776,2,28.19,7,7,1,0
13777,13,88.44,5,0,2,0
13778,43,45.55,3,34,0,0
13779,28,94.47,8,12,1,0
13780,53,25.23,6,79,1,0
13781,20,61.49,2,39,0,0
13782,22,67.53,5,45,1,0
13783,41,36.2,6,25,0,0
13784,20,61.48,6,51,0,0
13785,1,60.87,3,19,0,1
13786,33,38.68,7,14,0,0
13787,3,40.66,4,36,1,0
13788,46,41.7,6,1,2,0
13789,20,56.1,5,39,0,0
13790,43,46.02,6,9,2,0
13791,12,110.1,4,12,1,0
13792,59,31.13,5,34,0,0
13793,37,38.15,4,2,0,0
13794,36,32.1,4,16,0,0
13795,13,52.34,5,3,0,0
13796,40,85.22,5,6,0,0
13797,59,75.4,5,11,0,0
13798,44,57.25,9,85,1,1
13799,59,48.48,5,1,0,0
13800,19,50.51,6,22,0,0
13801,49,95.91,4,5,0,0
13802,15,77.65,3,15,0,1
13803,53,30.32,8,13,1,0
13804,9,67.35,6,56,0,0
13805,2,51.93,6,18,0,0
13806,51,28.31,2,54,1,1
13807,49,47.21,6,20,3,0
13808,27,81.19,7,12,0,0
13809,41,60.77,3,28,1,0
13810,36,33.28,4,5,1,0
13811,50,79.01,7,32,0,0
13812,32,58.96,4,16,0,0
13813,30,69.24,2,18,0,0
13814,56,29.75,8,12,0,0
13815,41,34.75,6,12,0,0
13816,60,68.03,4,4,0,0
13817,47,54.47,3,18,0,0
13818,59,71.82,4,1,1,0
13819,41,57.03,2,2,0,0
13820,39,72.45,6,56,0,0
13821,30,20.0,5,1,0,0
13822,24,41.35,6,2,0,0
13823,5,52.1,5,29,0,0
13824,9,87.6,9,43,1,0
13825,39,46.38,4,5,1,0
13826,47,58.24,6,17,0,0
13827,1,75.62,5,31,0,0
13828,8,34.6,4,5,0,0
13829,6,46.81,4,37,1,0
13830,2,42.67,5,2,0,0
13831,27,45.06,6,44,0,0
13832,21,34.52,7,10,1,0
13833,38,36.84,4,9,1,0
13834,46,90.06,7,2,2,0
13835,47,42.55,4,1,1,0
13836,58,27.01,2,2,1,0
13837,7,51.98,4,44,0,0
13838,42,43.2,6,15,0,0
13839,20,65.3,6,11,0,0
13840,24,92.07,3,3,0,0
13841,21,81.16,9,18,0,0
13842,11,75.2,7,11,2,0
13843,44,45.92,6,7,0,0
13844,58,116.42,3,20,0,0
13845,29,55.91,6,2,0,0
13846,37,52.51,3,11,1,0
13847,38,56.57,4,18,0,0
13848,23,60.84,4,4,0,0
13849,45,52.0,6,9,0,0
13850,17,51.71,5,12,0,0
13851,15,46.93,5,14,2,0
13852,9,32.73,1,57,1,0
13853,54,35.23,4,13,0,0
13854,20,50.43,3,6,1,0
13855,33,88.88,4,2,2,0
13856,11,34.35,2,4,2,0
13857,37,123.96,7,7,0,0
13858,18,36.81,9,5,3,0
13859,22,86.67,4,0,0,0
13860,32,64.52,6,14,1,0
13861,41,39.72,5,16,0,0
13862,60,37.27,3,28,0,0
13863,26,65.74,5,4,1,0
13864,31,64.4,5,2,0,0
13865,26,108.3,5,6,0,0
13866,47,94.91,4,5,0,0
13867,50,71.15,5,11,0,0
13868,26,62.74,6,33,0,0
13869,39,55.48,2,7,1,0
13870,52,30.37,6,19,1,0
13871,59,29.2,4,0,0,0
13872,57,64.97,7,20,0,0
13873,28,95.02,2,66,2,0
13874,24,56.81,3,68,0,0
13875,24,24.9,3,17,0,0
13876,31,109.39,5,73,0,0
13877,52,70.72,6,24,0,0
13878,56,47.94,5,54,0,0
13879,2,104.4,3,39,0,0
13880,17,29.97,6,8,0,0
13881,49,42.29,8,37,0,0
13882,17,38.77,6,12,0,0
13883,5,42.69,7,14,0,0
13884,53,63.44,3,0,0,0
13885,52,52.47,2,14,1,0
13886,44,46.14,5,33,0,0
13887,3,92.94,6,24,0,0
13888,15,22.66,5,33,1,0
13889,21,119.56,6,3,0,0
13890,27,56.91,4,9,0,0
13891,14,20.1,2,13,0,0
13892,8,67.93,8,5,0,0
13893,56,52.31,3,22,0,0
13894,7,35.76,3,46,1,1
13895,38,42.49,3,12,0,0
13896,45,53.44,2,4,1,0
13897,32,54.69,7,8,1,0
13898,28,60.29,6,9,0,0
13899,20,35.08,6,60,1,0
13900,31,44.99,6,24,1,0
13901,31,68.08,6,33,0,0
13902,31,62.77,4,0,0,0
13903,49,70.5,4,3,0,0
13904,55,55.23,4,17,0,0
13905,20,55.05,4,4,1,0
13906,9,94.38,6,5,0,0
13907,43,49.88,4,18,0,0
13908,12,105.8,2,0,1,0
13909,19,34.9,2,34,0,0
13910,57,35.7,5,10,0,0
13911,45,109.63,4,3,1,0
13912,16,39.85,7,1,0,0
13913,33,40.43,2,23,1,1
13914,11,35.36,7,11,2,0
13915,51,77.19,5,17,0,0
13916,33,75.35,7,19,0,0
13917,1,66.05,11,11,1,0
13918,15,50.07,5,58,0,1
13919,32,33.31,4,17,0,0
13920,1,30.55,6,1,1,0
13921,15,44.29,5,18,1,0
13922,7,57.82,6,11,0,0
13923,58,53.06,11,13,1,0
13924,32,73.56,3,6,0,0
13925,15,50.85,6,39,0,0
13926,14,86.68,3,9,0,0
13927,11,30.06,4,27,0,1
13928,11,49.31,5,3,1,0
13929,17,42.6,6,17,0,0
13930,1,53.58,6,4,2,0
13931,32,94.45,9,30,1,0
13932,12,32.31,4,119,1,1
13933,58,66.24,4,0,0,0
13934,9,109.01,5,11,1,0
13935,45,61.95,3,42,1,0
13936,12,91.42,5,41,1,0
13937,57,36.22,4,14,1,0
13938,51,75.36,5,32,2,0
13939,7,22.41,4,77,0,0
13940,8,65.93,5,19,1,0
13941,59,35.46,9,16,0,0
13942,11,35.68,4,22,0,0
13943,44,22.93,5,5,1,0
13944,3,60.23,7,23,0,0
13945,38,42.61,3,25,1,0
13946,53,83.95,5,63,1,0
13947,25,73.67,9,90,1,1
13948,4,66.56,7,65,1,0
13949,9,80.86,3,0,1,0
13950,15,57.47,3,48,0,1
13951,6,116.29,3,22,1,0
13952,31,57.73,7,6,0,0
13953,2,66.36,3,1,4,1
13954,1,76.66,5,6,0,0
13955,56,32.05,3,18,0,0
13956,2,63.84,3,3,1,0
13957,11,42.86,5,10,0,0
13958,37,52.63,2,28,1,1
13959,7,44.43,4,47,0,0
13960,31,58.65,3,30,0,0
13961,27,41.2,2,10,0,0
13962,55,35.61,7,4,0,0
13963,15,36.28,6,6,0,0
13964,11,65.58,3,61,0,0
13965,12,91.75,4,3,0,0
13966,30,67.59,9,14,1,0
13967,6,80.3,5,24,2,0
13968,9,74.76,5,4,1,0
13969,1,47.01,6,45,0,0
13970,4,61.57,8,85,1,0
13971,54,55.69,5,24,1,0
13972,24,65.36,3,107,1,1
13973,37,38.37,5,17,0,0
13974,19,95.93,7,2,0,0
13975,32,72.4,5,6,0,0
13976,24,32.32,1,18,0,0
13977,36,44.44,6,8,1,0
13978,60,88.28,5,6,0,0
13979,20,55.46,6,7,0,0
13980,42,121.32,7,21,0,0
13981,10,34.55,6,20,0,0
13982,4,53.76,4,41,0,0
13983,52,114.78,6,1,0,0
13984,28,64.23,11,2,1,0
13985,35,64.11,4,1,2,0
13986,38,76.83,2,1,1,0
13987,48,150.75,3,5,0,0
13988,39,63.74,1,1,0,0
13989,48,36.3,6,73,2,0
13990,3,44.46,6,1,1,0
13991,7,71.04,4,5,1,0
13992,51,53.87,5,5,0,0
13993,46,65.8,3,35,1,0
13994,34,57.31,8,16,1,0
13995,34,34.96,7,6,0,0
13996,35,48.34,3,5,1,0
13997,38,79.72,4,17,0,0
13998,58,28.67,2,11,1,0
13999,35,93.85,3,16,0,0
14000,37,47.32,7,74,0,1
14001,5,60.41,4,22,0,0
14002,19,58.22,4,3,1,0
14003,50,36.71,6,41,0,0
14004,50,66.44,6,39,0,0
14005,20,40.62,5,50,0,1
14006,51,91.98,3,25,2,0
14007,10,70.14,8,61,0,0
14008,3,58.16,5,20,0,0
14009,46,123.26,6,4,0,0
14010,24,34.02,2,4,0,0
14011,60,60.73,6,35,0,0
14012,44,82.75,4,5,0,0
14013,11,63.5,3,23,0,0
14014,31,92.83,8,26,1,0
14015,1,56.54,5,0,0,0
14016,7,53.87,5,0,0,0
14017,38,86.27,9,9,1,0
14018,51,35.23,7,17,2,0
14019,41,187.29,5,12,0,0
14020,13,56.62,8,13,0,0
14021,57,69.76,6,2,1,0
14022,11,54.76,4,58,0,0
14023,24,29.76,6,13,0,0
14024,46,46.88,3,2,0,0
14025,25,31.51,1,12,2,0
14026,24,47.45,4,2,0,0
14027,44,108.54,6,25,1,0
14028,53,60.84,1,14,0,0
14029,25,49.6,7,65,0,1
14030,10,104.86,6,36,0,0
14031,1,82.21,8,3,0,0
14032,16,88.26,3,5,0,0
14033,55,122.56,5,1,0,0
14034,26,44.99,3,11,1,0
14035,37,65.82,4,24,1,0
14036,26,36.29,5,16,0,0
14037,34,31.46,3,42,0,1
14038,34,90.37,6,59,0,0
14039,31,77.32,6,23,1,0
14040,37,37.46,5,30,0,0
14041,46,46.5,5,26,1,1
14042,55,46.5,6,15,1,0
14043,48,49.14,4,12,1,1
14044,43,23.11,6,39,0,0
14045,35,41.76,2,9,0,0
14046,32,68.0,3,3,0,0
14047,21,75.13,9,10,1,0
14048,43,35.33,5,61,0,0
14049,10,46.12,3,2,2,0
14050,18,35.97,2,28,0,0
14051,59,60.21,2,20,0,1
14052,17,59.5,11,30,1,0
14053,45,42.02,9,16,0,0
14054,35,65.73,6,37,0,0
14055,1,52.31,2,31,0,0
14056,36,185.69,7,45,1,0
14057,38,47.78,4,25,0,0
14058,47,75.82,5,13,0,0
14059,2,99.31,7,22,1,0
14060,59,68.5,4,4,0,0
14061,9,66.42,2,43,0,0
14062,9,59.94,6,13,1,0
14063,35,46.23,4,21,1,0
14064,49,18.25,5,14,0,0
14065,50,62.57,6,0,0,0
14066,8,52.93,6,2,0,0
14067,39,68.31,5,24,0,0
14068,34,47.45,9,7,0,0
14069,40,48.31,3,37,0,0
14070,8,25.84,6,0,0,0
14071,43,55.11,6,13,2,0
14072,43,59.94,6,2,0,0
14073,31,27.65,2,54,0,0
14074,28,50.85,5,53,0,0
14075,43,61.9,6,93,1,0
14076,56,21.89,5,19,0,0
14077,55,126.44,6,26,0,0
14078,59,63.4,3,14,0,0
14079,52,47.64,3,57,0,0
14080,25,45.29,5,6,0,0
14081,39,31.74,7,19,0,0
14082,15,65.2,3,52,0,0
14083,44,82.29,4,12,0,0
14084,3,31.77,5,43,0,0
14085,60,84.74,7,46,1,0
14086,59,49.95,4,21,0,0
14087,37,49.28,6,42,1,0
14088,24,128.53,5,14,0,0
14089,51,51.44,6,14,1,1
14090,55,73.27,4,6,1,0
14091,17,59.6,3,2,0,0
14092,55,27.69,2,5,0,0
14093,21,35.42,4,40,0,0
14094,5,62.91,7,29,2,0
14095,31,47.64,1,8,0,0
14096,5,51.17,5,40,3,0
14097,27,62.59,5,23,1,0
14098,36,24.56,7,10,0,0
14099,8,35.42,8,6,3,0
14100,27,51.41,9,27,1,0
14101,58,42.69,5,23,1,1
14102,22,41.56,3,6,0,0
14103,18,77.51,5,26,0,1
14104,31,48.07,7,64,0,1
14105,29,31.69,2,14,0,1
14106,14,110.31,2,29,1,1
14107,37,73.08,5,3,1,0
14108,44,87.97,6,51,0,0
14109,13,38.06,5,22,0,0
14110,16,50.19,3,5,1,0
14111,52,23.27,3,10,0,0
14112,5,68.24,8,10,2,0
14113,12,91.2,3,4,0,0
14114,5,39.01,4,33,0,0
14115,28,30.82,5,37,1,0
14116,14,33.25,4,2,1,0
14117,43,69.53,4,12,0,0
14118,5,95.59,3,96,0,1
14119,50,90.46,6,12,0,0
14120,60,53.0,4,8,2,0
14121,10,24.34,7,10,1,0
14122,46,106.39,6,39,0,0
14123,35,31.22,1,0,0,0
14124,12,51.78,6,35,2,0
14125,57,67.23,5,27,0,0
14126,53,26.31,6,0,0,0
14127,6,85.66,4,12,1,0
14128,17,95.85,5,25,0,0
14129,17,47.64,10,12,1,0
14130,27,41.42,4,11,1,0
14131,38,74.17,4,25,0,0
14132,23,59.91,9,32,0,0
14133,40,89.69,4,11,0,0
14134,31,70.2,5,5,1,0
14135,56,110.54,3,0,1,0
14136,5,51.9,7,76,0,0
14137,6,45.79,5,15,1,1
14138,25,64.63,7,8,0,0
14139,48,51.83,3,18,3,0
14140,47,55.8,5,3,0,0
14141,53,63.36,7,23,2,0
14142,11,67.73,3,41,0,0
14143,4,40.66,4,58,1,1
14144,51,35.02,5,14,1,0
14145,9,30.2,2,34,0,0
14146,32,66.22,5,22,0,0
14147,27,66.97,7,25,1,0
14148,45,64.75,4,26,0,0
14149,31,55.35,9,23,1,1
14150,1,62.82,5,13,0,0
14151,17,36.0,5,31,0,0
14152,52,121.87,5,19,0,0
14153,42,53.64,5,13,0,0
14154,53,67.42,6,21,0,0
14155,28,63.76,5,15,1,0
14156,22,37.28,8,20,0,0
14157,41,76.89,5,1,0,0
14158,18,34.64,5,4,1,0
14159,56,71.57,2,3,0,0
14160,15,60.86,5,45,1,0
14161,39,60.24,6,44,1,0
14162,26,37.86,5,52,1,0
14163,54,61.65,5,20,0,0
14164,14,47.1,4,30,0,0
14165,28,43.67,7,68,2,0
14166,29,51.42,3,21,0,0
14167,44,65.05,6,46,0,0
14168,47,75.53,8,86,0,1
14169,36,27.58,9,25,1,0
14170,50,29.64,4,12,0,0
14171,55,117.9,4,1,0,0
14172,16,33.33,5,1,0,0
14173,28,73.74,9,7,0,0
14174,13,65.34,4,65,0,0
14175,21,54.82,3,1,1,0
14176,31,52.9,4,44,0,0
14177,23,54.06,5,9,0,0
14178,49,31.87,3,4,1,0
14179,45,78.61,9,72,2,1
14180,2,69.71,3,30,0,0
14181,6,56.0,6,23,0,0
14182,7,73.77,3,1,0,0
14183,58,49.93,7,4,0,0
14184,42,63.34,3,5,0,0
14185,27,37.64,3,4,1,0
14186,17,55.42,1,7,1,0
14187,18,74.48,7,7,0,0
14188,53,57.47,4,3,1,0
14189,36,67.52,3,8,0,0
14190,56,57.28,7,2,0,0
14191,26,65.72,5,7,1,0
14192,56,35.91,3,6,0,0
14193,23,59.87,2,18,2,0
14194,1,45.65,4,3,0,0
14195,13,53.99,5,26,0,0
14196,7,50.0,11,1,1,0
14197,4,38.55,9,9,0,0
14198,21,73.37,4,24,0,0
14199,30,54.33,4,4,2,0
14200,32,38.77,6,1,2,1
14201,1,41.14,2,14,0,0
14202,50,104.33,5,36,1,0
14203,22,38.63,7,2,0,0
14204,4,62.68,3,26,0,0
14205,15,81.97,3,23,0,0
14206,22,55.99,4,13,1,0
14207,23,22.84,3,14,2,1
14208,48,50.51,4,3,0,0
14209,30,56.89,6,5,1,0
14210,38,74.84,5,13,0,0
14211,53,102.47,6,12,1,0
14212,47,25.44,3,11,1,0
14213,59,68.25,2,0,2,0
14214,44,48.43,4,7,0,0
14215,46,63.22,4,19,1,0
14216,20,105.24,6,9,0,0
14217,10,52.12,2,18,0,0
14218,46,43.1,6,11,0,0
14219,58,61.79,7,15,1,0
14220,48,43.99,6,55,1,0
14221,11,67.97,3,7,0,0
14222,35,53.31,8,59,1,0
14223,23,54.18,7,38,0,0
14224,1,79.39,2,50,0,0
14225,12,71.71,6,44,0,0
14226,2,95.41,5,80,0,1
14227,26,60.8,7,42,0,1
14228,51,59.18,6,8,0,0
14229,36,17.59,4,2,0,0
14230,31,46.28,7,1,0,0
14231,42,81.7,8,24,2,0
14232,45,38.87,5,0,0,0
14233,41,64.87,11,6,1,0
14234,51,48.97,3,3,1,0
14235,2,45.15,3,2,3,0
14236,9,29.15,3,30,0,0
14237,57,28.85,4,16,0,0
14238,18,33.11,8,30,0,1
14239,29,79.57,7,1,1,0
14240,51,94.46,6,13,0,0
14241,1,50.77,2,36,0,0
14242,25,86.68,6,60,2,1
14243,6,75.55,4,20,1,0
14244,47,77.18,5,53,0,1
14245,49,38.35,7,17,0,0
14246,1,51.76,9,19,0,0
14247,27,45.93,7,9,1,0
14248,24,73.89,4,42,1,0
14249,41,32.8,7,12,0,0
14250,39,51.83,6,34,1,0
14251,23,29.84,6,35,0,0
14252,55,65.25,9,2,1,0
14253,18,34.97,5,14,0,0
14254,41,33.53,4,8,0,0
14255,30,21.52,5,16,0,0
14256,7,116.35,2,3,1,0
14257,21,53.44,1,1,3,0
14258,32,63.36,9,35,1,0
14259,23,34.76,4,7,1,0
14260,41,63.82,4,64,1,1
14261,33,43.4,3,43,0,0
14262,16,34.76,4,21,0,0
14263,53,50.54,5,30,0,0
14264,49,40.02,3,4,0,0
14265,1,52.1,2,8,3,0
14266,4,19.01,2,30,0,1
14267,34,80.83,6,21,1,0
14268,16,64.77,8,13,1,0
14269,8,68.02,6,10,1,0
14270,26,57.61,3,6,0,0
14271,35,52.64,6,25,2,0
14272,7,61.88,2,28,0,0
14273,49,41.97,5,9,0,0
14274,53,41.97,2,0,0,0
14275,37,68.09,2,29,0,0
14276,47,28.66,3,3,0,0
14277,11,47.36,6,30,0,0
14278,8,53.53,6,51,0,0
14279,54,47.4,5,31,0,0
14280,54,50.42,4,11,1,1
14281,7,26.9,6,83,0,0
14282,9,176.49,4,24,1,0
14283,48,36.19,5,6,1,0
14284,33,40.69,9,34,0,0
14285,44,41.87,5,13,0,0
14286,14,91.25,7,10,1,0
14287,58,76.86,5,34,0,0
14288,16,67.52,5,33,2,0
14289,44,39.97,4,20,0,0
14290,22,70.18,6,40,0,1
14291,48,63.16,8,41,0,1
14292,26,92.93,3,23,0,0
14293,54,86.88,7,35,0,0
14294,38,71.39,5,13,2,0
14295,19,52.02,7,24,0,0
14296,34,39.81,8,7,0,0
14297,44,37.38,11,9,1,0
14298,42,34.14,1,6,0,1
14299,49,60.13,5,11,0,0
14300,46,122.7,5,24,0,0
14301,14,134.82,6,2,0,0
14302,25,66.78,6,3,0,0
14303,54,80.13,3,15,1,0
14304,10,34.86,6,19,1,0
14305,52,42.24,5,32,2,0
14306,8,28.02,5,5,0,0
14307,35,53.48,6,47,0,0
14308,29,55.75,4,12,1,0
14309,4,42.0,7,9,0,0
14310,28,43.2,3,8,0,0
14311,50,69.12,6,19,0,0
14312,16,107.83,6,8,1,0
14313,24,112.62,3,8,0,0
14314,46,74.28,3,10,1,0
14315,17,72.24,6,28,0,0
14316,1,86.33,8,39,0,0
14317,60,70.07,4,2,0,0
14318,48,46.34,6,1,0,0
14319,10,47.2,7,4,0,0
14320,60,39.94,4,32,0,0
14321,3,32.22,5,118,0,0
14322,55,65.71,5,8,0,0
14323,28,60.22,3,9,0,0
14324,9,34.87,7,71,0,0
14325,9,81.46,8,4,1,0
14326,45,36.18,7,9,0,0
14327,16,30.56,8,7,1,0
14328,1,31.36,4,34,0,0
14329,39,72.93,3,6,0,0
14330,54,54.92,4,20,0,1
14331,10,19.14,6,7,0,0
14332,30,46.42,4,3,0,0
14333,17,31.91,4,9,1,0
14334,7,18.43,6,32,0,0
14335,28,58.6,6,12,0,0
14336,23,48.12,6,13,0,0
14337,43,86.91,6,16,0,0
14338,18,49.58,5,9,0,0
14339,12,70.04,3,2,1,0
14340,3,127.32,2,6,0,0
14341,18,53.99,5,26,0,0
14342,22,71.27,2,40,1,0
14343,19,78.93,4,46,1,0
14344,42,52.69,6,17,1,0
14345,37,81.04,12,7,0,0
14346,35,108.45,6,1,2,0
14347,18,49.53,5,4,0,0
14348,11,38.45,7,55,0,1
14349,25,67.17,1,25,0,0
14350,41,79.7,9,30,0,0
14351,12,43.75,5,4,0,0
14352,36,34.41,5,1,0,0
14353,2,43.28,4,37,1,0
14354,40,66.33,2,19,1,1
14355,15,43.52,6,23,1,0
14356,33,32.85,4,3,0,0
14357,19,54.46,3,11,3,0
14358,42,69.08,5,10,0,0
14359,44,79.7,5,36,0,0
14360,44,114.78,6,3,0,0
14361,52,66.33,7,9,1,0
14362,48,91.37,1,5,0,0
14363,13,50.48,6,3,2,0
14364,33,43.68,9,16,2,0
14365,50,63.05,5,3,0,0
14366,23,47.45,4,22,0,0
14367,48,110.72,8,0,0,0
14368,8,32.13,2,1,1,0
14369,53,126.84,9,20,0,0
14370,55,37.31,3,16,1,0
14371,4,74.77,4,8,0,0
14372,23,77.99,6,7,1,0
14373,59,61.58,3,6,0,0
14374,11,79.51,7,1,0,0
14375,20,58.09,8,49,1,0
14376,40,40.91,6,11,3,0
14377,34,30.11,9,9,0,0
14378,47,44.06,6,63,1,0
14379,31,66.76,6,30,0,0
14380,50,41.33,2,26,0,0
14381,25,15.83,3,8,0,0
14382,38,67.99,6,3,1,0
14383,55,69.15,2,21,3,0
14384,23,53.84,3,46,0,0
14385,4,29.99,6,2,0,0
14386,19,58.13,7,10,1,0
14387,23,35.11,4,9,0,0
14388,40,38.63,7,11,0,0
14389,40,50.69,6,3,0,0
14390,44,34.03,1,19,1,0
14391,24,39.04,5,5,1,0
14392,26,41.71,4,9,0,0
14393,33,81.6,9,7,0,0
14394,57,89.27,11,65,2,1
14395,58,52.6,7,2,1,0
14396,6,50.29,8,11,0,0
14397,38,57.2,5,30,0,1
14398,4,71.29,5,19,0,0
14399,4,38.33,8,27,2,0
14400,46,35.99,6,9,1,0
14401,55,45.11,4,5,0,0
14402,14,65.49,4,13,0,0
14403,56,57.39,11,51,2,1
14404,60,55.61,5,23,0,0
14405,43,55.04,7,20,2,0
14406,33,118.37,5,83,0,0
14407,40,59.69,2,14,0,0
14408,9,50.41,4,6,0,0
14409,53,64.69,5,32,1,0
14410,36,38.53,4,0,0,0
14411,8,46.36,8,8,1,0
14412,58,94.26,3,3,0,0
14413,12,72.54,4,28,1,0
14414,24,83.03,6,19,0,0
14415,21,48.61,4,3,0,0
14416,49,93.27,6,19,2,0
14417,35,41.45,3,6,0,0
14418,58,24.42,6,10,0,0
14419,56,42.0,5,22,1,0
14420,29,41.59,6,2,1,0
14421,34,98.29,6,2,1,0
14422,13,35.14,3,1,2,0
14423,19,78.3,3,6,1,0
14424,14,60.05,4,2,1,0
14425,46,38.8,4,18,1,1
14426,30,75.15,5,22,0,0
14427,10,50.09,5,43,1,0
14428,30,62.89,3,2,1,0
14429,57,59.77,6,21,0,0
14430,32,83.11,4,47,1,0
14431,57,66.71,11,8,1,0
14432,25,33.08,4,19,1,0
14433,53,49.32,9,11,0,0
14434,38,16.79,8,12,0,0
14435,8,84.22,3,5,0,0
14436,30,40.55,5,61,0,0
14437,1,102.98,3,3,0,0
14438,39,60.93,6,2,1,0
14439,7,56.36,4,24,0,0
14440,24,62.2,8,10,0,0
14441,39,44.2,6,16,1,1
14442,52,63.37,5,38,0,0
14443,18,82.02,6,26,0,0
14444,29,30.06,5,5,0,0
14445,52,64.31,2,11,0,0
14446,12,55.29,4,59,1,1
14447,56,71.73,8,26,0,0
14448,55,34.77,6,5,0,0
14449,34,88.63,6,7,0,0
14450,53,62.08,9,49,1,0
14451,25,43.55,5,57,1,0
14452,3,55.29,6,20,0,0
14453,60,60.78,4,51,0,0
14454,10,80.43,5,19,0,0
14455,44,48.94,5,9,1,0
14456,52,79.71,3,18,0,0
14457,28,67.14,4,1,0,0
14458,50,76.17,9,27,1,0
14459,5,116.46,5,18,1,0
14460,14,50.26,5,73,1,1
14461,3,33.48,7,9,0,0
14462,60,55.36,5,19,0,0
14463,12,72.86,2,51,0,0
14464,58,38.68,8,19,1,0
14465,35,49.97,4,8,1,1
14466,29,46.79,3,11,3,0
14467,10,35.92,4,8,0,0
14468,21,51.49,5,25,2,0
14469,47,124.5,6,5,0,0
14470,56,27.92,6,16,1,0
14471,55,19.19,5,2,2,1
14472,59,63.21,10,7,0,0
14473,8,91.76,4,30,0,0
14474,7,62.59,2,5,0,0
14475,1,26.17,6,23,1,0
14476,40,61.74,3,21,0,0
14477,43,30.02,5,1,1,0
14478,10,67.5,4,7,1,0
14479,8,71.74,3,6,1,0
14480,19,55.57,3,59,1,1
14481,19,48.55,4,7,1,0
14482,35,62.75,2,27,2,0
14483,24,48.63,7,42,1,0
14484,39,26.61,2,13,0,0
14485,30,35.96,4,15,0,0
14486,50,29.16,6,22,1,0
14487,41,41.72,2,1,1,0
14488,18,40.35,4,41,0,0
14489,12,49.98,3,23,1,0
14490,29,133.71,3,26,0,0
14491,60,71.47,6,4,0,0
14492,3,51.18,3,52,0,1
14493,23,70.78,5,10,0,0
14494,43,86.39,4,17,1,1
14495,32,62.48,4,39,0,0
14496,23,49.27,4,5,1,0
14497,23,55.3,4,0,2,0
14498,19,78.27,3,2,0,0
14499,59,137.52,7,16,0,0
14500,54,63.64,2,5,1,0
14501,21,47.44,5,37,0,0
14502,44,71.48,2,29,0,0
14503,53,71.21,1,105,0,1
14504,60,25.1,8,5,1,0
14505,33,60.9,3,29,0,0
14506,39,29.43,6,27,0,0
14507,50,77.65,2,27,0,1
14508,60,37.32,6,20,0,0
14509,2,69.06,4,28,0,0
14510,7,156.52,4,24,0,0
14511,43,43.18,4,3,0,0
14512,40,71.33,2,24,0,0
14513,25,46.83,7,29,1,0
14514,5,66.77,3,47,1,0
14515,52,29.7,8,18,0,0
14516,41,32.47,5,10,0,0
14517,8,63.11,4,63,1,0
14518,49,93.01,5,39,0,0
14519,42,77.82,7,31,0,1
14520,54,47.94,1,28,0,0
14521,57,26.9,3,5,0,0
14522,15,100.14,12,14,0,0
14523,55,75.36,3,0,0,0
14524,54,74.09,4,1,0,0
14525,20,62.58,6,0,1,0
14526,50,68.31,4,11,0,0
14527,7,29.31,8,3,0,0
14528,11,43.06,7,13,0,0
14529,52,53.16,4,48,0,1
14530,33,45.14,3,10,0,0
14531,14,35.84,3,24,1,0
14532,16,32.17,6,61,2,1
14533,36,35.39,3,6,0,0
14534,30,62.02,2,7,0,0
14535,18,89.21,6,0,0,0
14536,27,80.82,7,7,0,0
14537,52,73.87,4,90,0,1
14538,35,73.73,4,52,0,0
14539,31,45.28,4,23,2,1
14540,5,62.46,4,27,0,0
14541,28,50.29,6,5,1,0
14542,48,93.33,5,12,2,0
14543,4,108.29,2,10,0,0
14544,59,54.1,2,17,0,0
14545,48,41.29,7,25,0,0
14546,53,37.14,3,19,1,0
14547,12,90.93,7,24,0,0
14548,40,31.1,3,19,0,0
14549,59,61.61,5,9,0,0
14550,54,61.24,7,9,0,0
14551,46,45.0,4,0,1,0
14552,56,86.1,6,17,2,0
14553,7,60.52,7,46,1,1
14554,36,33.85,6,26,1,0
14555,30,58.99,4,14,1,0
14556,4,36.08,1,81,0,1
14557,18,67.97,6,9,0,0
14558,60,30.68,5,7,1,0
14559,32,91.86,8,28,0,0
14560,12,75.0,4,11,2,0
14561,35,60.62,4,55,0,0
14562,36,46.29,6,0,0,0
14563,17,41.86,3,66,1,1
14564,30,34.71,3,9,1,0
14565,49,59.36,3,8,0,0
14566,29,29.61,5,2,1,0
14567,16,62.66,4,20,2,0
14568,22,39.28,6,4,0,0
14569,52,60.92,5,8,0,0
14570,46,33.67,3,4,1,0
14571,12,44.16,8,65,1,0
14572,23,23.06,4,22,1,0
14573,7,39.82,5,4,1,0
14574,1,35.46,7,23,0,0
14575,34,46.06,3,10,0,0
14576,33,51.02,6,35,1,0
14577,42,49.72,4,27,0,0
14578,32,65.56,4,31,0,0
14579,7,35.94,7,30,0,0
14580,13,38.27,2,0,1,0
14581,8,46.19,2,10,1,0
14582,43,91.58,7,4,0,0
14583,10,106.81,6,1,1,0
14584,42,60.8,5,34,0,0
14585,58,108.49,4,71,0,0
14586,5,80.16,6,15,0,0
14587,20,75.82,5,25,1,1
14588,14,58.47,6,10,1,0
14589,13,61.08,4,11,0,0
14590,31,42.05,4,15,4,1
14591,20,34.12,2,28,0,0
14592,47,76.0,3,13,1,0
14593,18,78.83,3,20,1,0
14594,60,53.12,3,3,0,0
14595,9,29.4,8,23,0,0
14596,52,54.61,2,12,0,0
14597,16,53.31,3,33,0,0
14598,13,30.81,5,6,0,0
14599,25,72.14,4,14,0,0
14600,32,56.31,5,102,1,0
14601,60,75.18,4,9,0,0
14602,3,154.97,7,51,1,1
14603,13,42.62,3,50,0,1
14604,39,57.9,6,16,1,0
14605,21,30.65,7,7,0,0
14606,43,75.13,6,23,2,0
14607,26,48.15,4,19,1,0
14608,9,42.74,5,15,0,0
14609,33,38.17,3,0,1,1
14610,60,59.2,4,34,0,0
14611,22,60.64,4,11,2,0
14612,30,57.5,4,29,0,0
14613,56,68.64,8,3,1,0
14614,39,22.4,5,3,1,0
14615,48,41.61,4,2,0,0
14616,43,114.83,6,7,2,0
14617,13,61.06,2,13,1,0
14618,44,36.78,6,11,1,0
14619,45,40.14,6,70,0,0
14620,7,77.57,3,56,2,0
14621,24,50.65,4,21,3,1
14622,6,61.28,2,19,1,0
14623,29,34.1,2,7,0,0
14624,40,90.73,5,1,1,1
14625,2,32.79,5,2,1,0
14626,16,55.92,3,16,0,0
14627,4,56.18,4,4,0,0
14628,29,64.12,2,14,0,0
14629,2,53.33,9,21,0,0
14630,48,121.88,5,21,0,0
14631,38,58.89,5,36,0,0
14632,38,61.78,3,29,2,0
14633,56,48.67,3,15,0,0
14634,5,50.48,9,38,0,0
14635,43,48.49,6,22,1,0
14636,27,46.48,3,18,0,0
14637,22,64.18,6,9,0,0
14638,55,48.3,5,4,0,0
14639,9,41.45,8,13,0,1
14640,13,61.77,6,7,1,0
14641,43,59.24,6,10,0,0
14642,48,44.87,7,10,1,0
14643,8,28.87,5,6,0,0
14644,24,40.46,4,26,0,0
14645,52,54.34,5,21,0,0
14646,47,32.13,1,7,0,0
14647,21,136.01,3,31,1,0
14648,21,38.45,4,23,0,0
14649,9,56.8,5,74,1,0
14650,41,73.21,5,11,0,0
14651,24,108.67,5,3,0,0
14652,8,49.23,5,14,0,0
14653,39,30.98,3,24,0,0
14654,36,77.69,4,69,0,0
14655,57,68.19,4,14,1,0
14656,28,57.94,5,3,1,0
14657,16,39.45,4,7,0,0
14658,49,41.64,5,10,1,0
14659,33,48.92,2,15,1,0
14660,53,67.54,3,18,0,0
14661,23,39.4,8,88,0,0
14662,31,72.83,4,30,0,0
14663,47,54.44,7,13,2,0
14664,3,33.96,5,7,1,0
14665,46,62.73,7,0,1,0
14666,56,64.09,6,7,1,0
14667,13,30.5,7,9,0,0
14668,30,49.16,2,28,1,0
14669,14,27.99,10,11,0,0
14670,22,59.27,3,3,0,0
14671,20,56.76,4,26,2,1
14672,7,69.79,7,6,1,0
14673,32,33.11,4,5,1,0
14674,15,72.08,3,1,1,0
14675,19,66.33,5,3,0,0
14676,13,58.81,3,2,0,0
14677,3,72.92,5,52,1,0
14678,9,71.55,8,10,0,0
14679,47,43.46,3,27,1,0
14680,32,35.9,5,53,0,0
14681,10,60.34,4,19,1,0
14682,54,59.91,3,41,0,0
14683,57,23.45,4,27,0,0
14684,4,27.88,5,50,1,0
14685,55,52.68,4,16,1,0
14686,1,54.56,7,2,1,0
14687,52,60.76,5,13,1,0
14688,34,31.69,6,17,0,0
14689,36,92.87,5,49,1,1
14690,48,55.66,6,7,1,0
14691,57,46.32,5,5,0,0
14692,6,55.29,3,7,0,0
14693,50,75.64,5,9,0,0
14694,41,57.71,5,54,0,0
14695,2,56.23,3,3,1,0
14696,52,26.23,3,48,2,1
14697,33,31.42,8,12,0,0
14698,3,82.69,3,22,0,0
14699,26,32.73,3,29,3,1
14700,34,40.82,5,12,1,0
14701,14,27.57,5,6,0,0
14702,28,31.73,3,6,1,0
14703,43,46.83,5,38,1,0
14704,6,121.8,2,0,0,0
14705,13,92.83,6,4,1,0
14706,47,52.86,7,18,0,0
14707,35,43.1,2,11,0,0
14708,32,61.47,3,26,1,0
14709,32,75.1,3,21,0,0
14710,8,49.95,11,60,0,0
14711,56,28.88,4,8,0,0
14712,11,47.99,5,13,0,0
14713,14,63.72,5,12,0,0
14714,17,27.99,3,5,0,0
14715,49,41.41,6,6,0,0
14716,59,73.41,7,12,1,0
14717,24,56.57,5,36,0,0
14718,41,47.04,9,9,0,0
14719,27,35.82,5,69,0,0
14720,58,31.89,4,18,0,0
14721,34,103.76,3,20,1,1
14722,17,74.72,5,22,1,0
14723,24,72.11,8,19,0,0
14724,45,60.03,3,38,0,0
14725,19,47.05,7,4,1,0
14726,32,36.24,4,17,1,0
14727,3,44.08,4,21,0,0
14728,41,47.97,10,4,1,0
14729,45,47.93,3,13,3,0
14730,21,39.39,4,13,0,0
14731,46,60.38,5,10,0,0
14732,15,75.1,8,11,1,0
14733,6,46.8,6,73,0,1
14734,24,55.13,8,11,0,0
14735,48,115.78,6,20,1,0
14736,54,69.54,5,22,1,0
14737,24,84.88,2,26,0,0
14738,31,82.41,5,19,0,0
14739,26,93.76,4,0,0,0
14740,23,51.61,4,76,0,1
14741,49,65.08,4,10,0,0
14742,38,60.74,7,19,0,1
14743,53,76.63,6,15,1,0
14744,29,42.84,7,11,0,0
14745,43,79.76,5,2,0,0
14746,38,21.53,3,2,0,0
14747,56,55.48,5,14,0,0
14748,36,47.65,3,8,1,0
14749,3,36.43,7,12,0,0
14750,35,55.7,4,1,0,0
14751,2,35.13,4,6,0,0
14752,28,58.87,3,2,0,0
14753,34,35.24,5,15,1,0
14754,57,31.47,3,20,1,0
14755,33,34.65,5,34,1,0
14756,19,37.73,2,6,0,0
14757,32,39.13,4,28,0,0
14758,10,60.19,6,5,0,0
14759,7,68.4,8,11,0,0
14760,13,28.98,7,5,0,0
14761,3,42.23,8,4,0,0
14762,35,68.6,5,24,0,0
14763,32,47.26,6,22,0,0
14764,3,80.37,3,7,2,0
14765,21,33.99,3,15,0,0
14766,17,87.97,5,8,0,0
14767,5,68.17,4,39,0,1
14768,53,46.49,6,7,1,0
14769,8,36.17,7,4,2,0
14770,7,69.06,4,25,0,0
14771,28,37.71,6,31,0,0
14772,21,53.45,5,44,1,0
14773,53,72.19,7,50,1,0
14774,29,43.47,6,27,1,0
14775,12,73.04,2,27,0,0
14776,9,51.14,6,15,1,0
14777,4,65.03,4,10,1,0
14778,7,54.29,6,3,0,0
14779,54,90.99,5,5,2,0
14780,38,119.07,5,46,0,0
14781,27,94.31,5,3,0,0
14782,41,87.92,8,1,2,1
14783,10,25.99,3,14,1,0
14784,53,54.8,2,1,0,0
14785,30,76.15,13,23,0,0
14786,4,36.12,3,31,0,0
14787,31,88.76,5,12,0,0
14788,5,29.07,1,6,0,0
14789,55,44.82,7,8,0,0
14790,56,41.55,6,34,0,0
14791,40,29.08,7,6,1,0
14792,37,115.88,2,16,0,0
14793,34,58.71,5,4,1,0
14794,52,47.7,3,4,1,0
14795,45,84.73,4,1,0,0
14796,39,57.54,3,17,1,0
14797,30,33.75,5,24,3,0
14798,12,122.34,7,80,0,1
14799,4,59.77,4,12,0,0
14800,9,30.46,3,33,0,0
14801,16,19.88,2,38,1,0
14802,18,87.56,8,51,0,0
14803,29,107.81,3,2,1,0
14804,4,101.1,4,9,0,1
14805,27,50.87,3,5,1,0
14806,47,29.92,4,41,2,0
14807,32,34.63,5,23,2,0
14808,58,19.47,8,1,3,0
14809,8,47.13,2,15,0,0
14810,4,43.83,5,37,1,0
14811,14,60.96,6,10,1,0
14812,58,42.7,7,10,1,0
14813,44,49.3,3,4,0,0
14814,39,67.4,7,7,1,0
14815,18,80.98,4,4,1,0
14816,14,88.35,4,1,1,0
14817,18,29.95,3,14,1,0
14818,12,47.52,3,44,0,0
14819,28,89.2,3,1,2,0
14820,60,65.1,2,64,0,0
14821,58,36.06,6,4,2,0
14822,1,147.38,4,24,1,0
14823,58,42.88,2,1,0,0
14824,1,42.35,5,2,1,0
14825,48,58.63,5,98,0,1
14826,8,58.49,2,5,0,0
14827,39,27.06,6,9,1,0
14828,2,62.87,5,26,0,0
14829,35,74.75,5,4,1,0
14830,32,69.61,5,6,0,0
14831,12,67.79,3,7,0,0
14832,19,26.22,5,1,1,0
14833,29,52.31,5,41,1,0
14834,8,114.33,8,58,0,0
14835,28,63.47,5,12,1,0
14836,48,67.37,4,32,0,0
14837,37,34.59,6,30,0,0
14838,6,53.85,8,7,0,0
14839,40,49.31,2,55,0,0
14840,48,68.71,5,9,1,0
14841,28,70.54,5,60,0,0
14842,12,43.71,7,28,0,0
14843,10,65.68,9,12,0,0
14844,31,64.82,8,5,1,0
14845,41,55.42,7,2,0,0
14846,59,96.46,8,17,1,0
14847,27,55.79,2,0,0,0
14848,38,33.42,3,39,0,0
14849,52,58.5,1,11,0,0
14850,35,61.09,6,5,0,0
14851,21,62.66,8,15,1,0
14852,17,83.88,4,7,3,0
14853,53,53.26,3,6,1,0
14854,45,36.79,5,2,0,0
14855,30,28.09,7,2,0,0
14856,50,98.98,5,23,0,1
14857,35,43.9,5,70,0,0
14858,1,47.07,6,7,0,1
14859,28,184.0,3,3,0,0
14860,36,31.6,8,14,0,0
14861,22,71.59,5,10,0,0
14862,32,99.21,6,2,0,0
14863,11,45.92,5,29,0,0
14864,24,47.81,6,30,0,0
14865,15,24.77,8,13,0,0
14866,13,63.8,8,48,1,0
14867,39,50.12,2,9,0,0
14868,34,71.51,7,2,0,0
14869,11,35.21,2,25,0,0
14870,8,121.19,5,13,2,0
14871,23,29.77,5,9,0,0
14872,9,88.46,2,16,0,0
14873,27,72.64,2,13,1,0
14874,7,112.35,4,2,0,0
14875,27,45.98,9,2,0,0
14876,46,132.67,6,13,1,0
14877,14,54.98,2,8,0,0
14878,49,22.1,5,29,0,0
14879,54,69.04,6,19,0,0
14880,10,69.55,5,20,1,0
14881,31,87.74,4,8,0,0
14882,41,107.67,7,11,1,0
14883,54,78.76,5,23,0,0
14884,48,28.96,6,13,1,0
14885,7,40.52,1,78,0,1
14886,33,81.38,5,15,0,0
14887,60,65.61,3,20,1,0
14888,45,77.92,3,1,0,0
14889,51,30.02,3,12,0,0
14890,48,92.16,6,3,0,0
14891,55,65.91,5,8,0,0
14892,40,36.32,10,17,0,0
14893,24,71.56,7,1,1,0
14894,16,40.35,5,16,1,0
14895,50,55.89,2,10,0,0
14896,24,76.47,6,7,0,0
14897,17,50.33,4,7,0,0
14898,10,45.02,5,17,1,0
14899,15,46.5,3,15,0,0
14900,7,117.66,3,11,1,0
14901,22,16.78,4,24,0,0
14902,42,56.04,2,0,0,0
14903,7,39.64,4,26,0,0
14904,2,32.84,8,5,0,0
14905,43,47.88,6,2,0,0
14906,22,21.67,4,42,0,0
14907,47,49.61,2,9,3,0
14908,21,47.13,6,7,2,0
14909,17,77.21,2,36,0,0
14910,31,59.91,3,29,0,0
14911,22,74.03,4,6,0,0
14912,35,82.72,7,49,0,0
14913,9,52.06,9,4,0,0
14914,58,46.3,6,16,2,0
14915,48,30.05,4,1,1,0
14916,7,40.03,7,40,0,0
14917,55,49.59,9,28,0,0
14918,53,34.67,4,8,0,0
14919,28,62.88,7,3,0,0
14920,12,54.39,4,8,0,0
14921,28,42.77,3,15,1,0
14922,55,31.78,6,52,0,0
14923,42,26.31,4,4,1,0
14924,56,62.71,3,6,1,0
14925,33,48.44,9,9,0,0
14926,17,97.03,3,0,0,0
14927,57,71.56,9,7,0,0
14928,10,72.04,4,17,0,0
14929,27,40.0,6,16,0,0
14930,34,56.85,5,28,0,0
14931,55,44.03,4,19,0,0
14932,24,99.12,6,12,0,0
14933,19,61.64,4,23,0,0
14934,52,88.99,4,8,0,0
14935,53,35.65,4,23,1,0
14936,7,51.35,5,67,0,1
14937,37,27.3,5,45,0,0
14938,14,78.53,6,8,0,0
14939,44,47.27,5,18,0,0
14940,19,83.45,6,38,0,0
14941,28,21.39,5,4,0,0
14942,34,39.73,7,11,0,1
14943,35,33.11,6,13,1,0
14944,21,118.83,2,28,0,0
14945,37,47.33,4,29,0,0
14946,49,46.98,6,21,1,0
14947,53,37.64,9,30,0,0
14948,36,59.62,6,6,0,0
14949,27,52.55,4,2,1,0
14950,37,72.22,5,27,0,0
14951,27,28.51,8,9,1,0
14952,14,136.21,11,15,0,0
14953,51,89.28,8,7,0,0
14954,2,34.12,5,71,1,0
14955,19,73.18,5,18,2,0
14956,20,78.44,3,1,0,0
14957,15,74.43,5,16,1,0
14958,14,36.35,6,8,0,0
14959,53,66.85,5,47,0,0
14960,3,24.26,6,32,0,0
14961,1,51.21,4,91,1,1
14962,9,53.23,5,79,1,1
14963,19,22.69,3,60,0,0
14964,41,77.4,5,3,2,0
14965,3,94.07,4,30,2,0
14966,2,36.75,5,1,0,0
14967,15,69.93,3,94,0,1
14968,2,38.09,2,10,1,0
14969,1,41.36,3,7,0,0
14970,25,90.1,4,15,0,0
14971,51,86.14,5,37,0,0
14972,10,63.12,7,62,0,0
14973,29,51.35,6,37,1,0
14974,28,72.92,5,0,1,0
14975,25,53.66,6,40,0,0
14976,28,69.69,7,8,1,0
14977,12,91.67,8,28,1,0
14978,14,54.46,8,12,0,0
14979,53,37.27,5,45,0,0
14980,46,50.56,4,36,0,0
14981,12,78.02,6,6,0,0
14982,40,47.12,4,5,0,0
14983,14,81.76,2,43,1,0
14984,48,51.18,7,11,2,0
14985,7,47.1,6,12,1,0
14986,55,58.6,3,2,0,0
14987,3,58.44,5,18,0,0
14988,56,55.98,8,27,0,0
14989,58,31.99,3,50,0,0
14990,44,38.37,5,35,0,0
14991,37,56.88,4,1,0,0
14992,10,70.15,4,1,1,0
14993,14,38.32,5,168,0,1
14994,42,105.58,5,13,1,0
14995,44,25.03,5,5,1,0
14996,12,48.1,4,19,0,0
14997,31,33.06,5,7,0,0
14998,49,44.82,2,18,0,0
14999,18,32.34,5,1,1,0
15000,5,69.82,11,14,1,0
15001,38,43.8,4,22,0,0
15002,7,31.04,6,64,0,1
15003,28,77.38,7,5,0,0
15004,58,22.14,7,17,0,0
15005,13,56.06,4,43,0,0
15006,51,23.81,4,2,1,0
15007,4,64.05,6,34,0,0
15008,18,40.21,5,107,1,0
15009,10,50.28,5,35,0,0
15010,30,44.24,6,51,0,1
15011,53,36.64,10,5,0,0
15012,7,93.87,7,30,0,1
15013,60,39.85,5,10,2,1
15014,49,45.67,5,3,1,0
15015,53,70.74,5,25,0,0
15016,19,40.93,4,4,2,0
15017,33,51.09,9,26,0,0
15018,4,57.83,4,6,0,0
15019,24,68.19,5,4,0,0
15020,31,38.33,10,34,0,0
15021,54,51.45,3,6,0,0
15022,37,36.56,5,8,0,0
15023,38,48.96,9,18,1,0
15024,53,46.03,7,40,0,0
15025,20,75.04,3,43,1,0
15026,15,75.11,3,10,1,1
15027,27,44.36,2,2,2,0
15028,3,50.66,4,32,0,0
15029,36,53.25,6,8,0,0
15030,18,84.43,7,46,0,0
15031,46,54.01,6,7,0,0
15032,19,40.45,4,22,1,0
15033,34,60.16,5,39,0,0
15034,10,24.18,2,29,1,0
15035,9,65.94,5,3,1,0
15036,41,84.65,7,18,0,0
15037,45,63.45,7,2,0,0
15038,50,91.27,7,10,0,0
15039,53,50.42,9,9,1,0
15040,53,47.85,9,16,2,0
15041,22,19.3,5,5,1,0
15042,36,37.83,3,28,1,0
15043,40,57.53,6,11,0,0
15044,19,46.85,6,1,0,0
15045,48,50.35,2,21,0,0
15046,43,27.08,3,22,0,0
15047,37,59.77,6,5,0,0
15048,45,38.23,7,30,0,0
15049,51,49.1,9,13,0,0
15050,1,69.02,3,2,1,0
15051,44,101.83,4,6,0,0
15052,11,32.09,9,26,1,0
15053,9,83.89,3,80,0,1
15054,34,47.36,5,12,1,0
15055,35,74.9,5,0,1,0
15056,56,39.43,4,1,0,0
15057,47,41.05,3,8,0,0
15058,5,55.39,5,44,1,1
15059,41,65.83,4,8,1,0
15060,27,35.5,3,7,1,0
15061,47,88.95,3,48,0,0
15062,34,63.4,5,10,1,0
15063,38,53.44,6,11,2,1
15064,3,56.11,6,20,1,0
15065,50,61.8,7,18,0,0
15066,59,51.1,5,15,2,1
15067,7,113.92,10,20,0,0
15068,43,34.52,4,39,0,0
15069,52,46.05,8,31,0,0
15070,24,32.85,5,26,1,0
15071,23,32.91,3,0,2,0
15072,48,30.71,5,24,1,0
15073,12,59.98,3,30,0,1
15074,46,22.62,5,22,1,0
15075,11,21.18,4,15,0,0
15076,26,32.92,10,13,0,0
15077,18,48.18,4,8,1,0
15078,13,59.59,7,33,0,0
15079,25,39.31,4,31,1,0
15080,3,50.61,7,25,0,0
15081,53,90.77,7,11,0,0
15082,2,47.59,6,4,0,0
15083,27,43.89,8,41,0,0
15084,23,78.29,2,23,0,0
15085,35,53.88,7,44,0,0
15086,7,60.95,4,26,0,1
15087,4,53.46,5,6,0,0
15088,5,45.27,5,8,1,0
15089,13,26.86,4,21,0,0
15090,34,78.27,4,61,1,0
15091,2,80.71,2,20,0,0
15092,39,99.64,5,33,0,0
15093,39,34.11,6,24,1,0
15094,11,69.04,5,35,0,0
15095,44,36.02,2,9,0,0
15096,18,36.53,8,8,1,0
15097,54,29.92,5,15,0,0
15098,10,60.69,2,19,0,0
15099,22,68.67,4,1,1,0
15100,44,95.2,3,5,1,0
15101,11,56.77,10,85,0,0
15102,40,50.16,4,11,0,0
15103,4,75.87,7,16,0,0
15104,41,62.41,4,15,1,0
15105,21,51.31,3,25,0,0
15106,6,48.77,7,19,0,0
15107,34,68.02,6,16,0,0
15108,6,46.82,5,0,0,0
15109,38,27.84,3,8,1,0
15110,50,41.65,8,4,1,0
15111,18,120.75,6,17,1,0
15112,25,85.25,3,13,2,0
15113,56,68.86,4,5,0,0
15114,39,153.33,7,31,0,0
15115,30,60.09,5,31,1,0
15116,42,67.62,5,1,0,0
15117,53,51.76,3,8,0,0
15118,40,56.64,6,11,0,0
15119,21,53.82,7,4,0,0
15120,58,100.62,3,13,0,0
15121,26,63.65,3,7,2,0
15122,52,200.76,6,22,0,0
15123,20,51.24,7,25,0,0
15124,42,59.74,6,41,2,0
15125,35,42.59,9,14,1,0
15126,21,35.15,3,46,0,1
15127,20,46.2,8,41,0,0
15128,8,68.07,7,10,0,0
15129,51,54.71,7,8,1,0
15130,1,19.8,6,31,1,0
15131,58,82.86,5,57,1,0
15132,57,94.6,4,6,1,0
15133,13,54.91,4,2,1,0
15134,57,46.56,5,7,0,0
15135,44,23.87,5,11,1,0
15136,43,56.03,6,20,1,0
15137,8,40.11,3,5,2,0
15138,8,27.84,5,20,0,0
15139,41,84.78,4,6,0,0
15140,55,96.66,6,25,0,0
15141,37,38.29,9,2,1,0
15142,32,43.16,5,19,1,0
15143,39,57.57,1,4,1,0
15144,31,87.86,3,5,0,0
15145,7,54.25,6,7,0,0
15146,12,65.16,3,4,0,0
15147,55,73.35,6,43,0,0
15148,8,61.68,6,9,0,0
15149,59,45.13,7,15,0,0
15150,3,25.81,5,5,0,0
15151,11,41.78,3,8,0,0
15152,41,55.74,3,29,1,1
15153,59,79.07,5,4,0,1
15154,27,32.53,5,90,0,0
15155,40,66.44,8,62,0,0
15156,31,50.44,8,34,0,0
15157,44,39.98,5,1,0,0
15158,41,52.89,5,28,2,0
15159,25,53.53,5,63,0,0
15160,42,54.81,3,80,1,0
15161,43,34.1,8,38,0,0
15162,19,48.29,6,50,0,0
15163,29,128.79,5,21,0,0
15164,34,67.18,4,13,2,0
15165,3,33.59,13,1,1,0
15166,12,65.54,5,5,1,0
15167,53,41.17,5,26,1,1
15168,33,55.45,4,8,1,0
15169,34,89.4,5,35,0,0
15170,58,106.8,6,12,0,0
15171,10,50.4,4,3,1,0
15172,38,56.94,8,15,1,0
15173,46,62.08,7,6,1,0
15174,8,87.31,3,70,0,1
15175,49,49.93,6,35,1,0
15176,44,43.8,5,22,0,0
15177,18,53.05,7,75,0,0
15178,20,55.23,5,39,1,0
15179,9,58.15,4,1,0,0
15180,25,114.26,1,7,0,0
15181,13,35.22,10,9,1,0
15182,34,34.04,8,24,0,0
15183,7,47.57,4,1,1,0
15184,24,54.25,3,18,1,0
15185,16,57.6,6,15,1,0
15186,3,131.49,4,3,0,0
15187,39,49.98,5,1,0,0
15188,47,49.17,3,33,0,0
15189,23,69.52,7,6,1,0
15190,48,118.03,5,30,0,0
15191,3,26.16,6,3,0,0
15192,43,79.72,3,2,2,0
15193,47,92.36,7,5,1,0
15194,17,73.44,6,10,0,0
15195,19,65.23,3,6,1,0
15196,14,82.46,7,93,0,0
15197,25,81.68,6,17,0,0
15198,47,34.62,5,13,1,0
15199,15,33.66,7,1,0,0
15200,5,87.12,2,32,2,0
15201,4,35.35,4,4,0,0
15202,9,55.93,4,28,0,0
15203,54,69.49,3,31,3,0
15204,16,41.84,4,27,0,0
15205,45,72.15,2,0,2,0
15206,55,15.52,3,3,1,0
15207,4,65.59,3,5,0,0
15208,53,52.05,4,30,0,0
15209,52,57.6,1,1,2,0
15210,13,74.32,6,8,0,0
15211,26,60.39,9,1,0,0
15212,32,60.57,3,25,0,0
15213,8,90.73,5,10,0,0
15214,60,45.27,8,16,0,0
15215,33,100.32,3,9,1,0
15216,12,66.74,6,14,3,0
15217,40,42.2,6,58,1,0
15218,15,33.98,5,50,0,0
15219,45,65.55,6,31,1,0
15220,7,52.7,2,14,1,0
15221,43,66.5,6,33,1,0
15222,56,150.12,4,15,1,0
15223,23,50.58,5,91,1,0
15224,3,30.94,8,9,0,0
15225,15,49.45,5,5,0,0
15226,29,64.34,7,20,1,0
15227,44,80.25,5,1,0,0
15228,54,74.16,5,17,0,0
15229,12,48.2,7,3,2,0
15230,33,58.31,1,15,0,0
15231,26,40.61,5,18,0,0
15232,56,53.68,7,17,0,0
15233,17,31.82,6,33,0,0
15234,25,30.01,4,19,1,0
15235,3,51.18,6,4,0,0
15236,46,60.91,5,6,1,0
15237,14,28.86,2,29,0,0
15238,21,55.54,4,45,0,0
15239,27,43.03,2,39,1,0
15240,12,31.33,4,13,0,0
15241,1,42.44,5,4,0,0
15242,24,63.99,3,25,1,1
15243,17,64.5,5,1,0,0
15244,6,40.23,8,21,0,0
15245,38,63.83,6,14,1,0
15246,11,64.6,5,66,0,0
15247,42,43.18,2,1,1,0
15248,28,79.81,5,2,0,0
15249,60,24.22,10,5,2,1
15250,47,30.97,6,16,2,0
15251,8,91.85,5,13,0,0
15252,55,102.91,3,8,0,0
15253,26,77.37,3,82,0,0
15254,57,27.2,3,43,0,0
15255,24,43.74,3,13,0,0
15256,59,89.05,5,4,0,0
15257,24,19.58,4,8,1,0
15258,27,69.37,5,52,1,1
15259,50,57.71,6,33,2,0
15260,2,58.56,5,12,1,0
15261,8,62.96,7,4,1,0
15262,60,54.71,8,47,0,0
15263,52,78.38,5,17,1,0
15264,10,60.97,5,12,0,0
15265,8,66.85,7,15,0,0
15266,30,30.37,3,8,2,0
15267,28,56.86,4,9,0,0
15268,8,37.74,3,22,0,1
15269,7,62.66,2,24,1,0
15270,18,44.84,5,10,0,0
15271,8,87.1,4,54,0,0
15272,11,26.95,6,8,1,0
15273,22,37.81,9,17,0,0
15274,27,41.07,4,55,0,0
15275,31,77.18,4,8,0,0
15276,57,56.29,6,13,2,0
15277,18,56.28,8,1,3,0
15278,5,70.66,9,0,0,0
15279,58,47.95,4,27,0,0
15280,42,54.02,8,36,0,0
15281,51,84.57,7,37,0,0
15282,18,77.67,3,29,0,0
15283,11,78.95,4,25,1,0
15284,14,57.32,7,15,0,0
15285,23,51.31,6,10,0,0
15286,54,65.04,7,12,0,1
15287,9,40.61,5,11,0,0
15288,17,57.02,3,34,1,0
15289,44,38.69,5,39,0,0
15290,16,96.98,4,25,0,1
15291,58,40.44,2,28,1,1
15292,28,41.65,5,5,1,0
15293,34,58.46,6,1,1,0
15294,17,28.75,3,7,1,0
15295,50,58.54,5,4,0,0
15296,44,28.19,11,18,1,0
15297,5,74.16,6,31,0,0
15298,26,51.55,4,15,0,0
15299,48,33.43,7,38,0,0
15300,6,24.92,6,29,0,0
15301,21,61.0,6,10,0,0
15302,17,32.5,4,13,0,0
15303,55,32.4,6,21,0,0
15304,1,63.73,8,70,1,1
15305,21,43.58,5,27,1,0
15306,59,31.2,3,4,1,0
15307,24,57.59,2,69,0,1
15308,33,65.16,5,6,2,0
15309,32,84.92,5,8,0,0
15310,56,59.38,2,5,0,0
15311,46,37.97,7,12,0,0
15312,48,76.43,6,3,0,0
15313,31,43.97,5,42,0,0
15314,9,49.91,3,19,0,0
15315,49,29.08,6,6,0,0
15316,20,32.85,6,12,1,0
15317,14,65.03,7,38,0,0
15318,11,101.33,5,15,1,0
15319,38,88.59,3,1,0,0
15320,32,44.67,3,2,0,0
15321,39,46.02,5,15,0,1
15322,16,158.77,9,34,0,0
15323,15,36.87,5,15,0,0
15324,31,59.6,5,3,0,0
15325,40,86.62,4,24,1,0
15326,39,44.51,6,40,0,0
15327,24,57.35,4,32,1,1
15328,11,45.19,6,51,0,0
15329,14,107.81,5,6,1,0
15330,18,47.56,3,25,0,0
15331,54,62.77,3,1,1,0
15332,17,75.3,7,9,0,0
15333,60,51.88,1,13,0,0
15334,42,30.59,5,4,0,0
15335,23,29.89,6,20,0,0
15336,53,64.28,5,26,2,1
15337,34,71.15,2,2,0,0
15338,31,61.38,6,2,0,0
15339,34,75.29,4,60,1,0
15340,12,39.23,4,33,0,0
15341,55,45.68,4,56,0,0
15342,1,39.95,5,1,0,0
15343,15,27.35,5,8,0,0
15344,11,50.18,9,42,0,0
15345,14,96.43,8,29,0,0
15346,31,58.71,4,26,1,0
15347,1,24.03,5,22,1,0
15348,27,111.94,6,1,1,0
15349,27,104.01,7,18,0,0
15350,53,90.92,5,11,0,0
15351,35,42.39,5,10,0,0
15352,19,55.72,5,20,0,0
15353,32,95.08,3,19,0,0
15354,33,34.06,4,12,0,0
15355,26,49.0,6,31,0,0
15356,29,61.68,3,26,1,0
15357,27,51.98,5,8,0,0
15358,12,61.84,8,46,0,0
15359,10,46.93,10,2,1,0
15360,14,102.18,4,14,2,0
15361,48,49.4,3,5,1,0
15362,44,62.25,5,34,0,0
15363,5,43.41,4,20,0,0
15364,41,30.23,6,1,0,0
15365,29,52.6,3,5,0,1
15366,40,84.24,4,31,0,0
15367,60,62.62,6,41,2,0
15368,10,73.42,6,6,1,0
15369,5,48.16,3,14,2,0
15370,43,47.03,6,4,2,0
15371,16,68.6,6,11,0,0
15372,22,52.49,9,56,0,0
15373,47,49.59,5,13,0,0
15374,19,50.31,3,11,0,0
15375,37,111.42,9,41,1,0
15376,1,94.54,8,50,1,0
15377,15,64.82,6,1,1,0
15378,49,42.22,4,2,0,0
15379,50,86.64,6,19,0,0
15380,52,41.17,10,8,0,0
15381,14,89.77,5,21,1,0
15382,29,35.66,6,29,0,0
15383,51,45.63,6,12,0,0
15384,16,43.74,9,7,1,0
15385,21,74.72,2,4,0,0
15386,34,108.53,7,2,1,1
15387,7,61.06,3,17,0,0
15388,11,82.21,3,34,0,0
15389,3,81.29,3,6,0,0
15390,42,59.31,3,6,1,1
15391,16,56.42,3,9,0,0
15392,53,97.9,7,10,0,0
15393,32,72.28,4,24,1,0
15394,50,48.36,4,8,0,0
15395,22,56.89,4,1,0,0
15396,31,43.67,4,15,3,0
15397,14,72.46,2,11,0,0
15398,9,44.5,7,22,1,0
15399,1,48.51,7,2,0,0
15400,40,69.85,6,12,0,0
15401,19,46.25,4,1,1,0
15402,57,72.82,4,10,0,0
15403,58,46.24,6,5,0,0
15404,47,53.49,4,28,0,0
15405,42,91.2,1,7,0,0
15406,13,95.05,3,18,0,0
15407,2,119.61,5,50,1,0
15408,37,71.87,6,18,0,0
15409,52,51.2,5,27,0,0
15410,34,108.4,5,11,1,0
15411,23,30.44,4,11,0,0
15412,50,66.3,3,18,0,0
15413,45,42.79,4,7,1,0
15414,8,53.21,4,13,2,0
15415,53,43.69,4,17,0,0
15416,41,118.72,6,47,0,1
15417,60,33.96,1,28,0,0
15418,28,78.27,7,19,1,0
15419,43,57.25,7,51,1,0
15420,14,61.45,4,3,0,0
15421,59,55.43,5,2,0,0
15422,1,43.77,3,106,0,1
15423,53,51.28,4,10,0,0
15424,49,63.29,6,14,1,0
15425,28,36.65,3,77,0,1
15426,54,29.43,6,11,0,0
15427,12,89.91,5,16,1,1
15428,30,31.14,5,6,0,0
15429,39,20.91,10,23,0,0
15430,57,113.84,5,8,0,0
15431,13,69.0,4,4,0,0
15432,25,119.22,3,9,0,0
15433,22,33.89,3,3,0,1
15434,44,68.02,9,2,2,0
15435,25,58.65,5,4,0,0
15436,6,62.66,6,4,1,0
15437,52,54.33,3,1,0,0
15438,20,65.55,3,32,0,0
15439,5,81.73,8,2,0,0
15440,24,95.31,2,3,2,0
15441,23,76.64,7,0,0,0
15442,37,29.03,3,4,1,0
15443,11,48.89,5,1,1,0
15444,53,22.63,5,23,0,0
15445,27,60.52,8,9,0,0
15446,5,93.92,3,7,0,0
15447,13,34.13,2,96,0,1
15448,3,61.62,4,3,0,0
15449,17,53.08,3,10,0,0
15450,59,55.35,6,11,0,0
15451,35,114.81,6,1,1,0
15452,51,51.45,3,5,1,0
15453,53,75.62,6,49,0,0
15454,5,50.05,3,1,1,0
15455,25,53.32,5,1,0,0
15456,2,52.48,8,17,1,0
15457,55,63.39,3,29,0,0
15458,19,41.61,6,29,1,0
15459,59,25.11,1,29,1,0
15460,56,53.34,6,4,2,0
15461,17,41.66,7,11,0,0
15462,53,49.01,1,3,0,0
15463,35,29.1,3,1,0,0
15464,53,63.94,6,9,0,0
15465,42,31.74,6,28,0,0
15466,19,78.12,5,1,0,0
15467,56,67.09,7,16,1,0
15468,57,45.89,2,3,0,0
15469,28,82.26,5,4,0,1
15470,16,55.33,8,7,2,0
15471,19,60.26,3,6,1,0
15472,58,78.97,4,8,0,0
15473,36,63.19,10,85,0,0
15474,29,33.93,8,49,0,0
15475,24,55.23,3,13,2,0
15476,26,81.01,6,27,2,0
15477,28,32.52,9,1,0,0
15478,24,66.1,6,19,2,0
15479,34,48.76,4,33,0,0
15480,42,159.09,4,2,0,0
15481,11,85.16,4,26,0,0
15482,16,145.27,6,3,3,0
15483,27,53.28,3,2,0,0
15484,35,69.47,7,8,0,0
15485,52,77.96,3,43,2,0
15486,49,51.38,3,18,0,0
15487,60,123.04,6,6,0,0
15488,20,48.52,10,8,1,0
15489,55,54.26,5,11,0,0
15490,11,61.2,7,35,1,0
15491,15,50.12,3,2,0,0
15492,33,52.76,8,100,0,0
15493,38,162.24,5,19,0,0
15494,2,77.02,8,26,2,0
15495,7,112.11,5,8,0,0
15496,55,76.62,3,16,0,0
15497,16,39.15,6,6,0,0
15498,46,42.46,7,3,0,0
15499,30,36.53,3,3,0,0
15500,33,61.06,2,10,0,0
15501,27,58.46,5,33,4,0
15502,19,28.49,5,40,0,0
15503,57,48.05,5,3,1,0
15504,22,54.65,2,40,1,1
15505,52,46.35,7,9,0,0
15506,55,64.04,11,32,1,0
15507,52,46.58,10,4,0,0
15508,32,38.82,6,0,1,1
15509,48,56.43,5,54,0,0
15510,58,70.84,5,24,0,0
15511,46,58.68,6,10,0,0
15512,12,121.36,6,36,0,0
15513,38,50.31,4,11,1,0
15514,17,63.54,3,45,0,0
15515,24,63.6,3,0,0,0
15516,29,87.7,2,2,0,0
15517,1,44.37,4,11,0,0
15518,56,71.54,7,8,0,0
15519,8,73.82,3,11,1,0
15520,26,28.95,4,18,0,0
15521,3,55.67,5,33,0,0
15522,25,69.87,5,16,0,0
15523,50,56.34,9,32,0,0
15524,5,133.03,5,24,1,0
15525,30,71.22,6,1,0,0
15526,48,64.23,6,40,0,0
15527,42,71.71,1,42,0,0
15528,5,74.78,6,15,0,0
15529,14,59.44,6,16,0,0
15530,42,49.99,3,1,0,0
15531,5,50.66,5,3,0,0
15532,29,39.53,12,81,1,0
15533,29,52.38,4,63,1,0
15534,15,44.88,4,5,1,0
15535,5,44.81,7,21,0,0
15536,6,112.42,5,54,0,0
15537,25,40.68,2,1,0,0
15538,14,47.15,6,43,0,0
15539,18,34.54,5,6,1,0
15540,48,122.1,4,29,0,0
15541,15,49.89,7,31,0,0
15542,33,33.34,10,0,0,0
15543,22,57.19,4,6,2,1
15544,49,26.9,4,59,1,0
15545,34,83.36,4,11,1,0
15546,13,30.42,6,24,2,0
15547,15,72.51,7,4,1,0
15548,12,50.69,5,43,1,0
15549,47,60.18,6,11,0,0
15550,2,39.64,2,14,0,0
15551,19,87.15,6,11,1,0
15552,22,47.23,8,42,1,1
15553,43,24.02,5,9,1,0
15554,58,15.16,2,75,0,0
15555,53,62.49,4,60,2,1
15556,35,98.62,4,2,0,0
15557,14,50.9,5,15,1,0
15558,15,50.41,3,8,0,0
15559,37,40.27,6,17,0,0
15560,18,58.81,7,57,0,0
15561,26,63.53,11,12,0,0
15562,16,58.94,5,15,1,0
15563,26,31.8,4,3,0,0
15564,34,27.63,6,36,0,0
15565,55,28.36,4,2,1,0
15566,55,42.46,4,0,0,0
15567,31,37.91,5,8,0,0
15568,30,59.36,2,6,0,0
15569,25,33.4,7,45,0,0
15570,20,60.3,8,27,0,0
15571,42,89.8,2,43,2,0
15572,8,91.97,7,8,0,0
15573,40,84.32,6,11,2,1
15574,55,47.12,4,29,0,0
15575,48,63.52,6,24,3,0
15576,25,55.61,6,4,1,0
15577,13,71.38,6,19,2,0
15578,22,46.3,4,7,1,0
15579,58,49.48,7,3,1,0
15580,20,53.94,3,42,0,1
15581,13,73.96,6,34,0,0
15582,31,114.13,6,0,2,0
15583,9,54.2,5,15,0,0
15584,47,58.02,5,16,0,0
15585,36,54.97,3,20,2,0
15586,46,146.66,5,3,0,0
15587,42,39.71,12,26,2,0
15588,55,36.44,3,6,0,0
15589,15,67.33,8,30,0,0
15590,24,75.55,6,5,0,0
15591,36,40.75,6,5,1,0
15592,12,62.44,5,44,0,0
15593,16,54.86,7,28,1,1
15594,43,50.42,6,10,0,0
15595,28,43.87,8,2,0,0
15596,8,57.51,5,22,0,0
15597,59,23.61,9,3,1,0
15598,56,43.55,3,33,0,0
15599,34,136.38,8,24,0,0
15600,35,58.36,9,4,0,0
15601,30,37.75,6,25,0,0
15602,42,91.84,5,29,0,0
15603,47,86.64,3,27,0,0
15604,40,73.12,4,4,0,0
15605,46,66.67,4,9,1,0
15606,5,43.31,6,12,0,0
15607,47,65.38,3,0,0,0
15608,5,55.09,4,5,0,1
15609,23,66.06,3,32,1,0
15610,45,51.25,3,6,0,0
15611,44,39.11,5,132,0,0
15612,32,87.77,8,10,0,0
15613,41,62.65,12,9,0,0
15614,17,40.78,4,4,1,0
15615,5,55.75,4,3,0,0
15616,53,52.13,3,1,0,0
15617,17,46.01,4,29,0,0
15618,27,32.44,6,0,1,0
15619,42,102.73,3,23,1,0
15620,3,30.4,3,9,0,0
15621,45,34.19,2,13,1,0
15622,16,64.47,8,50,0,0
15623,3,59.12,3,8,1,0
15624,37,56.48,6,19,0,0
15625,6,69.39,6,25,0,0
15626,37,52.78,5,3,1,0
15627,30,65.38,2,57,0,0
15628,57,184.04,8,9,0,0
15629,29,44.54,3,62,0,1
15630,46,50.64,5,9,0,0
15631,6,45.24,4,11,0,1
15632,5,43.73,6,3,0,0
15633,14,34.55,4,16,0,0
15634,57,101.41,4,29,0,0
15635,24,62.39,6,19,2,0
15636,4,36.17,5,36,1,0
15637,14,81.91,2,12,0,0
15638,38,30.36,8,4,1,0
15639,12,78.22,4,15,0,0
15640,26,57.47,8,9,1,0
15641,47,56.67,6,13,1,0
15642,60,79.36,4,37,2,0
15643,11,57.58,6,13,0,0
15644,60,37.12,4,31,0,0
15645,44,34.15,4,1,1,0
15646,22,69.33,5,6,0,0
15647,10,39.38,3,22,0,0
15648,47,40.22,7,7,0,0
15649,7,55.96,6,33,0,0
15650,34,40.83,6,24,0,0
15651,37,54.85,4,51,0,0
15652,20,47.21,6,58,0,0
15653,48,33.55,6,35,0,0
15654,47,45.89,4,2,1,0
15655,26,46.7,10,5,1,0
15656,32,76.3,2,41,1,0
15657,17,140.12,4,2,0,0
15658,22,38.76,5,24,0,0
15659,54,42.76,9,10,1,0
15660,17,30.68,4,38,1,0
15661,55,24.69,4,9,1,0
15662,49,61.05,8,29,0,0
15663,4,49.89,2,3,0,0
15664,11,59.93,2,26,0,0
15665,21,43.62,4,6,0,0
15666,29,40.67,2,9,0,0
15667,34,50.97,5,59,0,0
15668,16,89.81,3,7,1,0
15669,19,46.45,3,14,1,0
15670,37,78.25,3,39,0,0
15671,52,52.3,7,4,0,0
15672,5,82.51,2,0,1,0
15673,37,86.96,4,3,0,0
15674,1,79.37,3,14,0,0
15675,11,59.41,4,74,1,1
15676,42,139.61,3,83,1,0
15677,39,46.25,1,5,0,0
15678,20,32.71,6,1,1,0
15679,12,91.67,5,15,1,0
15680,27,31.36,9,29,0,0
15681,53,41.63,10,6,0,0
15682,35,85.84,4,13,1,0
15683,32,32.79,7,2,0,0
15684,42,55.31,4,15,1,0
15685,22,61.78,4,20,0,0
15686,42,38.46,6,11,0,1
15687,53,32.53,6,7,1,0
15688,4,54.24,4,2,1,0
15689,4,57.45,6,4,1,0
15690,12,50.66,5,59,0,1
15691,41,60.93,3,37,0,0
15692,37,45.14,8,41,4,0
15693,4,61.0,6,9,1,0
15694,46,48.04,2,31,0,0
15695,60,56.57,3,61,0,0
15696,9,14.52,7,6,0,0
15697,9,23.82,5,7,0,0
15698,47,44.12,6,40,0,0
15699,47,171.87,4,6,0,0
15700,1,47.84,4,20,2,0
15701,24,33.75,4,63,1,0
15702,43,58.17,8,37,0,0
15703,31,87.47,7,3,0,0
15704,38,48.94,4,4,1,0
15705,31,57.29,11,4,1,0
15706,40,105.64,6,5,1,0
15707,31,40.96,3,7,0,1
15708,6,88.28,4,4,0,0
15709,48,22.02,3,2,0,0
15710,58,43.91,5,11,0,0
15711,48,46.28,7,38,1,0
15712,58,101.22,6,45,1,0
15713,45,62.87,4,17,0,0
15714,4,58.59,4,17,0,0
15715,32,42.3,6,31,0,0
15716,5,48.6,4,50,0,0
15717,54,53.74,3,17,1,0
15718,19,35.46,8,1,0,0
15719,20,50.4,2,30,1,0
15720,16,50.02,2,12,1,1
15721,38,103.15,6,8,0,0
15722,31,100.48,7,24,0,0
15723,30,99.68,8,9,0,0
15724,2,27.36,3,18,0,0
15725,60,85.17,4,11,1,0
15726,21,53.35,5,1,0,0
15727,37,98.21,6,110,1,0
15728,22,50.16,5,6,0,0
15729,24,31.84,8,3,0,0
15730,49,33.57,2,10,1,0
15731,52,26.78,3,63,0,1
15732,11,49.1,4,13,1,0
15733,45,42.67,4,9,0,0
15734,9,48.04,3,1,0,0
15735,9,53.62,5,36,0,0
15736,21,74.7,1,0,3,0
15737,40,30.91,1,6,1,0
15738,33,45.36,4,20,0,0
15739,39,74.24,6,1,0,0
15740,42,42.56,4,144,1,1
15741,51,64.29,10,6,2,0
15742,34,101.95,3,0,0,0
15743,46,113.57,4,17,0,0
15744,57,43.38,7,5,0,0
15745,32,67.12,5,1,0,0
15746,28,40.52,6,43,0,0
15747,29,48.42,4,27,0,0
15748,55,35.85,6,18,0,0
15749,14,83.13,2,40,0,0
15750,29,54.38,1,3,0,1
15751,31,57.09,2,6,1,0
15752,12,39.37,5,2,2,0
15753,49,36.46,5,29,0,0
15754,7,86.12,2,19,1,0
15755,39,79.71,6,11,0,0
15756,33,46.19,6,70,1,1
15757,7,103.34,7,4,3,0
15758,30,58.57,8,14,0,0
15759,19,33.18,3,1,1,0
15760,30,33.54,5,7,1,0
15761,13,52.58,9,30,1,0
15762,53,25.86,5,10,0,0
15763,39,50.69,8,31,2,0
15764,36,77.46,5,15,0,0
15765,11,33.57,4,62,1,0
15766,51,25.72,3,28,1,0
15767,17,45.31,5,7,0,0
15768,57,102.34,6,4,1,0
15769,10,63.22,7,27,2,0
15770,31,48.19,4,16,1,0
15771,10,61.41,5,5,1,0
15772,32,90.32,4,25,1,0
15773,18,80.3,4,6,1,0
15774,11,42.81,7,20,0,0
15775,46,29.2,6,2,0,0
15776,22,104.79,4,13,3,0
15777,9,127.71,5,9,3,1
15778,29,35.86,6,6,0,0
15779,42,47.33,9,35,0,0
15780,9,63.19,7,4,0,0
15781,54,62.36,5,1,0,0
15782,18,43.36,2,12,0,0
15783,53,60.67,3,3,0,0
15784,36,32.33,6,32,0,0
15785,1,58.58,6,10,1,0
15786,8,60.18,7,19,0,0
15787,22,80.08,3,9,0,0
15788,22,36.34,3,18,0,0
15789,24,39.25,5,43,0,0
15790,12,93.93,5,26,2,0
15791,31,71.86,6,7,0,0
15792,32,161.08,4,6,0,0
15793,56,158.65,2,40,1,0
15794,42,25.39,3,2,0,0
15795,2,77.89,5,59,0,0
15796,55,47.34,1,7,0,0
15797,46,62.33,2,15,0,0
15798,56,81.98,6,4,0,0
15799,15,24.42,4,24,0,0
15800,12,56.73,6,5,0,0
15801,37,97.23,8,16,0,0
15802,59,68.61,7,33,2,0
15803,34,103.65,5,6,0,0
15804,11,33.55,8,1,2,0
15805,12,58.34,4,4,2,0
15806,44,35.11,10,21,0,0
15807,5,37.73,3,2,0,0
15808,4,63.71,3,94,1,1
15809,39,52.36,7,25,0,0
15810,25,51.15,5,2,0,0
15811,7,90.82,4,14,0,0
15812,35,55.84,9,20,0,0
15813,2,86.52,3,2,0,0
15814,16,47.18,4,28,0,0
15815,50,33.06,4,0,0,0
15816,39,59.46,5,28,2,0
15817,7,72.39,4,2,1,0
15818,21,76.54,4,19,1,0
15819,57,57.56,7,26,0,0
15820,26,63.23,3,17,0,0
15821,25,26.29,6,65,2,0
15822,35,66.34,4,5,0,0
15823,51,87.7,4,14,0,0
15824,45,94.78,4,8,1,0
15825,52,52.7,7,18,0,0
15826,14,34.2,9,61,1,0
15827,16,54.67,3,2,0,0
15828,28,26.02,5,24,1,0
15829,6,110.38,4,10,1,0
15830,58,92.44,8,64,0,0
15831,14,61.22,2,19,2,0
15832,11,38.12,5,9,1,0
15833,45,42.91,4,12,1,0
15834,59,82.52,5,8,0,0
15835,38,54.23,7,2,0,0
15836,59,141.98,6,6,0,0
15837,47,61.08,4,20,1,0
15838,1,36.13,5,13,1,0
15839,24,60.46,7,17,1,0
15840,44,65.61,10,10,1,0
15841,42,45.81,8,32,0,1
15842,19,86.75,2,82,1,1
15843,54,87.32,6,28,1,0
15844,12,60.63,4,4,1,0
15845,7,50.43,4,66,1,0
15846,36,70.78,2,6,0,0
15847,36,50.02,7,4,1,0
15848,35,63.46,5,10,3,0
15849,7,77.61,4,19,0,0
15850,21,40.15,3,13,1,0
15851,57,85.61,2,5,0,0
15852,19,53.87,10,6,0,0
15853,16,46.3,7,7,1,0
15854,37,146.22,2,5,0,0
15855,9,71.84,7,1,0,0
15856,9,21.09,6,2,0,0
15857,1,61.09,4,13,0,0
15858,50,48.05,10,17,2,0
15859,40,45.85,9,8,1,0
15860,39,60.99,7,7,1,0
15861,20,32.57,2,4,0,0
15862,5,53.61,7,36,0,1
15863,23,30.75,1,31,0,0
15864,39,49.25,8,23,1,0
15865,21,29.71,4,13,1,0
15866,44,71.89,3,17,3,0
15867,27,27.02,4,1,0,0
15868,51,75.45,2,4,0,0
15869,29,47.78,3,3,1,0
15870,48,43.54,2,11,0,0
15871,10,52.79,4,12,0,0
15872,45,46.83,4,22,1,1
15873,17,66.02,5,74,0,0
15874,34,60.78,8,2,0,0
15875,8,77.49,10,21,0,0
15876,38,67.91,7,11,0,0
15877,54,57.34,6,60,0,0
15878,25,45.45,6,20,1,0
15879,18,108.53,7,33,1,0
15880,58,106.88,6,1,0,0
15881,14,46.33,4,1,0,0
15882,54,55.17,7,2,0,0
15883,58,25.95,5,20,0,0
15884,7,64.85,3,12,1,0
15885,1,56.41,5,21,1,0
15886,32,59.1,7,13,1,0
15887,43,37.17,4,23,1,0
15888,13,55.84,5,26,0,0
15889,2,116.08,3,28,0,0
15890,49,61.04,6,21,2,0
15891,49,42.47,4,26,1,0
15892,21,50.43,2,28,1,0
15893,60,46.08,6,30,0,0
15894,58,61.04,1,17,0,0
15895,57,47.97,4,24,1,0
15896,24,98.96,5,6,1,0
15897,50,65.08,6,59,2,1
15898,4,47.91,4,6,0,0
15899,9,39.62,4,10,0,0
15900,15,32.78,3,4,1,0
15901,54,67.82,8,15,0,0
15902,30,54.14,5,41,0,0
15903,12,98.72,4,8,0,1
15904,25,31.68,6,1,0,0
15905,49,97.23,6,0,1,0
15906,18,76.5,5,10,1,0
15907,58,41.09,3,7,1,0
15908,35,69.83,6,59,1,0
15909,25,70.89,8,1,0,0
15910,9,83.21,4,17,1,0
15911,5,149.85,3,15,1,0
15912,2,79.63,6,17,0,0
15913,37,69.0,4,3,1,0
15914,7,63.91,1,34,2,0
15915,56,85.57,4,3,0,1
15916,31,51.02,5,20,0,0
15917,39,72.16,4,2,0,0
15918,57,59.31,6,14,0,0
15919,13,53.19,3,35,1,0
15920,27,47.81,2,44,0,0
15921,15,42.97,5,49,0,1
15922,42,61.23,5,11,0,0
15923,52,59.29,7,1,1,0
15924,35,52.2,5,36,1,0
15925,16,57.42,4,38,1,0
15926,25,66.54,8,8,1,0
15927,58,38.19,4,37,0,1
15928,24,70.79,5,11,0,0
15929,46,55.18,9,16,0,0
15930,49,98.87,3,1,0,0
15931,50,42.24,3,13,1,1
15932,21,63.73,5,39,1,0
15933,27,69.11,8,1,0,0
15934,34,51.71,10,30,1,0
15935,53,70.55,3,63,0,0
15936,22,32.33,4,1,0,1
15937,4,74.15,7,31,1,0
15938,18,54.02,7,5,0,0
15939,52,81.62,6,11,0,0
15940,40,57.31,4,7,0,0
15941,6,49.18,3,6,0,0
15942,56,47.59,3,53,0,0
15943,39,78.3,3,10,1,0
15944,7,71.76,5,70,1,1
15945,24,38.19,6,3,1,0
15946,3,48.33,6,27,0,0
15947,53,54.77,6,9,0,0
15948,43,85.09,4,3,2,0
15949,9,43.32,4,12,0,0
15950,9,73.5,7,14,0,0
15951,26,56.46,7,14,0,0
15952,22,98.01,4,8,1,0
15953,10,24.74,7,10,1,1
15954,7,45.38,5,15,1,1
15955,33,60.74,4,43,0,0
15956,38,60.62,4,8,0,0
15957,43,42.35,4,37,1,0
15958,6,34.1,4,31,0,0
15959,27,51.13,4,61,0,0
15960,44,61.87,8,3,0,0
15961,57,23.62,3,19,0,0
15962,30,40.97,7,2,0,0
15963,43,37.99,7,33,1,1
15964,2,90.14,3,10,0,0
15965,3,62.44,3,35,0,0
15966,55,51.31,7,15,0,0
15967,20,79.61,3,4,0,0
15968,6,38.46,4,50,0,0
15969,25,19.6,4,30,0,0
15970,49,62.7,2,10,0,0
15971,47,80.59,4,8,0,0
15972,41,34.66,6,38,0,0
15973,25,24.26,2,2,0,0
15974,30,110.07,7,63,1,0
15975,14,48.09,5,54,1,0
15976,39,93.12,3,12,0,0
15977,41,49.64,2,30,0,0
15978,60,59.73,3,61,1,0
15979,54,52.06,6,44,0,0
15980,26,29.85,4,60,2,0
15981,39,28.98,4,15,0,0
15982,59,24.91,5,8,0,0
15983,27,144.94,7,52,0,0
15984,7,56.99,5,4,0,0
15985,36,60.74,4,6,1,0
15986,14,32.67,4,34,0,0
15987,1,29.51,2,35,0,1
15988,17,35.35,6,7,0,0
15989,45,58.53,1,1,1,0
15990,57,33.23,9,14,0,0
15991,35,57.61,7,30,0,0
15992,31,55.85,6,44,0,0
15993,28,41.85,4,32,1,0
15994,12,69.94,2,42,0,0
15995,15,71.84,6,7,0,0
15996,14,47.21,6,35,2,0
15997,40,65.02,8,15,1,0
15998,21,62.81,4,77,0,0
15999,20,29.33,5,47,1,1
16000,35,71.26,5,10,1,0
16001,34,70.55,6,5,1,0
16002,32,35.85,7,13,0,0
16003,16,59.65,5,8,0,0
16004,35,47.6,1,41,0,0
16005,1,28.46,7,8,0,0
16006,3,47.49,4,37,0,0
16007,15,43.1,9,26,1,0
16008,31,57.32,4,32,0,0
16009,47,33.76,4,46,0,0
16010,32,69.97,2,19,1,0
16011,23,61.05,4,22,1,0
16012,1,59.2,4,2,0,0
16013,29,117.06,6,34,0,0
16014,27,52.54,5,84,0,0
16015,21,40.68,3,10,0,0
16016,17,32.84,3,6,0,0
16017,33,77.1,3,3,1,0
16018,7,40.39,5,3,1,0
16019,26,46.66,5,18,0,0
16020,14,45.23,3,12,1,0
16021,1,41.4,9,18,3,0
16022,37,58.85,7,4,1,0
16023,37,63.0,5,58,0,0
16024,5,45.66,6,16,2,0
16025,28,120.43,2,80,0,1
16026,55,67.62,6,24,0,0
16027,22,50.93,6,4,0,0
16028,16,50.28,5,60,0,1
16029,13,46.12,2,0,0,0
16030,28,38.64,4,82,0,1
16031,46,87.57,8,5,1,0
16032,15,81.82,4,17,1,0
16033,45,76.39,4,11,0,0
16034,31,44.79,3,23,0,0
16035,30,48.06,5,12,1,0
16036,9,29.62,7,21,0,0
16037,37,32.74,3,7,0,0
16038,30,123.03,5,30,0,0
16039,33,58.44,7,12,1,0
16040,15,60.67,5,4,1,0
16041,17,49.59,5,3,2,0
16042,16,60.66,7,10,0,0
16043,46,36.98,2,16,0,0
16044,23,68.76,3,14,0,0
16045,12,52.2,6,57,1,0
16046,18,86.18,4,10,1,0
16047,57,47.73,3,59,0,0
16048,53,54.73,4,25,1,0
16049,59,85.15,6,32,0,0
16050,51,40.35,5,3,0,0
16051,27,55.37,4,21,0,0
16052,34,63.23,3,11,2,0
16053,22,50.35,5,18,0,0
16054,47,88.07,9,2,0,0
16055,22,37.93,4,48,1,0
16056,42,38.35,2,4,2,0
16057,36,108.38,8,48,1,0
16058,32,55.32,4,34,1,0
16059,21,63.59,7,14,0,0
16060,52,32.09,6,21,1,0
16061,10,62.97,2,10,1,1
16062,11,55.06,8,17,0,0
16063,17,73.09,6,24,0,0
16064,3,37.7,3,5,0,0
16065,4,91.9,5,30,1,0
16066,30,86.81,7,26,1,1
16067,18,56.8,2,21,1,0
16068,5,59.1,5,59,1,0
16069,17,26.24,7,12,0,1
16070,54,81.56,5,2,0,0
16071,44,57.51,5,37,0,1
16072,26,68.25,5,1,0,0
16073,32,75.84,5,30,1,0
16074,3,67.92,3,25,1,0
16075,36,76.61,7,15,0,0
16076,58,65.62,5,0,0,0
16077,57,38.76,7,4,2,0
16078,10,53.66,10,3,1,0
16079,14,45.6,6,29,1,0
16080,60,75.36,7,3,1,0
16081,17,72.87,6,6,1,0
16082,1,53.75,7,39,0,0
16083,41,103.02,10,91,1,1
16084,38,84.17,7,2,0,0
16085,26,63.34,5,69,1,1
16086,57,54.86,6,9,2,0
16087,49,34.88,6,63,0,0
16088,31,51.61,3,5,0,0
16089,56,34.97,3,8,0,0
16090,31,32.97,3,11,0,0
16091,47,43.77,8,33,2,0
16092,54,30.33,4,40,0,0
16093,23,54.52,7,9,0,0
16094,39,38.53,7,33,0,0
16095,21,39.92,2,4,0,0
16096,49,93.89,3,12,0,0
16097,28,93.33,4,28,0,1
16098,45,38.57,11,14,1,0
16099,34,55.09,5,14,1,0
16100,1,40.18,6,2,2,0
16101,32,116.65,7,31,0,0
16102,1,66.97,7,12,0,0
16103,31,75.58,10,2,0,0
16104,40,62.95,5,37,1,0
16105,59,55.44,3,30,2,0
16106,42,96.3,5,25,0,0
16107,16,29.04,2,16,0,0
16108,57,38.5,6,2,1,1
16109,31,36.87,7,10,0,0
16110,44,104.71,3,18,0,0
16111,15,102.56,5,10,0,0
16112,13,85.11,5,13,0,0
16113,33,40.4,5,25,0,0
16114,3,89.01,1,8,0,0
16115,42,40.42,5,14,1,0
16116,17,65.57,7,10,2,0
16117,14,60.36,9,49,1,1
16118,24,50.9,5,0,0,0
16119,11,68.18,4,9,1,0
16120,12,67.52,7,2,1,1
16121,16,57.59,5,6,0,0
16122,18,62.04,6,14,0,0
16123,27,55.64,4,25,0,1
16124,1,45.9,4,2,0,0
16125,49,75.35,5,33,0,0
16126,37,65.25,3,19,0,0
16127,55,43.85,5,4,0,0
16128,49,36.43,5,9,1,0
16129,11,73.57,3,6,0,0
16130,58,86.11,3,67,0,0
16131,17,56.25,3,2,1,0
16132,58,57.92,4,6,0,0
16133,34,115.65,5,7,0,0
16134,58,26.85,7,27,2,0
16135,32,58.36,3,18,0,0
16136,57,38.59,5,31,0,0
16137,17,38.5,5,15,1,0
16138,33,47.65,7,66,0,1
16139,22,46.37,6,7,0,0
16140,13,15.71,3,21,0,0
16141,11,58.01,9,3,0,0
16142,35,47.53,1,17,0,0
16143,38,93.23,6,5,1,0
16144,14,73.5,4,31,0,0
16145,15,28.33,2,0,0,0
16146,32,52.58,3,76,0,1
16147,54,139.93,6,15,0,1
16148,59,39.27,5,5,1,0
16149,44,33.41,7,0,0,0
16150,49,49.2,7,1,0,0
16151,41,34.88,4,40,0,0
16152,30,83.88,5,8,2,0
16153,27,51.19,4,19,0,0
16154,55,58.89,7,27,0,0
16155,43,43.11,5,8,1,0
16156,35,147.51,2,18,1,0
16157,22,33.49,5,8,0,0
16158,28,44.53,8,11,1,0
16159,39,78.65,3,9,0,0
16160,56,43.62,6,4,2,0
16161,25,61.74,8,87,0,1
16162,46,32.4,3,13,0,0
16163,27,59.61,4,27,0,1
16164,21,65.06,6,3,2,0
16165,4,61.93,5,21,1,0
16166,16,41.56,3,8,1,0
16167,14,35.9,7,0,1,0
16168,47,50.64,9,26,0,0
16169,22,39.44,5,1,0,0
16170,38,18.53,6,12,0,0
16171,36,45.42,7,5,0,0
16172,34,48.03,3,24,0,0
16173,37,51.96,8,35,0,0
16174,18,76.59,4,28,1,0
16175,8,107.88,4,33,0,0
16176,45,51.44,5,21,3,0
16177,41,62.37,6,43,1,0
16178,12,48.0,5,29,1,1
16179,15,71.36,5,59,0,1
16180,35,62.57,6,35,0,0
16181,26,54.5,3,18,0,0
16182,9,67.97,9,11,0,0
16183,48,37.06,4,22,1,0
16184,18,38.9,5,3,1,0
16185,19,61.8,9,25,1,0
16186,17,34.52,3,22,2,0
16187,36,48.34,5,35,1,0
16188,13,62.92,2,3,1,0
16189,47,43.51,4,23,0,0
16190,46,56.84,5,3,0,0
16191,43,54.57,6,8,1,0
16192,4,56.55,4,59,1,0
16193,22,83.68,5,5,0,0
16194,17,53.88,2,2,2,0
16195,47,52.74,6,29,0,0
16196,49,34.29,5,50,1,0
16197,1,85.57,6,16,0,0
16198,1,100.8,4,17,0,0
16199,43,102.4,4,38,3,1
16200,45,85.47,4,31,1,0
16201,10,34.23,5,5,0,0
16202,48,35.61,4,13,0,0
16203,11,49.64,2,104,0,1
16204,20,45.21,6,15,1,0
16205,8,61.26,5,11,1,0
16206,31,58.13,9,19,1,0
16207,40,43.12,5,13,1,0
16208,12,44.82,7,63,0,0
16209,52,81.34,5,42,0,0
16210,48,32.91,2,17,0,0
16211,15,71.53,10,4,0,0
16212,30,52.12,6,11,1,0
16213,26,57.15,5,15,1,0
16214,29,57.22,4,4,0,0
16215,21,49.1,5,4,1,0
16216,57,54.3,9,28,0,0
16217,35,23.57,7,7,0,0
16218,40,84.87,3,32,0,0
16219,23,35.84,4,3,0,0
16220,7,99.73,2,29,1,1
16221,10,72.02,4,10,1,0
16222,58,63.91,3,133,1,1
16223,48,38.91,5,14,0,0
16224,6,41.67,3,11,0,0
16225,31,70.44,5,6,1,0
16226,18,50.86,7,12,0,0
16227,22,72.76,5,19,0,0
16228,42,67.22,3,0,0,0
16229,46,65.88,7,16,0,0
16230,18,73.28,5,13,1,0
16231,29,41.92,8,16,0,0
16232,14,42.03,4,14,0,0
16233,54,75.49,5,68,1,0
16234,28,63.5,3,36,0,0
16235,24,38.09,10,7,2,0
16236,41,135.54,3,0,1,0
16237,24,56.48,5,18,1,0
16238,32,59.24,6,14,0,0
16239,22,69.15,3,15,0,0
16240,26,41.16,8,11,1,0
16241,9,34.13,2,52,2,1
16242,47,59.31,11,26,1,0
16243,3,36.33,4,15,1,0
16244,17,52.55,7,0,0,0
16245,22,58.68,7,3,0,0
16246,34,88.21,1,18,0,0
16247,52,42.33,3,56,2,0
16248,56,50.47,4,2,1,0
16249,4,113.63,7,1,1,0
16250,48,60.7,4,13,1,0
16251,19,52.82,5,36,1,0
16252,47,32.61,8,38,1,0
16253,7,45.23,6,0,2,0
16254,7,54.24,5,14,1,0
16255,56,100.91,9,31,0,0
16256,22,40.14,3,29,0,0
16257,8,81.0,7,33,0,0
16258,31,109.7,8,1,1,0
16259,22,33.98,3,9,0,0
16260,34,42.31,1,14,1,0
16261,43,83.89,2,8,0,0
16262,56,59.61,4,2,0,0
16263,24,51.86,5,10,1,0
16264,21,67.23,6,33,1,0
16265,42,27.98,4,18,1,0
16266,52,64.03,5,9,0,0
16267,11,35.82,6,17,0,0
16268,21,55.99,6,55,0,0
16269,19,49.92,4,1,0,0
16270,5,39.15,5,20,2,0
16271,59,37.95,7,10,1,0
16272,47,82.24,5,3,1,0
16273,41,83.08,3,8,0,0
16274,22,27.67,5,16,0,0
16275,36,54.42,4,7,0,0
16276,39,37.97,5,54,1,0
16277,8,70.19,5,6,0,0
16278,46,60.23,3,32,0,0
16279,29,57.57,4,21,1,0
16280,56,43.71,3,8,1,0
16281,5,35.54,4,8,1,0
16282,35,69.67,1,10,2,0
16283,35,27.55,8,51,1,1
16284,45,104.58,5,11,1,0
16285,43,33.92,4,1,0,1
16286,15,33.39,10,15,0,0
16287,55,59.82,4,12,1,0
16288,21,33.92,8,45,2,0
16289,21,59.55,8,8,0,0
16290,15,55.13,3,12,0,0
16291,2,52.04,6,0,1,0
16292,56,78.2,3,49,1,0
16293,59,30.47,3,2,0,0
16294,57,44.99,6,3,0,0
16295,33,85.78,4,15,0,0
16296,4,131.78,3,53,1,1
16297,17,50.72,5,17,0,0
16298,36,27.35,5,17,0,0
16299,58,83.01,3,1,0,0
16300,53,30.33,3,10,0,0
16301,57,36.94,8,17,0,0
16302,5,74.42,5,82,0,1
16303,49,49.71,6,18,1,0
16304,38,60.87,3,2,0,0
16305,27,92.41,3,27,0,0
16306,29,200.54,8,22,1,0
16307,54,28.5,10,25,0,0
16308,49,36.27,4,6,1,0
16309,53,35.66,7,18,0,0
16310,18,139.62,6,9,1,0
16311,6,51.31,4,4,0,0
16312,46,105.97,5,3,0,0
16313,50,54.3,6,2,1,0
16314,12,37.09,3,17,0,0
16315,18,54.85,5,25,0,0
16316,54,33.34,5,3,0,0
16317,37,99.76,10,32,0,0
16318,51,84.23,9,14,2,0
16319,51,24.13,5,2,0,0
16320,27,49.7,7,41,0,0
16321,1,46.84,2,17,0,0
16322,19,60.41,5,9,0,0
16323,46,36.81,6,58,0,0
16324,40,85.38,5,76,1,1
16325,17,31.03,6,18,0,0
16326,34,28.9,9,27,2,0
16327,10,56.04,4,5,2,0
16328,13,60.22,3,60,1,1
16329,3,42.19,6,62,0,0
16330,39,52.72,4,10,1,1
16331,8,90.67,3,25,0,0
16332,17,54.43,5,64,1,0
16333,32,33.52,7,10,1,0
16334,59,30.45,7,34,1,0
16335,29,60.57,4,25,1,0
16336,42,33.22,6,5,1,0
16337,58,59.04,8,1,3,0
16338,23,63.42,5,101,1,1
16339,19,82.4,5,26,0,0
16340,48,58.79,2,13,0,0
16341,26,45.02,4,23,0,0
16342,39,81.47,3,7,0,0
16343,29,38.95,5,23,0,0
16344,23,49.91,7,21,1,0
16345,22,67.78,4,9,0,0
16346,44,55.43,3,10,0,0
16347,45,70.82,6,11,1,0
16348,48,27.3,4,21,0,0
16349,57,170.79,3,27,0,0
16350,57,52.1,4,2,1,0
16351,51,42.21,4,21,0,0
16352,29,62.49,5,17,2,0
16353,31,67.72,4,3,1,0
16354,26,47.46,8,35,0,0
16355,27,37.46,5,1,0,0
16356,39,68.23,3,2,0,0
16357,34,104.32,7,8,0,0
16358,34,37.28,6,15,0,1
16359,58,87.09,4,21,0,0
16360,29,29.17,4,8,0,0
16361,19,41.91,3,5,2,0
16362,17,60.88,4,24,3,0
16363,19,97.77,4,16,0,0
16364,25,37.96,6,24,0,0
16365,34,60.24,5,3,0,0
16366,44,55.43,2,3,0,0
16367,9,33.26,3,18,0,0
16368,40,133.33,6,20,0,0
16369,50,122.87,5,14,0,0
16370,20,30.66,8,23,0,0
16371,19,44.22,4,44,0,0
16372,8,91.17,7,13,0,0
16373,1,48.08,4,5,2,0
16374,1,156.8,4,9,0,0
16375,6,36.72,5,10,0,0
16376,45,42.52,3,5,1,0
16377,38,54.81,6,8,0,0
16378,22,58.11,4,8,0,0
16379,55,72.57,4,17,0,0
16380,16,50.1,4,1,0,0
16381,2,30.47,4,10,0,0
16382,55,112.99,4,5,0,0
16383,11,103.8,7,1,0,0
16384,53,155.84,3,8,2,0
16385,41,37.8,13,56,1,0
16386,60,55.75,2,12,1,0
16387,35,70.04,5,32,1,0
16388,21,33.71,4,8,2,0
16389,22,67.36,4,78,1,0
16390,27,72.1,7,14,1,0
16391,39,23.77,8,8,2,0
16392,27,60.12,3,28,0,0
16393,9,26.03,6,59,0,0
16394,13,64.03,4,22,1,0
16395,56,34.12,11,6,2,0
16396,12,44.61,9,10,0,0
16397,43,28.05,3,3,0,1
16398,45,43.54,7,8,0,0
16399,6,21.55,5,36,0,0
16400,45,66.23,3,3,0,0
16401,11,87.51,3,1,0,0
16402,21,33.54,2,10,0,0
16403,50,36.52,4,14,1,0
16404,6,33.3,3,5,0,0
16405,14,71.82,10,12,1,0
16406,51,100.76,9,45,0,0
16407,6,86.18,5,11,1,0
16408,24,66.43,3,2,0,0
16409,10,74.78,9,7,0,0
16410,12,53.84,4,9,0,0
16411,16,66.92,6,24,2,0
16412,23,109.11,3,45,0,0
16413,53,98.51,3,2,1,0
16414,42,69.91,5,4,0,0
16415,47,76.19,4,4,0,0
16416,49,53.05,6,60,1,1
16417,51,51.05,4,5,2,0
16418,60,119.99,4,12,0,0
16419,51,41.77,3,6,0,1
16420,32,93.1,1,2,1,0
16421,15,53.81,6,32,0,0
16422,35,49.83,5,8,0,0
16423,23,57.09,3,5,0,0
16424,1,41.48,5,13,0,0
16425,33,68.88,5,8,1,0
16426,34,71.1,3,1,3,0
16427,48,97.55,3,6,1,0
16428,40,83.58,4,11,0,0
16429,8,73.31,7,15,1,0
16430,6,81.51,6,17,0,0
16431,53,47.96,6,13,0,0
16432,57,43.49,4,17,3,0
16433,44,23.28,5,5,1,0
16434,56,60.45,3,18,0,0
16435,38,102.42,5,36,0,0
16436,42,39.21,2,10,0,0
16437,12,46.62,5,5,0,0
16438,53,41.39,4,4,1,0
16439,41,84.09,3,52,0,0
16440,10,55.71,7,6,0,0
16441,9,67.06,9,6,0,0
16442,25,71.28,5,0,0,0
16443,1,27.16,5,47,0,0
16444,13,78.54,5,3,1,0
16445,12,77.35,8,31,0,0
16446,3,45.01,6,75,0,1
16447,4,49.2,2,9,0,0
16448,27,37.0,5,16,2,1
16449,38,79.37,5,37,0,0
16450,38,139.52,2,5,1,0
16451,48,48.82,7,27,0,0
16452,35,51.65,4,4,0,0
16453,55,59.81,7,7,0,0
16454,17,48.81,8,23,1,0
16455,30,35.41,9,11,1,0
16456,4,52.19,8,47,0,0
16457,29,43.81,4,29,0,0
16458,48,119.18,7,22,1,1
16459,9,56.99,9,33,0,0
16460,48,86.27,3,16,0,0
16461,40,37.71,4,18,0,0
16462,24,64.21,5,12,0,0
16463,29,83.01,3,38,0,0
16464,55,147.36,6,9,0,0
16465,14,98.22,7,37,0,0
16466,43,67.27,4,16,2,0
16467,3,60.28,4,28,1,1
16468,43,65.89,11,6,1,0
16469,57,46.92,4,20,2,0
16470,17,119.23,5,5,1,0
16471,45,77.21,6,31,0,0
16472,22,70.2,6,7,1,0
16473,55,55.54,3,20,0,0
16474,60,40.65,2,5,0,0
16475,31,72.17,5,1,0,0
16476,1,45.76,2,55,2,1
16477,60,96.05,5,32,3,0
16478,55,31.4,9,4,3,1
16479,51,78.32,6,5,1,0
16480,55,71.21,7,18,0,0
16481,2,89.61,4,10,0,0
16482,40,140.75,7,6,1,0
16483,53,58.26,9,37,1,0
16484,51,49.38,4,12,1,0
16485,47,35.62,5,11,0,0
16486,56,49.88,3,4,0,0
16487,23,38.34,6,31,0,0
16488,55,45.22,3,5,1,0
16489,58,48.14,4,67,0,0
16490,1,41.9,3,50,0,0
16491,47,27.37,4,3,0,0
16492,26,53.09,3,25,0,0
16493,32,37.17,3,12,0,0
16494,28,84.56,4,22,0,0
16495,52,25.91,3,0,0,0
16496,2,75.04,7,31,0,0
16497,45,76.59,3,25,1,0
16498,55,82.07,7,4,0,0
16499,21,79.06,5,29,0,0
16500,16,61.32,5,63,0,1
16501,21,43.8,3,14,1,0
16502,35,40.67,4,24,0,0
16503,7,42.6,4,12,0,0
16504,58,42.99,9,18,1,0
16505,42,112.95,4,39,1,1
16506,5,49.43,5,24,0,0
16507,56,73.38,3,6,0,0
16508,39,48.57,2,39,2,0
16509,17,16.55,8,14,4,0
16510,49,39.85,4,14,0,0
16511,11,66.73,5,6,0,0
16512,33,73.15,4,4,1,0
16513,42,45.03,7,24,1,1
16514,15,22.64,3,44,0,0
16515,41,40.93,6,17,0,0
16516,7,70.62,7,10,0,0
16517,26,66.97,4,16,0,0
16518,31,84.76,4,21,0,0
16519,18,54.21,4,1,1,0
16520,19,27.8,7,11,1,0
16521,10,50.11,7,57,1,0
16522,43,67.24,6,16,0,0
16523,56,25.85,4,11,0,0
16524,55,45.44,3,7,0,0
16525,16,62.37,1,7,0,0
16526,10,60.57,4,15,0,0
16527,29,64.08,5,7,0,0
16528,28,37.05,5,39,2,0
16529,36,64.62,3,6,0,0
16530,37,68.54,3,40,0,0
16531,25,52.7,4,12,1,0
16532,5,47.47,2,25,0,0
16533,1,72.84,8,23,0,0
16534,4,131.29,2,7,0,0
16535,27,96.13,4,14,0,0
16536,17,67.67,8,2,1,0
16537,15,30.29,4,1,0,0
16538,54,82.58,9,24,0,0
16539,35,42.87,7,22,0,0
16540,54,64.43,2,3,0,0
16541,33,43.21,4,28,3,1
16542,46,50.22,6,25,0,0
16543,8,50.51,7,45,1,0
16544,55,70.44,1,33,0,0
16545,3,86.88,4,1,1,0
16546,11,56.17,4,8,0,0
16547,5,58.6,4,40,0,0
16548,33,79.09,7,14,0,0
16549,10,61.65,6,9,1,0
16550,12,36.82,5,3,0,0
16551,1,59.9,8,9,1,0
16552,35,81.65,7,4,0,0
16553,6,55.73,5,18,0,0
16554,55,28.51,1,4,0,0
16555,14,74.54,1,3,1,0
16556,19,76.97,3,14,0,0
16557,12,65.94,5,39,1,0
16558,48,68.12,5,29,0,0
16559,55,62.25,3,28,1,0
16560,19,55.36,7,54,0,0
16561,49,32.98,4,13,0,0
16562,43,54.95,6,28,0,0
16563,9,33.18,6,8,0,0
16564,26,116.62,5,4,1,0
16565,56,56.35,4,13,1,0
16566,9,37.49,3,23,0,0
16567,46,52.64,6,5,1,0
16568,26,45.04,3,74,0,1
16569,45,32.79,8,105,0,0
16570,55,70.8,3,1,1,0
16571,54,34.35,4,60,0,0
16572,12,32.29,7,17,1,0
16573,46,61.52,2,16,0,0
16574,3,53.77,4,14,1,0
16575,27,59.34,5,73,0,0
16576,23,72.64,6,9,1,0
16577,41,60.18,3,9,0,0
16578,54,41.94,3,38,0,0
16579,3,94.15,4,4,2,0
16580,15,47.68,3,15,1,0
16581,11,62.96,6,6,0,0
16582,6,51.74,7,1,1,0
16583,34,69.53,4,24,0,0
16584,43,51.08,6,13,0,0
16585,14,33.44,5,52,0,0
16586,57,102.48,6,13,0,0
16587,54,51.34,5,17,1,0
16588,25,48.52,6,5,0,0
16589,22,38.95,5,23,3,0
16590,12,38.56,4,6,1,0
16591,19,48.46,6,41,1,0
16592,18,90.12,5,26,0,0
16593,42,82.99,5,33,1,0
16594,25,51.64,7,1,0,0
16595,24,43.51,7,2,3,1
16596,58,135.51,3,33,1,0
16597,48,67.3,1,4,0,0
16598,50,116.85,5,14,0,0
16599,43,79.35,8,16,1,0
16600,9,55.34,6,4,0,0
16601,39,70.79,6,11,1,0
16602,30,41.48,3,14,0,0
16603,37,121.61,3,19,0,0
16604,14,56.0,4,15,0,0
16605,56,32.3,3,3,0,0
16606,10,79.23,7,12,1,0
16607,53,53.78,5,16,0,0
16608,7,70.92,3,20,0,0
16609,22,58.51,8,25,0,0
16610,3,38.44,3,29,0,0
16611,60,46.81,8,14,0,0
16612,25,59.63,5,15,3,0
16613,55,52.08,10,45,0,0
16614,21,70.31,8,19,1,0
16615,39,48.81,5,17,1,0
16616,31,60.47,7,10,1,0
16617,58,52.91,9,11,2,0
16618,40,65.51,3,2,1,0
16619,3,114.8,5,37,0,0
16620,14,66.44,3,7,2,0
16621,17,41.08,5,23,0,0
16622,11,47.31,9,18,1,0
16623,12,58.77,4,32,0,0
16624,2,36.37,6,4,0,0
16625,45,82.25,7,4,2,0
16626,50,58.01,3,11,0,0
16627,32,56.32,7,5,0,0
16628,44,61.96,2,8,1,0
16629,17,69.45,5,10,0,0
16630,45,56.41,4,50,0,0
16631,46,40.87,6,1,0,0
16632,8,59.29,4,13,0,0
16633,2,36.16,4,3,1,0
16634,13,41.43,4,29,0,0
16635,46,15.79,6,1,1,0
16636,37,32.12,5,39,0,0
16637,44,42.37,7,17,0,0
16638,12,57.25,8,29,0,0
16639,37,93.9,6,4,0,1
16640,40,29.54,5,8,1,0
16641,28,65.06,6,6,0,0
16642,45,30.54,4,12,0,0
16643,32,30.59,4,28,0,0
16644,52,94.45,6,21,0,0
16645,55,68.46,4,51,0,0
16646,35,93.62,5,8,0,0
16647,24,82.65,7,14,1,0
16648,31,29.87,4,26,0,0
16649,14,65.7,4,2,0,1
16650,58,68.45,9,16,0,0
16651,12,41.31,10,27,0,0
16652,42,56.89,8,3,0,0
16653,11,77.55,7,18,2,0
16654,49,95.86,8,1,0,0
16655,46,63.81,7,4,1,0
16656,14,47.29,2,8,1,1
16657,1,49.63,9,10,0,0
16658,35,59.84,5,30,0,0
16659,52,29.61,5,37,0,0
16660,21,58.3,6,29,0,0
16661,57,38.68,3,16,1,0
16662,31,65.29,6,1,0,1
16663,48,34.67,6,1,1,0
16664,25,45.98,5,31,0,0
16665,20,42.25,4,16,0,0
16666,19,23.31,9,18,0,0
16667,20,43.45,5,32,1,0
16668,17,58.86,4,43,0,0
16669,12,58.19,7,6,1,0
16670,31,42.71,4,4,0,0
16671,47,34.13,4,13,1,0
16672,33,57.44,9,15,0,0
16673,23,33.62,2,6,1,0
16674,8,45.76,8,55,1,0
16675,57,32.33,4,1,2,0
16676,1,51.6,6,4,0,0
16677,28,104.7,9,1,0,0
16678,9,43.44,4,30,1,0
16679,12,72.89,3,1,0,0
16680,10,41.01,5,9,1,0
16681,17,75.25,8,5,3,0
16682,37,60.26,3,7,0,0
16683,30,67.81,4,9,0,0
16684,31,83.43,7,36,1,0
16685,46,36.2,7,14,2,0
16686,5,51.23,7,27,0,0
16687,13,40.86,4,48,0,0
16688,14,64.6,3,2,1,0
16689,17,72.44,7,52,0,0
16690,25,38.19,5,2,0,0
16691,36,55.31,9,4,1,0
16692,12,42.09,5,21,1,0
16693,55,24.91,4,19,0,0
16694,28,48.12,3,12,0,0
16695,52,73.75,8,37,0,0
16696,42,34.17,5,72,0,0
16697,25,21.01,7,23,0,0
16698,5,51.47,6,34,0,0
16699,55,40.73,3,2,0,0
16700,22,43.76,4,13,0,0
16701,58,35.83,5,11,1,0
16702,47,99.88,4,23,1,1
16703,23,43.98,5,17,0,0
16704,40,77.44,4,7,1,0
16705,6,63.44,2,14,0,0
16706,29,52.4,6,4,0,0
16707,27,85.4,2,7,0,0
16708,38,61.4,2,9,0,0
16709,29,42.46,7,2,0,0
16710,44,29.02,2,35,0,0
16711,7,20.86,8,14,2,0
16712,50,108.24,8,10,1,0
16713,50,80.15,5,26,0,0
16714,44,63.16,6,15,0,0
16715,19,59.27,4,38,0,1
16716,39,41.86,7,19,1,0
16717,36,56.57,4,35,0,1
16718,19,48.36,4,30,0,0
16719,6,57.41,6,5,0,0
16720,3,43.37,4,40,1,0
16721,50,18.45,5,15,1,0
16722,40,99.39,3,10,0,0
16723,29,41.17,7,15,1,0
16724,7,61.64,6,25,1,0
16725,58,47.65,7,1,1,0
16726,46,36.68,3,15,1,0
16727,57,26.01,5,26,0,0
16728,55,26.88,8,35,0,0
16729,34,86.31,3,11,1,0
16730,43,57.71,2,17,1,0
16731,54,35.22,6,39,0,0
16732,21,29.09,8,13,1,0
16733,59,38.46,3,40,1,1
16734,12,33.14,3,96,0,1
16735,13,69.5,9,43,0,0
16736,27,56.92,4,27,0,0
16737,28,55.86,6,9,0,0
16738,44,66.56,8,27,0,0
16739,9,89.94,3,3,0,1
16740,48,34.28,5,10,2,0
16741,2,32.56,4,50,1,0
16742,57,70.27,5,21,0,0
16743,55,52.02,4,18,0,0
16744,18,105.57,5,5,2,0
16745,14,43.0,3,15,0,0
16746,26,75.31,5,31,0,0
16747,5,47.38,10,24,1,0
16748,59,48.03,3,5,0,0
16749,47,35.06,6,9,0,0
16750,19,104.07,6,7,1,0
16751,13,37.93,4,2,0,0
16752,15,30.15,3,7,0,0
16753,31,41.28,3,0,0,0
16754,4,35.87,3,48,1,1
16755,53,62.85,4,19,0,0
16756,58,33.32,4,1,0,0
16757,18,56.83,3,15,1,0
16758,34,103.89,8,44,0,0
16759,59,68.58,4,5,2,0
16760,17,66.25,5,17,1,1
16761,26,52.91,7,16,1,0
16762,37,71.05,8,23,0,1
16763,22,92.49,4,5,0,0
16764,46,23.12,3,12,0,0
16765,50,33.04,10,8,1,0
16766,47,64.87,4,2,2,0
16767,23,92.42,5,49,1,1
16768,7,81.38,3,11,0,0
16769,3,110.02,4,22,0,0
16770,13,62.28,5,16,0,0
16771,51,56.0,4,4,2,0
16772,3,85.4,2,71,0,1
16773,7,75.84,1,1,1,1
16774,8,85.23,4,48,1,1
16775,48,25.25,5,4,0,0
16776,12,43.4,5,41,1,0
16777,6,54.37,4,10,0,0
16778,10,44.71,5,2,1,0
16779,39,97.6,5,13,0,0
16780,49,35.44,4,42,0,0
16781,43,101.64,4,1,1,0
16782,30,28.32,2,19,1,0
16783,59,40.44,6,11,1,0
16784,8,53.14,2,19,1,0
16785,45,81.65,7,19,1,0
16786,32,38.63,3,46,1,0
16787,1,29.61,6,54,0,0
16788,29,55.17,4,64,1,0
16789,16,49.99,5,42,0,0
16790,49,58.74,5,16,0,0
16791,18,42.21,5,35,1,0
16792,48,37.06,9,0,0,0
16793,20,45.75,5,4,1,0
16794,12,43.85,3,33,0,0
16795,36,40.53,6,6,3,0
16796,5,46.69,7,22,0,0
16797,33,48.32,5,17,0,0
16798,11,27.62,4,10,0,0
16799,28,49.61,3,13,0,0
16800,4,29.36,4,27,0,0
16801,23,78.06,6,61,1,0
16802,23,40.54,5,3,0,0
16803,17,64.0,3,3,0,0
16804,21,53.1,2,89,0,1
16805,4,52.23,6,34,0,0
16806,30,39.54,4,0,1,0
16807,7,54.33,6,55,1,0
16808,1,71.47,5,51,0,0
16809,11,47.67,4,12,0,0
16810,35,54.6,5,14,1,0
16811,48,69.57,5,20,0,0
16812,13,53.05,3,2,0,1
16813,37,34.06,4,6,1,0
16814,19,88.75,3,2,1,0
16815,14,109.68,4,19,0,0
16816,33,64.21,5,9,1,0
16817,5,57.73,5,58,0,1
16818,44,36.23,3,3,0,0
16819,18,46.04,4,47,1,0
16820,24,41.56,5,8,0,0
16821,47,115.05,6,2,0,0
16822,39,58.76,3,39,1,0
16823,10,49.34,3,3,1,0
16824,18,25.85,7,4,0,0
16825,25,39.11,6,17,0,0
16826,59,92.28,4,4,0,0
16827,15,46.95,7,16,1,0
16828,50,35.88,8,7,1,0
16829,2,49.64,5,26,0,0
16830,33,93.84,4,20,1,0
16831,35,57.81,8,18,0,0
16832,14,64.23,3,6,0,0
16833,54,46.81,5,7,0,0
16834,35,50.98,8,6,1,0
16835,21,79.35,3,4,0,0
16836,52,60.52,4,16,2,1
16837,22,34.82,3,6,1,0
16838,19,51.36,5,26,0,0
16839,37,80.78,10,26,0,0
16840,56,37.1,12,14,1,0
16841,11,62.35,6,20,0,0
16842,43,22.76,8,8,1,0
16843,38,41.28,12,17,0,0
16844,12,31.1,4,6,1,0
16845,55,63.88,6,39,1,1
16846,54,62.18,6,19,0,0
16847,48,64.87,5,17,0,0
16848,15,39.21,2,42,0,0
16849,8,50.98,6,51,0,0
16850,41,65.95,4,4,1,0
16851,30,33.41,7,11,0,0
16852,47,91.7,7,25,0,0
16853,19,46.87,2,4,0,0
16854,22,44.72,6,3,0,0
16855,18,40.79,8,44,0,0
16856,42,58.73,7,14,0,0
16857,49,48.02,6,25,1,0
16858,58,46.08,2,17,1,0
16859,45,90.13,7,27,0,0
16860,45,71.76,3,38,0,0
16861,49,73.02,5,13,0,0
16862,56,37.76,5,10,1,0
16863,60,36.33,3,7,0,0
16864,24,69.47,3,17,0,0
16865,10,36.66,4,8,1,0
16866,54,62.46,3,25,1,0
16867,26,71.63,2,0,1,0
16868,26,47.0,6,128,1,1
16869,22,100.32,4,122,1,1
16870,58,55.85,4,4,1,0
16871,47,32.43,1,9,0,0
16872,16,48.84,3,29,0,0
16873,22,59.12,4,31,0,0
16874,27,32.82,6,0,0,0
16875,28,60.11,3,76,1,1
16876,44,76.62,5,3,0,0
16877,28,38.15,6,12,0,0
16878,23,48.91,4,24,3,0
16879,1,88.17,4,19,0,0
16880,41,50.85,6,17,0,0
16881,13,47.2,5,43,1,0
16882,58,65.22,5,20,0,0
16883,48,34.14,6,6,1,0
16884,24,40.98,4,18,0,0
16885,31,106.73,5,12,1,1
16886,16,54.16,5,30,0,0
16887,22,54.69,7,55,0,0
16888,56,107.0,7,35,1,0
16889,43,27.94,6,17,1,0
16890,16,42.79,7,5,0,0
16891,55,66.34,6,54,1,1
16892,24,46.83,3,34,1,1
16893,44,58.23,2,66,2,0
16894,7,56.66,4,0,0,0
16895,18,51.76,5,4,0,0
16896,36,47.51,7,42,0,0
16897,10,75.28,4,25,1,1
16898,60,35.02,4,12,0,0
16899,60,30.04,4,71,0,0
16900,10,39.08,5,8,1,0
16901,41,39.5,3,8,2,0
16902,43,38.17,8,13,0,0
16903,12,32.95,3,37,0,1
16904,13,64.36,5,34,1,0
16905,26,70.56,2,11,0,0
16906,54,59.78,6,8,0,0
16907,22,64.87,8,15,0,0
16908,19,71.19,7,22,2,1
16909,10,50.47,4,4,0,0
16910,12,48.65,8,3,0,0
16911,43,70.49,5,39,0,0
16912,41,54.57,5,4,0,0
16913,8,31.33,5,17,0,1
16914,22,57.01,5,3,1,0
16915,49,78.06,4,4,1,0
16916,57,57.03,1,27,1,1
16917,17,51.66,3,4,1,0
16918,40,26.95,4,37,0,0
16919,30,68.54,3,8,1,0
16920,28,37.58,1,10,0,0
16921,16,74.43,6,17,0,0
16922,4,58.25,4,21,0,0
16923,16,93.81,5,1,2,0
16924,12,72.5,2,16,1,0
16925,28,58.0,6,25,0,0
16926,35,56.8,9,12,0,0
16927,14,56.61,3,4,0,0
16928,29,40.95,6,1,0,1
16929,8,121.41,4,24,1,0
16930,14,43.11,9,4,1,0
16931,5,62.41,5,23,0,0
16932,57,43.25,3,0,0,0
16933,44,44.23,4,46,1,1
16934,14,52.08,3,12,0,0
16935,53,88.23,9,74,1,0
16936,7,70.46,5,5,0,0
16937,18,56.83,4,44,0,0
16938,37,102.79,7,41,0,0
16939,49,29.06,6,16,0,0
16940,39,70.05,5,31,0,0
16941,35,25.83,6,27,1,0
16942,33,43.78,5,42,0,1
16943,11,56.67,10,21,1,0
16944,27,51.95,2,62,2,0
16945,53,45.4,3,8,1,0
16946,60,49.06,8,9,0,0
16947,2,40.35,5,0,0,0
16948,56,42.36,3,19,1,0
16949,46,71.46,8,6,0,0
16950,59,82.64,3,24,0,0
16951,41,169.22,4,14,0,0
16952,45,41.84,7,10,1,0
16953,17,38.87,5,1,0,0
16954,58,40.45,8,21,0,0
16955,21,104.83,5,5,0,0
16956,49,40.49,4,35,0,1
16957,33,57.13,5,31,1,0
16958,56,35.15,10,18,1,0
16959,33,88.33,7,7,1,0
16960,30,87.87,4,1,0,0
16961,59,70.61,4,7,0,0
16962,32,68.7,3,59,1,0
16963,47,47.84,3,20,0,0
16964,46,41.58,4,33,0,0
16965,20,55.72,4,20,1,0
16966,29,76.5,6,2,0,0
16967,35,60.96,7,7,0,0
16968,29,31.69,2,12,2,0
16969,2,58.97,7,10,0,0
16970,3,65.5,6,4,0,0
16971,36,39.33,10,22,0,0
16972,31,61.63,3,9,0,0
16973,49,25.32,5,7,0,0
16974,56,118.98,4,6,1,0
16975,58,38.3,2,28,0,1
16976,35,133.74,8,0,1,0
16977,17,28.7,3,40,1,0
16978,39,79.1,11,15,1,0
16979,53,54.07,7,33,0,1
16980,43,70.39,6,3,1,0
16981,21,134.0,7,46,0,0
16982,59,41.55,9,11,1,0
16983,26,69.02,5,76,1,1
16984,36,39.64,7,42,0,1
16985,52,32.63,3,57,1,0
16986,46,57.74,4,4,1,0
16987,54,47.47,3,2,1,0
16988,19,43.43,5,10,2,0
16989,37,48.45,4,23,0,0
16990,14,45.01,4,0,1,0
16991,42,74.17,3,33,0,0
16992,58,114.41,5,79,2,1
16993,8,81.07,6,11,1,1
16994,1,47.27,5,9,0,0
16995,28,91.76,4,0,0,0
16996,29,36.22,5,14,0,0
16997,7,43.22,7,83,0,0
16998,36,54.22,9,8,0,0
16999,28,34.2,4,17,0,0
17000,24,50.81,3,5,0,0
17001,45,53.04,1,3,0,0
17002,17,25.77,3,16,3,1
17003,34,105.34,10,12,1,0
17004,53,34.99,3,8,1,0
17005,54,26.64,5,11,1,0
17006,48,53.5,7,11,0,0
17007,27,65.62,5,15,1,0
17008,16,39.41,4,20,0,0
17009,28,68.92,5,36,0,0
17010,55,155.91,6,20,0,0
17011,12,64.22,5,47,2,0
17012,9,43.58,3,28,0,0
17013,37,102.18,10,15,3,0
17014,22,37.56,7,25,0,0
17015,54,36.33,5,28,1,1
17016,13,58.99,7,19,0,0
17017,26,43.58,7,9,0,0
17018,5,41.33,2,9,0,0
17019,18,27.79,6,7,1,1
17020,35,24.19,10,14,0,0
17021,8,57.54,2,6,0,0
17022,52,31.74,9,14,0,0
17023,7,48.82,5,21,3,0
17024,4,36.08,3,4,1,0
17025,38,48.92,5,11,1,0
17026,56,42.34,4,27,1,0
17027,45,79.66,4,19,1,0
17028,24,65.98,11,1,0,0
17029,10,51.8,4,22,1,0
17030,31,113.35,3,14,0,0
17031,34,79.32,6,42,1,1
17032,43,36.15,11,56,0,0
17033,56,72.92,5,17,0,0
17034,14,39.07,6,36,0,0
17035,36,40.13,4,77,0,0
17036,54,64.34,5,28,1,0
17037,28,102.6,7,8,1,0
17038,23,71.5,4,7,0,0
17039,22,87.28,3,28,1,0
17040,32,57.32,6,16,1,0
17041,46,39.73,3,18,0,0
17042,26,64.11,7,5,0,0
17043,18,42.81,4,47,0,1
17044,6,75.07,1,6,0,0
17045,1,61.78,7,4,1,0
17046,21,98.75,4,23,1,0
17047,55,66.32,8,21,0,0
17048,33,42.99,3,20,1,1
17049,24,88.87,7,16,0,0
17050,19,52.64,5,6,2,0
17051,7,41.74,7,13,2,0
17052,29,46.82,4,16,0,0
17053,13,51.25,7,3,0,0
17054,36,27.1,7,1,0,0
17055,2,59.05,8,56,0,0
17056,4,44.37,6,7,0,0
17057,48,55.49,11,9,0,0
17058,30,46.14,4,11,0,0
17059,13,74.72,6,5,0,0
17060,24,63.73,8,1,3,0
17061,12,44.34,8,78,1,0
17062,42,38.63,5,26,1,0
17063,18,42.61,6,0,0,0
17064,28,118.47,2,35,0,0
17065,31,56.97,10,11,1,1
17066,34,35.34,5,17,0,0
17067,42,96.61,5,11,0,0
17068,58,90.07,4,26,0,0
17069,1,105.19,7,79,1,1
17070,31,59.97,3,3,1,0
17071,46,46.73,5,19,0,0
17072,12,38.72,8,2,0,0
17073,49,46.89,2,12,1,0
17074,29,36.86,5,39,1,0
17075,41,79.11,4,1,0,1
17076,57,100.45,4,39,0,0
17077,26,95.87,5,41,0,1
17078,4,31.06,5,35,0,0
17079,21,46.12,6,4,0,0
17080,53,65.23,5,33,1,0
17081,18,47.15,5,32,1,0
17082,34,94.59,6,16,0,0
17083,22,44.9,3,7,1,0
17084,12,50.19,1,14,0,0
17085,9,39.37,5,10,2,0
17086,52,49.42,3,8,0,0
17087,56,50.66,6,23,0,0
17088,52,36.09,5,15,0,0
17089,51,46.09,4,26,0,0
17090,39,59.77,2,8,0,0
17091,5,94.98,10,72,1,0
17092,34,49.12,6,15,0,0
17093,6,45.24,4,3,0,0
17094,18,38.29,5,1,0,0
17095,7,68.32,7,83,0,0
17096,60,41.26,8,15,0,0
17097,14,32.14,7,1,1,0
17098,37,60.53,8,15,2,0
17099,9,27.24,4,2,0,0
17100,38,93.5,4,15,1,0
17101,54,42.32,3,25,2,0
17102,44,64.07,5,12,2,0
17103,50,64.31,4,34,0,0
17104,27,31.58,6,0,0,0
17105,21,64.3,7,4,0,0
17106,22,49.81,3,12,0,0
17107,19,46.46,2,19,2,0
17108,7,27.59,3,6,0,0
17109,10,75.4,5,25,1,0
17110,12,101.13,4,18,1,1
17111,5,60.78,6,10,0,0
17112,38,29.38,5,26,1,0
17113,42,62.9,2,11,0,0
17114,50,39.02,10,3,2,0
17115,52,38.47,5,5,1,1
17116,57,36.93,3,7,0,0
17117,13,61.48,10,9,0,0
17118,60,56.24,8,31,2,0
17119,6,51.4,4,27,1,0
17120,5,65.72,4,47,1,0
17121,38,38.84,3,21,0,0
17122,42,45.77,7,45,2,0
17123,30,34.85,3,9,0,0
17124,45,33.59,3,22,1,0
17125,1,41.33,5,0,0,0
17126,55,29.0,5,8,0,0
17127,3,44.81,4,7,0,0
17128,17,62.24,5,11,0,0
17129,16,62.37,4,24,2,0
17130,55,49.71,6,5,1,0
17131,6,43.25,9,0,0,0
17132,22,43.43,8,0,0,0
17133,5,86.41,4,42,1,0
17134,19,74.19,4,1,0,0
17135,12,48.29,5,10,2,0
17136,6,127.88,4,4,0,0
17137,23,52.42,6,1,1,0
17138,58,74.99,8,7,0,0
17139,24,65.04,4,2,0,0
17140,13,28.51,7,25,1,0
17141,39,34.78,4,2,0,0
17142,21,81.44,4,42,0,0
17143,38,42.36,5,32,1,0
17144,8,61.25,6,8,0,0
17145,43,46.67,4,46,1,0
17146,31,73.28,6,19,1,0
17147,35,25.08,5,6,0,0
17148,19,60.91,3,45,0,1
17149,4,53.25,3,75,0,1
17150,36,42.57,4,8,0,0
17151,8,46.69,3,26,1,0
17152,7,92.4,5,3,2,0
17153,3,78.29,4,3,1,0
17154,56,96.09,5,7,0,0
17155,1,45.03,6,8,0,0
17156,5,42.31,7,4,0,0
17157,30,21.8,3,15,0,0
17158,38,29.95,4,9,0,0
17159,60,58.88,4,11,0,0
17160,58,84.47,8,6,0,0
17161,22,39.83,2,1,0,0
17162,52,30.81,4,11,0,0
17163,2,76.5,7,33,0,1
17164,45,52.53,5,13,1,0
17165,27,29.22,4,12,2,1
17166,39,39.22,2,3,0,0
17167,1,115.8,5,11,1,0
17168,57,48.0,2,34,1,0
17169,56,64.93,6,17,0,0
17170,34,22.49,5,20,0,0
17171,7,62.15,12,71,1,0
17172,49,56.34,6,5,0,0
17173,31,24.12,6,19,1,0
17174,28,47.89,4,13,0,0
17175,40,46.44,8,27,0,0
17176,41,52.79,5,50,0,0
17177,39,50.61,6,1,1,0
17178,39,32.03,3,15,0,0
17179,13,74.3,2,24,1,0
17180,36,43.3,7,10,0,0
17181,54,43.54,2,39,0,0
17182,5,71.67,3,10,0,0
17183,10,74.87,1,6,2,0
17184,8,89.78,8,9,0,0
17185,46,50.18,6,3,1,0
17186,36,40.37,4,5,0,0
17187,28,60.69,3,7,1,0
17188,55,90.96,1,53,0,0
17189,18,37.87,5,44,0,1
17190,14,37.21,9,14,0,0
17191,40,47.34,6,10,1,0
17192,58,81.29,8,18,1,0
17193,17,21.93,5,1,0,0
17194,8,87.77,12,26,0,0
17195,43,39.67,3,1,2,0
17196,20,90.54,5,19,1,1
17197,40,28.21,5,9,1,0
17198,47,57.54,3,151,1,1
17199,13,46.95,2,30,0,0
17200,39,51.9,3,3,0,0
17201,12,81.16,4,97,0,1
17202,56,80.93,5,26,2,0
17203,54,130.25,6,5,1,0
17204,38,101.79,3,3,0,0
17205,53,93.85,5,19,0,0
17206,34,56.96,3,3,0,0
17207,17,40.45,6,28,0,0
17208,26,57.77,1,8,0,0
17209,41,57.48,5,10,0,0
17210,3,88.82,3,32,1,0
17211,41,38.49,3,5,0,0
17212,60,72.23,5,5,1,0
17213,35,46.73,6,4,1,0
17214,58,49.96,4,15,0,0
17215,48,59.05,4,13,0,0
17216,54,59.07,7,30,2,0
17217,31,84.17,3,3,0,0
17218,28,23.46,2,20,0,0
17219,52,47.87,3,6,1,1
17220,42,32.47,8,21,0,0
17221,54,54.71,7,14,1,0
17222,33,85.23,3,13,0,0
17223,15,56.66,6,2,0,0
17224,23,48.58,5,7,1,0
17225,42,51.33,3,42,0,0
17226,1,98.62,5,4,0,0
17227,12,34.82,3,6,0,0
17228,32,51.1,7,12,1,0
17229,32,39.61,8,3,0,0
17230,29,52.94,5,15,1,0
17231,14,85.77,4,44,0,0
17232,51,37.87,6,12,0,0
17233,51,45.63,5,10,0,0
17234,1,31.25,8,13,0,0
17235,47,47.17,2,36,0,0
17236,54,31.6,7,11,1,0
17237,25,52.51,6,1,0,0
17238,51,75.32,10,8,0,0
17239,18,53.93,9,21,1,0
17240,20,41.51,3,6,0,0
17241,6,52.44,6,11,0,0
17242,38,33.63,4,2,0,0
17243,44,36.96,2,27,0,0
17244,18,50.82,3,39,0,0
17245,4,127.92,6,17,1,0
17246,46,51.22,4,17,2,0
17247,57,72.76,6,17,0,0
17248,58,50.87,5,14,2,0
17249,32,91.14,3,59,0,0
17250,26,57.45,6,19,1,0
17251,53,57.19,6,2,0,0
17252,3,87.97,5,24,0,0
17253,60,29.09,5,36,0,1
17254,4,82.99,7,8,0,0
17255,48,71.95,8,2,0,0
17256,33,59.96,3,5,0,0
17257,13,64.09,3,30,1,1
17258,1,59.13,4,47,1,1
17259,59,32.35,7,16,0,0
17260,18,20.97,3,7,2,0
17261,15,62.19,3,14,0,0
17262,8,100.84,3,23,0,1
17263,15,57.75,7,54,0,0
17264,5,27.8,4,51,0,0
17265,14,34.43,4,3,0,0
17266,59,52.69,4,23,0,0
17267,51,109.4,7,56,0,0
17268,53,53.34,4,6,1,0
17269,46,60.36,5,2,1,0
17270,12,41.58,6,39,0,0
17271,24,42.44,5,9,0,0
17272,37,35.66,3,5,0,0
17273,41,95.83,2,12,0,0
17274,24,57.62,4,23,0,0
17275,49,66.65,2,4,0,0
17276,34,28.88,8,15,0,0
17277,5,40.94,7,1,0,0
17278,3,39.92,4,7,0,0
17279,44,65.45,5,15,0,0
17280,18,38.82,4,24,1,0
17281,57,31.0,5,13,1,0
17282,35,81.41,3,21,0,0
17283,10,41.89,3,0,1,0
17284,12,83.91,2,2,0,0
17285,21,42.41,5,4,1,0
17286,53,61.65,5,5,0,0
17287,11,56.91,5,2,0,0
17288,48,50.37,2,6,0,0
17289,59,27.82,3,10,0,0
17290,24,44.72,2,23,0,0
17291,41,63.4,4,35,0,0
17292,55,38.39,7,15,0,0
17293,27,50.71,5,1,0,0
17294,31,65.8,4,37,0,0
17295,27,59.88,7,1,0,0
17296,9,66.75,4,5,0,0
17297,25,54.75,7,29,1,0
17298,1,23.07,6,24,0,0
17299,10,44.59,8,19,1,0
17300,53,28.69,4,87,0,0
17301,8,52.7,2,4,0,0
17302,51,69.02,6,6,1,0
17303,4,85.22,2,55,0,1
17304,49,74.9,5,41,0,0
17305,41,69.75,8,9,0,0
17306,49,49.28,4,10,0,0
17307,19,56.87,6,9,2,0
17308,42,79.21,6,6,0,0
17309,43,98.44,6,52,0,0
17310,46,62.49,3,76,0,1
17311,43,59.38,6,3,1,0
17312,13,74.02,3,33,0,0
17313,28,78.46,5,72,0,0
17314,59,102.56,5,57,1,0
17315,56,44.16,4,3,1,0
17316,4,46.03,9,8,0,0
17317,33,73.76,4,15,1,0
17318,58,35.15,4,2,1,0
17319,57,78.84,5,2,1,0
17320,11,76.31,3,6,0,0
17321,22,40.68,6,8,0,0
17322,38,77.45,6,6,1,0
17323,6,48.93,9,5,1,0
17324,43,62.48,3,5,0,0
17325,59,95.17,8,7,1,0
17326,22,49.59,7,15,0,0
17327,42,51.02,5,18,1,0
17328,51,80.04,8,24,1,0
17329,18,90.51,7,23,3,0
17330,13,46.05,7,7,2,0
17331,31,32.02,3,6,0,0
17332,31,118.31,3,2,0,0
17333,60,95.84,6,6,0,0
17334,36,30.7,8,4,0,0
17335,37,54.92,6,12,0,0
17336,32,107.43,5,4,2,0
17337,6,87.58,3,2,0,0
17338,56,114.05,6,34,0,0
17339,60,47.07,2,5,2,0
17340,27,56.67,2,21,1,0
17341,46,22.22,5,16,1,0
17342,35,72.62,7,3,1,0
17343,5,65.74,8,5,1,0
17344,43,95.67,2,0,0,0
17345,57,78.71,5,31,1,0
17346,7,79.23,10,19,0,0
17347,10,54.48,4,26,0,0
17348,41,45.46,3,14,0,0
17349,44,56.11,7,14,1,0
17350,34,52.45,2,10,1,0
17351,55,72.55,4,5,0,1
17352,34,39.86,6,22,0,0
17353,19,67.57,4,8,1,0
17354,50,98.56,8,7,0,0
17355,28,45.24,3,20,0,0
17356,32,53.9,6,22,0,0
17357,29,42.44,4,14,1,0
17358,3,40.98,6,125,1,1
17359,32,45.04,4,2,0,0
17360,30,40.9,5,44,0,0
17361,22,59.54,3,26,1,0
17362,4,40.05,4,31,1,1
17363,55,35.85,6,4,0,0
17364,24,81.66,8,6,0,0
17365,14,58.11,5,4,1,0
17366,46,39.45,9,54,1,0
17367,6,59.11,2,10,0,0
17368,34,104.03,6,115,0,1
17369,38,118.81,6,18,1,0
17370,24,90.85,7,38,1,0
17371,16,93.83,8,39,0,0
17372,38,89.92,6,21,0,0
17373,51,47.69,9,5,1,0
17374,50,111.56,4,83,0,1
17375,58,61.02,4,45,0,0
17376,1,40.31,4,56,1,1
17377,33,40.79,5,15,0,0
17378,22,49.61,2,5,1,0
17379,6,68.8,6,33,1,0
17380,52,61.18,3,13,0,0
17381,60,39.67,10,15,0,0
17382,58,24.97,4,18,1,0
17383,43,122.62,7,8,0,0
17384,21,68.34,6,20,0,0
17385,59,94.75,6,10,2,0
17386,44,50.69,2,23,0,0
17387,59,48.3,5,18,1,0
17388,34,72.91,5,27,0,1
17389,30,51.72,7,53,0,0
17390,51,50.69,6,21,0,0
17391,47,66.85,7,1,1,0
17392,10,25.22,6,0,0,0
17393,51,84.82,5,6,1,0
17394,51,37.51,2,4,0,0
17395,47,43.51,6,24,0,0
17396,15,39.23,5,100,1,1
17397,12,40.04,2,24,0,0
17398,13,48.41,4,0,0,0
17399,15,71.75,9,80,1,0
17400,29,76.53,8,6,1,0
17401,28,60.81,6,10,1,0
17402,35,61.02,6,45,1,0
17403,30,39.96,6,9,1,0
17404,38,49.02,9,2,1,0
17405,37,77.82,2,15,1,0
17406,8,52.5,7,18,1,0
17407,49,101.18,6,2,0,0
17408,18,31.39,5,55,0,0
17409,7,134.93,6,24,1,0
17410,13,60.72,6,15,0,0
17411,32,43.07,4,20,0,0
17412,7,45.91,1,23,0,0
17413,57,36.96,6,43,1,0
17414,17,41.86,7,21,0,0
17415,33,60.64,3,2,0,0
17416,44,73.73,5,30,0,0
17417,58,60.07,5,37,1,1
17418,33,89.21,8,9,0,0
17419,30,31.81,4,44,0,0
17420,22,66.52,6,31,0,0
17421,53,69.5,6,8,1,0
17422,10,80.96,6,19,0,0
17423,10,28.74,3,9,1,0
17424,21,49.0,5,74,0,0
17425,49,44.69,7,15,0,0
17426,24,57.15,6,43,1,0
17427,6,44.37,6,22,0,1
17428,46,49.38,7,4,0,0
17429,31,48.18,5,46,0,0
17430,60,35.98,4,7,0,0
17431,5,50.45,6,21,0,0
17432,45,49.21,1,10,1,0
17433,46,53.57,6,2,0,0
17434,35,35.82,6,47,0,0
17435,18,78.28,5,14,0,0
17436,45,67.31,4,3,1,0
17437,11,99.65,5,5,0,0
17438,54,30.78,4,2,1,0
17439,39,59.33,5,3,0,0
17440,40,151.56,6,15,0,0
17441,21,71.57,4,7,0,0
17442,54,55.69,5,8,1,0
17443,53,38.11,3,8,1,0
17444,25,34.97,4,18,1,0
17445,12,31.6,5,87,0,1
17446,33,61.52,3,6,0,0
17447,41,43.85,4,6,1,0
17448,34,35.71,6,4,0,0
17449,52,48.09,2,54,0,1
17450,38,63.97,4,16,0,0
17451,7,42.58,2,3,0,0
17452,41,25.35,4,34,1,0
17453,22,39.72,6,10,1,0
17454,57,97.68,4,67,0,1
17455,42,67.84,5,17,1,0
17456,11,47.43,4,1,0,0
17457,12,54.7,5,9,0,0
17458,49,61.37,7,88,0,1
17459,33,57.74,7,6,1,0
17460,13,75.3,5,6,1,0
17461,7,97.5,6,2,1,0
17462,46,59.76,3,8,0,0
17463,3,65.09,12,5,0,0
17464,13,46.59,9,10,0,0
17465,15,86.6,8,8,1,0
17466,49,90.05,9,10,1,0
17467,59,45.73,2,58,1,0
17468,53,79.99,6,16,1,0
17469,10,106.03,9,9,0,0
17470,58,73.97,7,13,0,0
17471,13,80.85,8,11,2,0
17472,51,30.29,4,1,1,0
17473,10,68.41,2,11,0,0
17474,25,55.15,3,5,0,0
17475,31,66.8,7,19,2,0
17476,7,26.25,5,18,1,0
17477,15,29.02,4,10,2,0
17478,8,19.3,8,72,0,1
17479,56,58.89,7,1,0,0
17480,59,41.97,1,32,1,0
17481,17,38.51,4,26,1,0
17482,59,53.89,7,31,0,0
17483,57,47.0,3,18,1,0
17484,25,60.69,8,13,1,0
17485,52,52.52,6,49,0,0
17486,44,44.13,6,8,0,0
17487,5,46.59,7,1,0,0
17488,53,123.83,7,1,0,0
17489,18,140.55,3,18,3,0
17490,36,62.97,7,48,3,1
17491,25,56.72,2,29,0,0
17492,15,47.91,3,20,0,0
17493,50,55.11,1,4,1,0
17494,13,78.77,7,13,0,0
17495,4,79.27,5,2,0,0
17496,26,92.33,5,28,1,0
17497,44,40.1,4,46,0,0
17498,25,52.77,4,10,0,0
17499,9,50.94,6,32,1,0
17500,26,88.33,7,7,1,0
17501,3,39.95,5,6,0,0
17502,37,79.36,4,49,1,0
17503,47,37.03,3,4,0,0
17504,12,31.31,5,1,1,0
17505,11,39.04,4,13,0,0
17506,30,45.13,6,10,1,0
17507,33,61.69,4,8,0,0
17508,44,37.46,5,11,1,0
17509,32,48.31,4,21,0,0
17510,60,61.87,6,33,0,0
17511,3,106.35,3,6,0,0
17512,25,109.61,5,8,1,0
17513,52,27.56,8,39,1,0
17514,59,57.47,4,84,0,0
17515,23,39.49,5,24,0,0
17516,39,30.34,6,4,0,0
17517,21,68.77,9,10,0,0
17518,47,31.91,4,16,0,0
17519,37,96.83,2,5,0,0
17520,53,62.85,6,39,0,0
17521,52,86.33,5,8,0,0
17522,8,51.21,5,3,0,0
17523,25,110.63,3,50,0,0
17524,60,112.66,5,18,0,0
17525,19,52.75,4,41,1,1
17526,19,50.25,5,0,0,0
17527,17,76.54,5,124,1,0
17528,44,39.27,5,2,1,0
17529,48,85.21,6,2,0,0
17530,47,60.63,8,11,0,0
17531,21,51.4,3,58,1,1
17532,16,32.51,5,28,0,0
17533,55,59.69,5,15,1,0
17534,42,31.03,2,17,0,0
17535,18,97.87,5,2,0,0
17536,6,40.39,5,29,1,0
17537,47,56.41,5,5,0,0
17538,41,59.51,6,6,0,0
17539,36,43.42,7,9,1,0
17540,44,106.23,2,10,1,0
17541,34,73.66,3,13,0,0
17542,35,49.38,1,7,0,0
17543,17,43.15,6,28,0,0
17544,53,42.91,6,2,3,0
17545,13,90.1,3,21,0,0
17546,32,95.27,6,9,0,0
17547,24,46.66,3,4,1,0
17548,48,66.67,4,30,0,0
17549,31,67.79,6,24,1,0
17550,47,97.12,5,63,0,1
17551,1,93.99,6,38,0,0
17552,30,50.54,6,12,0,0
17553,14,85.17,6,4,0,0
17554,2,82.12,9,14,0,0
17555,52,55.69,5,71,0,0
17556,16,43.35,4,0,1,0
17557,4,32.87,3,2,1,1
17558,58,120.77,4,2,2,0
17559,33,71.49,5,1,2,0
17560,4,89.76,9,36,1,0
17561,10,30.33,3,1,1,0
17562,2,53.82,6,20,0,0
17563,13,66.2,7,18,0,0
17564,55,56.2,4,22,2,0
17565,24,48.06,4,65,1,1
17566,3,64.62,3,23,0,0
17567,12,38.04,3,21,1,0
17568,28,57.68,6,8,0,0
17569,13,48.65,5,20,0,0
17570,8,132.88,5,26,0,0
17571,56,44.28,5,75,0,0
17572,57,78.34,7,11,0,0
17573,36,47.91,5,4,0,0
17574,44,54.59,3,6,0,0
17575,23,38.21,4,1,0,0
17576,52,70.97,9,99,1,1
17577,19,39.48,6,7,1,0
17578,46,25.22,5,40,1,0
17579,1,82.44,3,39,0,0
17580,1,43.04,7,2,0,0
17581,1,98.56,6,30,1,0
17582,9,46.58,4,1,1,0
17583,15,45.79,2,6,0,0
17584,51,38.75,7,89,0,0
17585,5,64.84,3,35,0,0
17586,20,39.06,4,10,0,0
17587,1,67.34,3,15,0,0
17588,9,65.02,5,39,0,1
17589,44,43.24,3,12,0,0
17590,27,56.17,8,27,0,0
17591,29,43.69,4,6,1,0
17592,38,59.25,5,29,0,1
17593,42,81.68,6,23,0,0
17594,21,71.3,5,29,0,0
17595,22,36.74,7,6,1,0
17596,59,33.77,5,100,0,1
17597,10,56.83,7,5,0,0
17598,41,87.93,7,14,0,0
17599,4,55.18,3,22,1,0
17600,11,70.2,5,1,1,0
17601,33,34.77,5,42,1,0
17602,7,39.34,3,28,2,0
17603,54,51.42,4,12,0,0
17604,52,44.44,3,60,1,0
17605,46,36.04,8,10,0,0
17606,24,92.13,3,11,0,0
17607,58,68.05,3,19,1,0
17608,22,63.1,2,4,0,0
17609,12,70.62,5,17,2,1
17610,19,46.1,9,63,0,0
17611,4,31.37,5,94,2,1
17612,58,43.37,9,19,0,0
17613,57,62.8,2,3,1,0
17614,2,42.15,5,33,0,0
17615,51,56.05,5,9,1,0
17616,58,48.76,6,30,0,0
17617,36,49.02,6,30,1,0
17618,60,116.06,7,29,0,0
17619,36,37.82,3,27,1,1
17620,46,43.02,6,36,2,0
17621,9,44.68,7,12,1,0
17622,49,92.2,8,12,0,0
17623,59,39.72,8,8,0,0
17624,44,37.42,3,4,1,0
17625,53,118.97,4,0,0,0
17626,18,54.41,6,3,0,0
17627,1,94.75,4,28,2,0
17628,53,70.92,8,15,1,0
17629,21,28.91,6,17,1,0
17630,11,51.49,10,26,0,0
17631,36,63.37,4,2,0,1
17632,23,75.72,3,34,0,0
17633,39,85.5,7,7,0,0
17634,4,57.28,6,56,1,0
17635,14,43.85,8,6,0,0
17636,13,57.49,7,11,1,1
17637,5,32.2,4,22,2,0
17638,25,40.19,6,28,0,0
17639,30,60.82,4,27,1,0
17640,2,40.54,9,9,0,0
17641,43,51.48,9,2,0,0
17642,58,135.49,7,15,1,0
17643,31,35.13,5,15,0,0
17644,10,69.75,5,15,1,0
17645,3,41.76,3,1,1,0
17646,54,68.3,4,13,1,0
17647,2,87.76,3,12,0,0
17648,36,66.86,8,10,0,0
17649,33,70.94,6,6,1,0
17650,20,48.25,5,7,1,0
17651,6,59.62,4,4,0,0
17652,51,46.5,5,49,1,1
17653,49,44.73,3,42,0,0
17654,32,54.74,3,9,2,0
17655,11,53.15,2,35,0,0
17656,44,67.39,5,4,0,0
17657,14,54.67,6,39,1,0
17658,6,51.03,2,17,1,0
17659,25,43.57,3,36,0,0
17660,21,108.7,2,13,0,0
17661,16,55.93,8,11,1,0
17662,27,35.37,7,2,0,0
17663,9,56.36,3,11,0,0
17664,13,55.78,4,50,0,0
17665,50,71.57,6,14,1,0
17666,50,95.16,6,4,0,0
17667,39,38.0,5,25,1,0
17668,37,56.1,4,15,0,0
17669,8,60.38,8,26,2,0
17670,9,25.58,9,24,0,0
17671,53,83.25,1,35,1,0
17672,3,109.94,3,43,0,0
17673,13,36.11,6,12,1,0
17674,40,82.6,7,24,0,0
17675,40,47.73,4,4,2,0
17676,5,47.16,6,21,2,0
17677,26,46.51,2,23,0,0
17678,42,49.74,3,78,1,0
17679,54,46.48,5,67,0,1
17680,34,46.83,5,20,0,0
17681,6,76.18,4,36,0,0
17682,29,40.77,3,57,1,1
17683,24,52.76,3,16,0,0
17684,44,76.81,9,4,0,0
17685,31,42.19,4,5,0,0
17686,5,35.43,9,11,0,1
17687,2,62.16,6,3,0,0
17688,49,55.05,6,48,1,0
17689,21,34.73,7,17,0,0
17690,8,40.91,4,15,1,0
17691,49,118.58,6,11,0,0
17692,3,67.84,2,20,1,0
17693,13,87.54,4,11,0,0
17694,9,56.78,5,18,0,0
17695,45,61.18,3,20,0,0
17696,41,52.71,5,1,1,0
17697,48,45.74,5,34,0,0
17698,60,42.11,4,30,0,0
17699,11,45.52,6,9,1,0
17700,29,93.27,4,15,0,0
17701,35,61.35,2,17,0,0
17702,15,30.9,6,6,1,0
17703,48,82.42,4,81,0,1
17704,27,49.4,3,71,0,1
17705,55,36.56,7,53,2,1
17706,47,37.75,6,4,0,0
17707,29,51.87,5,22,1,0
17708,22,41.94,5,42,0,0
17709,35,22.56,2,68,2,0
17710,13,35.95,5,9,1,1
17711,14,82.46,5,49,0,0
17712,41,48.93,4,11,0,0
17713,39,47.62,8,58,0,0
17714,58,29.44,5,9,1,0
17715,56,38.67,6,5,0,0
17716,25,82.48,7,38,0,0
17717,52,87.68,8,12,1,0
17718,57,74.84,4,8,0,0
17719,6,72.91,5,56,0,0
17720,20,50.08,6,74,0,0
17721,30,62.72,4,24,1,1
17722,31,38.26,3,20,0,0
17723,34,36.41,6,17,1,0
17724,15,50.43,3,10,0,0
17725,45,72.67,4,3,1,0
17726,55,46.53,3,48,1,0
17727,13,30.65,2,7,1,0
17728,4,104.17,10,1,0,1
17729,22,60.61,3,26,0,0
17730,2,36.04,5,9,1,0
17731,40,53.19,4,4,0,0
17732,49,50.12,4,1,0,0
17733,14,35.71,10,28,0,0
17734,38,63.69,4,27,0,0
17735,19,80.41,5,16,0,0
17736,13,75.24,3,10,2,0
17737,57,53.86,6,13,0,0
17738,34,180.8,4,6,1,0
17739,29,24.5,3,4,0,0
17740,39,58.81,7,39,0,0
17741,8,64.05,3,22,0,0
17742,40,70.67,9,44,0,0
17743,9,30.16,3,0,0,0
17744,38,62.45,9,11,1,0
17745,43,45.62,5,73,1,0
17746,8,59.37,8,8,0,0
17747,1,44.78,5,14,1,0
17748,31,45.64,5,20,0,0
17749,37,71.73,5,17,0,0
17750,47,35.53,6,8,1,1
17751,21,52.46,6,6,0,0
17752,47,78.51,3,0,0,0
17753,2,57.7,4,12,0,0
17754,49,27.32,3,10,0,0
17755,53,81.61,6,13,0,0
17756,5,70.92,8,40,0,0
17757,5,45.99,6,6,2,0
17758,26,39.54,6,25,2,0
17759,18,65.03,3,23,1,0
17760,2,43.83,5,16,1,0
17761,5,82.1,5,19,0,0
17762,52,55.64,2,25,2,0
17763,14,68.79,7,9,1,0
17764,18,45.87,7,15,1,0
17765,15,54.83,7,2,0,0
17766,40,73.57,5,53,1,0
17767,21,45.2,6,42,0,0
17768,33,23.08,5,7,0,0
17769,34,49.56,7,57,2,1
17770,12,41.33,5,24,2,0
17771,46,50.26,5,33,1,0
17772,45,35.69,5,10,1,0
17773,56,47.06,7,26,3,0
17774,19,82.36,10,5,0,0
17775,55,58.1,4,70,0,1
17776,3,36.61,5,7,1,1
17777,43,65.33,3,15,1,0
17778,12,36.32,6,5,1,1
17779,7,27.47,4,11,2,0
17780,29,35.48,4,6,0,0
17781,43,69.09,4,18,1,0
17782,41,51.51,4,8,1,0
17783,37,55.14,3,0,1,0
17784,39,76.73,2,18,0,0
17785,2,57.04,9,3,1,0
17786,37,50.0,3,19,0,0
17787,36,55.86,3,27,0,0
17788,53,44.76,6,6,1,0
17789,29,59.99,5,17,0,0
17790,28,55.64,3,37,0,0
17791,38,98.41,7,17,0,0
17792,10,83.76,7,43,1,0
17793,42,33.4,4,60,2,1
17794,19,40.92,4,45,1,1
17795,52,103.31,3,7,1,0
17796,9,58.77,3,15,0,1
17797,47,87.65,3,39,0,1
17798,45,56.03,3,7,1,0
17799,35,52.99,3,19,2,0
17800,15,37.28,3,10,0,0
17801,24,43.26,7,43,0,0
17802,48,42.83,5,51,1,1
17803,47,133.83,3,65,0,0
17804,28,39.98,8,3,0,0
17805,14,68.96,3,61,1,0
17806,58,46.78,2,2,0,0
17807,14,58.47,4,14,0,0
17808,36,58.88,8,6,0,0
17809,53,20.34,7,21,0,0
17810,4,39.84,4,14,0,0
17811,46,58.72,4,22,0,0
17812,28,32.96,8,84,0,1
17813,60,43.14,1,8,0,0
17814,1,69.2,3,10,0,0
17815,49,89.57,3,12,1,0
17816,39,36.18,7,11,0,0
17817,38,43.16,5,5,0,0
17818,18,61.47,5,24,0,0
17819,56,65.37,3,21,0,0
17820,17,51.44,6,11,1,0
17821,60,73.26,4,3,0,0
17822,45,59.89,3,42,1,1
17823,38,37.79,5,7,1,0
17824,24,43.27,1,9,0,0
17825,27,54.84,3,5,1,0
17826,57,73.9,8,10,0,0
17827,16,48.24,7,19,1,0
17828,20,71.15,9,18,0,0
17829,4,86.93,6,9,1,0
17830,7,39.74,6,7,1,0
17831,13,85.8,6,14,0,0
17832,9,41.0,6,14,0,0
17833,6,22.12,4,4,0,0
17834,30,69.6,3,4,0,0
17835,58,108.23,3,4,0,0
17836,54,29.02,2,13,0,0
17837,45,50.96,4,44,1,0
17838,19,48.04,6,13,0,0
17839,32,28.89,4,29,1,0
17840,22,151.77,6,9,0,0
17841,35,31.8,5,18,1,0
17842,24,68.3,3,1,1,0
17843,20,53.81,8,9,1,0
17844,59,43.57,5,59,1,0
17845,56,35.6,6,1,1,0
17846,24,73.51,4,24,0,0
17847,38,50.68,5,8,0,0
17848,14,61.34,5,21,0,0
17849,27,56.4,5,5,1,0
17850,43,72.37,5,29,0,0
17851,7,25.09,6,19,0,0
17852,35,25.56,1,1,0,0
17853,46,69.08,10,3,0,0
17854,51,28.34,3,7,0,0
17855,14,79.4,5,9,1,0
17856,41,43.8,4,25,1,0
17857,4,36.67,6,24,0,0
17858,18,79.11,10,15,1,0
17859,27,78.55,4,48,0,0
17860,36,61.89,10,73,0,0
17861,19,43.27,3,13,1,0
17862,46,54.23,8,7,0,0
17863,10,47.24,5,12,0,0
17864,54,30.4,4,19,0,0
17865,16,54.79,6,29,0,0
17866,31,63.47,8,5,0,0
17867,24,50.37,6,44,1,0
17868,49,97.52,3,1,0,0
17869,30,36.77,3,22,2,0
17870,30,52.36,2,38,1,0
17871,21,45.97,5,6,0,0
17872,8,51.62,8,22,0,0
17873,15,26.8,1,35,0,0
17874,47,87.01,3,27,1,0
17875,32,86.4,3,8,0,0
17876,19,61.92,4,28,0,0
17877,47,29.97,4,4,1,0
17878,16,73.55,7,6,0,0
17879,8,30.67,6,2,2,0
17880,16,33.15,7,12,0,0
17881,8,44.37,3,25,2,0
17882,35,49.69,3,3,0,0
17883,18,84.26,2,2,1,0
17884,15,76.85,6,16,0,0
17885,23,80.01,7,41,0,0
17886,8,31.89,10,12,1,0
17887,33,71.74,6,2,1,0
17888,21,24.39,3,27,0,0
17889,58,40.84,8,8,0,0
17890,25,67.96,5,18,0,0
17891,10,78.62,5,13,0,0
17892,30,48.89,4,15,0,0
17893,44,43.6,3,0,1,0
17894,32,58.37,6,3,1,0
17895,21,32.17,7,1,0,0
17896,39,51.37,3,15,1,0
17897,31,54.04,2,53,0,0
17898,59,94.7,5,11,0,0
17899,45,82.61,3,16,2,0
17900,36,107.2,7,39,1,0
17901,50,64.58,7,30,0,1
17902,56,36.82,7,2,0,0
17903,48,38.76,4,11,0,0
17904,42,80.29,2,5,1,0
17905,47,76.41,2,44,1,0
17906,54,47.02,7,14,0,0
17907,3,41.2,4,38,0,0
17908,22,52.56,5,14,1,0
17909,26,57.68,5,27,0,0
17910,60,34.78,6,45,3,0
17911,33,28.0,6,20,1,0
17912,45,96.9,7,54,0,0
17913,33,35.74,8,30,0,0
17914,49,39.92,5,2,0,0
17915,26,47.64,4,10,0,0
17916,30,69.41,4,12,0,0
17917,43,82.02,9,8,0,1
17918,45,31.42,4,15,0,0
17919,51,92.66,5,10,0,0
17920,20,31.28,3,8,0,0
17921,3,84.01,3,45,0,0
17922,59,57.57,7,42,3,0
17923,33,105.52,6,24,1,0
17924,14,86.49,4,47,1,0
17925,37,70.55,5,35,0,0
17926,42,56.23,5,39,0,0
17927,47,28.18,5,10,0,0
17928,39,72.64,9,52,0,1
17929,49,52.43,5,41,0,0
17930,8,58.7,3,17,1,0
17931,17,31.71,4,40,0,0
17932,14,31.99,4,12,1,0
17933,33,50.07,6,27,1,0
17934,53,48.67,7,9,1,0
17935,7,42.14,6,16,1,0
17936,23,48.26,5,35,0,0
17937,34,62.91,6,1,1,0
17938,17,96.31,3,37,1,0
17939,10,92.97,4,18,0,0
17940,21,38.06,6,35,0,0
17941,25,63.57,11,20,1,0
17942,21,65.83,2,65,0,0
17943,14,32.63,7,13,0,0
17944,53,59.93,6,7,1,0
17945,39,25.35,3,27,2,0
17946,14,28.82,7,76,3,0
17947,11,73.79,4,13,1,0
17948,59,37.08,9,25,2,0
17949,59,39.27,4,30,1,0
17950,31,45.23,3,7,0,0
17951,21,63.37,7,49,0,0
17952,13,56.94,3,14,0,0
17953,58,75.43,3,66,0,0
17954,17,43.25,7,34,0,0
17955,55,60.33,9,13,0,0
17956,12,33.97,3,2,0,0
17957,44,104.14,4,2,1,0
17958,33,33.32,4,7,0,0
17959,55,41.43,8,1,0,0
17960,12,31.53,5,11,0,0
17961,14,22.02,3,38,1,0
17962,6,57.49,5,3,3,1
17963,29,80.33,3,12,1,0
17964,38,102.9,8,19,0,0
17965,20,81.03,7,2,0,0
17966,57,45.3,5,6,1,0
17967,1,55.74,9,18,1,0
17968,21,59.0,7,12,1,0
17969,28,70.67,4,0,2,0
17970,10,62.81,4,14,1,0
17971,38,52.2,7,28,3,0
17972,22,94.68,2,10,0,0
17973,22,45.99,6,30,1,1
17974,15,70.21,6,1,1,0
17975,4,77.58,3,9,0,0
17976,2,27.65,6,13,1,0
17977,18,56.53,5,12,0,1
17978,55,29.15,6,3,0,0
17979,37,68.86,10,67,0,0
17980,50,64.87,4,10,1,0
17981,34,45.21,4,7,1,0
17982,13,76.51,3,49,0,0
17983,29,46.68,5,16,0,1
17984,37,82.22,2,22,0,0
17985,30,85.05,5,15,0,0
17986,15,40.22,5,26,1,0
17987,39,36.3,6,36,0,0
17988,46,29.22,3,4,1,0
17989,13,39.88,3,1,1,0
17990,37,71.04,6,3,3,0
17991,56,53.33,5,14,1,0
17992,59,67.15,7,2,1,0
17993,22,90.88,2,55,0,1
17994,14,72.27,3,5,0,0
17995,33,47.63,6,12,0,0
17996,46,55.55,5,3,1,0
17997,56,59.31,4,13,1,0
17998,4,27.06,5,4,0,0
17999,34,81.98,7,18,1,0
18000,9,35.54,6,4,0,0
18001,4,82.17,3,39,0,1
18002,39,76.31,3,55,0,0
18003,46,51.11,2,19,1,0
18004,39,107.08,5,93,0,0
18005,52,27.12,5,4,0,0
18006,55,94.0,4,1,1,0
18007,45,63.07,6,16,0,0
18008,27,109.85,4,7,1,0
18009,7,32.49,12,32,0,0
18010,12,49.87,3,4,0,0
18011,44,44.57,4,11,1,0
18012,16,37.12,6,12,0,0
18013,50,102.91,6,12,0,0
18014,53,42.71,3,8,1,0
18015,58,55.8,7,13,2,0
18016,29,52.79,7,6,0,0
18017,59,52.41,7,23,1,0
18018,21,36.3,3,53,0,0
18019,48,38.02,1,71,1,1
18020,31,57.64,8,48,0,0
18021,20,58.87,4,5,0,0
18022,58,49.32,9,17,1,0
18023,16,15.29,8,6,0,0
18024,39,147.65,1,11,1,0
18025,52,62.93,4,0,0,0
18026,54,54.89,5,12,0,0
18027,17,51.16,4,9,0,0
18028,40,63.29,11,92,0,0
18029,43,53.15,3,27,2,0
18030,32,84.7,2,1,0,0
18031,3,59.46,6,6,1,0
18032,17,52.37,7,15,0,0
18033,23,80.02,5,20,0,0
18034,34,41.04,6,15,0,0
18035,28,69.57,9,12,1,0
18036,33,53.38,4,3,0,0
18037,45,47.01,5,18,0,0
18038,8,35.22,3,22,1,1
18039,23,49.66,8,7,0,0
18040,22,61.2,5,36,0,0
18041,46,36.64,4,3,0,0
18042,7,55.41,4,26,1,0
18043,31,69.68,4,3,0,0
18044,4,26.71,6,30,1,0
18045,13,84.63,4,1,1,0
18046,45,31.97,6,7,0,0
18047,23,56.62,11,37,1,0
18048,47,57.93,4,57,2,0
18049,55,57.96,4,6,1,0
18050,13,75.25,6,7,0,0
18051,24,46.89,5,22,0,0
18052,35,55.74,2,15,0,0
18053,43,77.85,4,28,1,0
18054,54,28.71,4,29,0,0
18055,16,66.89,3,5,1,0
18056,28,49.4,5,4,0,0
18057,14,58.59,5,20,0,0
18058,14,54.36,6,27,0,0
18059,37,24.04,3,12,1,0
18060,13,61.49,6,14,0,0
18061,48,60.9,4,3,0,0
18062,52,32.51,5,5,0,0
18063,45,72.77,5,1,1,0
18064,49,62.75,7,39,2,0
18065,3,96.07,2,18,0,0
18066,17,36.95,5,13,1,0
18067,54,82.72,7,21,0,0
18068,7,56.35,4,5,0,0
18069,54,82.34,4,2,1,0
18070,41,39.48,1,6,0,0
18071,23,49.0,6,1,0,0
18072,28,81.06,6,15,0,0
18073,23,60.33,3,12,0,0
18074,28,91.69,8,33,0,0
18075,2,76.42,9,50,0,0
18076,48,102.3,5,58,0,0
18077,60,54.78,9,10,1,0
18078,2,51.87,3,46,0,0
18079,17,83.63,5,1,0,0
18080,34,119.35,8,34,0,0
18081,17,46.56,2,11,0,0
18082,27,32.64,7,66,0,0
18083,6,65.12,10,7,0,0
18084,33,96.47,7,1,1,0
18085,47,34.79,7,2,1,0
18086,13,41.29,8,26,2,0
18087,51,59.31,4,13,0,0
18088,54,32.93,4,5,1,0
18089,34,57.39,3,9,0,0
18090,32,60.41,7,34,1,0
18091,60,103.79,1,1,0,0
18092,17,44.74,7,24,0,0
18093,55,22.14,7,11,0,0
18094,48,115.56,3,2,0,0
18095,56,67.48,5,34,0,0
18096,57,74.55,2,10,0,0
18097,22,53.6,6,20,0,0
18098,43,84.52,7,1,1,0
18099,12,80.38,5,42,1,1
18100,44,46.89,5,29,0,0
18101,45,73.53,6,26,0,0
18102,60,35.55,5,25,2,0
18103,21,12.57,3,51,0,0
18104,51,68.67,4,12,0,0
18105,54,37.3,4,16,1,0
18106,30,21.42,4,27,0,0
18107,53,83.66,4,20,0,0
18108,20,42.68,6,26,0,0
18109,25,84.86,6,5,0,0
18110,49,43.84,7,7,0,0
18111,32,58.62,6,1,0,0
18112,43,31.82,5,16,1,0
18113,16,41.26,3,2,0,0
18114,28,46.85,5,12,0,0
18115,36,23.1,4,9,0,0
18116,24,103.92,5,9,3,1
18117,26,31.48,5,9,0,0
18118,13,39.21,5,10,1,0
18119,57,89.21,2,51,0,0
18120,53,63.74,7,4,0,0
18121,57,78.91,3,13,0,0
18122,15,86.62,1,2,1,0
18123,51,76.49,7,18,1,0
18124,57,66.1,6,50,1,1
18125,19,47.94,6,12,1,0
18126,54,43.15,1,5,0,0
18127,60,119.07,3,5,0,0
18128,57,70.65,2,45,0,0
18129,41,70.22,6,12,1,0
18130,6,54.98,5,6,1,0
18131,16,87.83,6,4,0,0
18132,42,91.34,4,6,1,0
18133,52,41.19,4,43,0,0
18134,50,105.2,4,37,0,0
18135,16,96.39,6,1,1,0
18136,1,21.73,4,2,0,0
18137,47,79.92,4,2,1,0
18138,1,96.65,3,2,0,0
18139,11,39.16,7,8,0,0
18140,36,101.83,4,20,0,0
18141,13,40.09,4,16,2,0
18142,16,44.78,6,10,1,0
18143,4,63.65,5,24,1,0
18144,40,55.44,7,14,0,0
18145,7,57.52,9,23,1,0
18146,1,46.2,3,22,1,0
18147,31,32.12,8,39,0,0
18148,34,54.17,5,49,0,1
18149,58,78.88,7,6,1,0
18150,58,32.94,4,5,0,0
18151,4,53.98,8,4,1,0
18152,2,52.83,3,4,0,0
18153,37,41.96,4,17,0,0
18154,34,63.72,8,2,0,0
18155,1,65.03,5,15,0,0
18156,46,37.87,5,41,0,0
18157,34,55.54,7,20,1,0
18158,56,71.88,7,40,0,0
18159,14,91.5,3,7,0,0
18160,27,24.82,3,2,0,0
18161,39,81.17,6,25,2,0
18162,50,87.42,6,12,0,0
18163,40,49.43,7,30,0,0
18164,53,65.72,4,19,2,0
18165,34,40.42,4,42,0,0
18166,32,60.1,2,28,0,1
18167,7,79.14,5,28,1,1
18168,56,110.91,4,6,1,0
18169,15,90.28,5,59,0,0
18170,31,57.3,5,34,0,0
18171,14,72.95,5,4,0,0
18172,11,27.31,6,17,1,0
18173,33,56.57,4,30,0,0
18174,14,78.71,9,3,0,0
18175,33,60.1,4,36,0,0
18176,24,43.92,4,19,0,1
18177,24,34.99,5,21,0,0
18178,51,49.28,5,6,0,0
18179,53,32.87,5,44,1,0
18180,38,108.48,2,9,0,0
18181,34,23.59,7,34,1,0
18182,7,41.14,9,28,0,0
18183,1,68.91,3,4,0,0
18184,49,34.18,6,14,0,0
18185,56,103.09,3,31,0,0
18186,43,52.86,9,30,0,0
18187,60,74.88,4,13,0,0
18188,40,34.26,6,41,0,0
18189,50,76.47,5,29,1,0
18190,52,73.04,4,1,0,0
18191,59,74.29,1,39,1,0
18192,42,61.27,4,9,0,0
18193,50,55.59,4,25,0,0
18194,28,49.29,5,62,0,1
18195,35,44.24,5,104,0,1
18196,28,83.91,2,19,2,0
18197,6,66.21,1,8,2,0
18198,50,30.47,8,80,0,0
18199,45,37.6,5,13,0,0
18200,48,90.94,3,41,1,0
18201,8,75.89,4,45,0,0
18202,48,77.24,6,11,0,0
18203,13,39.34,4,50,0,0
18204,51,111.77,4,13,0,0
18205,15,52.5,2,16,1,1
18206,36,60.05,3,0,1,0
18207,7,56.15,6,2,2,0
18208,34,36.82,4,7,1,0
18209,55,64.77,3,9,1,1
18210,52,43.46,7,56,0,0
18211,46,37.34,5,1,0,0
18212,1,108.59,6,24,1,0
18213,59,31.81,3,3,0,0
18214,44,30.9,6,2,0,0
18215,31,30.7,4,5,0,0
18216,9,97.35,6,29,0,0
18217,1,38.16,6,31,1,0
18218,43,83.38,5,34,3,0
18219,15,60.81,8,12,2,0
18220,18,69.59,9,24,1,0
18221,2,58.14,5,12,0,0
18222,34,32.08,6,18,1,0
18223,24,54.21,6,26,1,0
18224,44,56.77,4,35,0,0
18225,2,82.68,4,9,0,0
18226,33,39.88,2,10,0,0
18227,5,80.82,7,8,0,0
18228,57,67.16,5,15,0,0
18229,40,74.92,12,52,1,0
18230,21,44.55,3,24,0,0
18231,42,39.45,6,17,1,0
18232,18,68.55,3,9,1,0
18233,6,121.43,4,19,1,0
18234,50,77.62,8,5,0,0
18235,56,53.59,7,24,0,0
18236,16,101.38,6,27,0,0
18237,33,73.31,5,6,0,0
18238,48,39.81,2,18,2,0
18239,2,26.44,8,57,0,0
18240,9,42.87,5,6,1,0
18241,46,55.52,4,11,0,0
18242,19,52.69,7,15,0,0
18243,29,53.99,5,12,1,0
18244,43,53.94,9,23,1,0
18245,14,61.01,5,10,0,0
18246,51,44.03,8,33,2,0
18247,6,41.0,3,6,1,0
18248,5,48.21,3,12,0,0
18249,29,46.76,9,33,1,0
18250,45,73.48,5,6,0,0
18251,48,61.16,11,2,0,0
18252,58,51.06,5,22,1,0
18253,58,41.88,5,15,1,0
18254,47,44.0,2,16,1,0
18255,60,93.32,2,27,0,0
18256,59,37.13,4,7,0,0
18257,12,74.55,3,37,0,0
18258,30,43.45,7,24,1,0
18259,57,41.69,4,5,0,0
18260,9,77.5,6,62,0,0
18261,39,37.63,5,11,1,0
18262,30,123.79,4,44,2,0
18263,29,83.45,3,13,1,0
18264,3,166.08,9,21,0,0
18265,10,34.92,7,1,0,0
18266,21,56.41,4,21,0,0
18267,10,42.53,4,33,0,0
18268,28,59.64,5,1,1,0
18269,21,26.59,4,17,3,0
18270,13,69.62,4,18,1,0
18271,34,73.99,7,19,0,0
18272,12,77.53,4,48,1,0
18273,60,46.7,7,22,0,0
18274,25,67.88,5,7,0,0
18275,21,24.94,6,2,0,0
18276,58,25.37,4,44,1,1
18277,18,79.33,8,29,1,0
18278,37,65.78,7,46,0,0
18279,60,89.74,5,9,1,0
18280,46,48.89,5,8,0,1
18281,5,55.2,6,48,1,0
18282,31,40.74,6,46,0,0
18283,59,89.97,9,11,0,0
18284,55,50.19,9,5,1,0
18285,28,51.32,5,44,0,0
18286,52,60.25,4,28,0,0
18287,21,82.24,5,4,2,0
18288,3,55.11,9,17,0,0
18289,26,58.91,3,9,1,0
18290,8,188.37,6,18,0,0
18291,46,29.52,6,6,0,0
18292,2,49.79,5,11,0,0
18293,29,67.2,8,1,1,0
18294,13,82.92,5,64,0,1
18295,60,30.62,5,11,1,0
18296,60,111.15,6,7,0,0
18297,49,41.33,4,2,0,0
18298,21,41.02,6,16,0,0
18299,24,79.03,10,33,0,0
18300,8,86.63,3,29,1,1
18301,53,54.58,4,26,0,0
18302,45,80.65,6,1,0,0
18303,23,64.7,8,21,0,0
18304,11,38.94,4,35,1,0
18305,26,56.88,3,104,0,1
18306,1,33.36,3,7,0,0
18307,27,88.96,6,13,0,0
18308,11,62.53,4,35,0,0
18309,20,98.66,6,10,1,0
18310,30,80.62,5,7,0,0
18311,10,106.41,4,16,0,0
18312,48,76.75,5,10,2,0
18313,60,54.84,6,66,0,0
18314,18,28.03,3,1,1,0
18315,43,57.34,4,13,0,0
18316,59,116.65,4,2,0,0
18317,52,41.32,7,34,0,0
18318,48,59.57,4,18,0,0
18319,35,34.39,5,0,0,0
18320,48,63.29,7,15,0,0
18321,37,53.82,10,10,0,0
18322,39,51.78,8,5,0,0
18323,52,54.96,5,11,0,0
18324,6,107.18,2,7,1,0
18325,53,41.65,7,18,0,0
18326,29,43.3,5,6,0,0
18327,22,58.08,5,4,0,0
18328,31,75.67,4,13,0,0
18329,41,94.59,1,5,0,0
18330,4,59.82,6,2,0,0
18331,3,30.31,8,37,2,0
18332,55,56.21,5,12,0,0
18333,15,46.13,5,6,0,0
18334,19,52.58,6,20,0,0
18335,4,53.62,4,3,0,0
18336,31,47.89,7,14,2,0
18337,18,62.42,3,7,0,0
18338,60,47.26,7,1,1,0
18339,36,38.6,6,9,1,0
18340,30,43.62,5,23,0,0
18341,3,41.47,4,4,0,0
18342,47,66.1,5,12,2,0
18343,57,83.25,5,4,0,0
18344,17,58.1,4,14,0,0
18345,2,42.61,3,4,1,0
18346,60,28.73,6,74,1,1
18347,29,44.31,4,17,1,0
18348,30,98.22,5,13,0,0
18349,9,59.37,6,45,2,0
18350,3,80.05,9,1,1,0
18351,34,36.98,7,3,0,0
18352,24,56.63,10,9,2,0
18353,11,46.23,5,34,0,0
18354,55,64.74,10,35,0,0
18355,26,99.88,1,12,1,0
18356,23,72.25,4,12,1,0
18357,54,86.58,5,6,2,0
18358,36,42.63,5,17,1,0
18359,1,47.63,5,48,1,0
18360,11,36.84,5,29,1,0
18361,23,50.12,7,40,2,1
18362,3,80.03,5,22,0,0
18363,6,28.23,7,49,0,0
18364,57,99.61,9,25,1,0
18365,34,51.41,8,31,0,0
18366,27,30.76,5,2,0,0
18367,28,60.74,8,8,0,0
18368,32,52.79,6,14,0,0
18369,10,90.77,5,35,0,0
18370,54,34.42,7,4,0,0
18371,17,25.14,7,28,1,0
18372,59,31.58,6,3,1,0
18373,52,44.5,4,12,0,0
18374,47,52.51,3,20,0,0
18375,29,51.31,4,37,1,0
18376,12,40.95,3,8,1,0
18377,15,39.87,3,17,0,0
18378,15,77.76,5,53,2,1
18379,20,89.58,5,47,0,0
18380,10,56.95,3,8,0,0
18381,37,96.65,6,70,0,1
18382,19,48.95,6,20,0,0
18383,28,29.71,5,7,0,0
18384,55,38.15,4,3,0,0
18385,1,39.4,4,35,0,0
18386,57,66.58,5,87,2,1
18387,23,49.98,7,13,2,0
18388,28,35.36,7,16,1,0
18389,6,44.19,11,15,0,0
18390,53,48.89,2,14,0,0
18391,51,66.38,3,83,0,1
18392,25,68.28,4,5,0,0
18393,47,84.33,8,36,0,0
18394,57,52.09,5,11,0,0
18395,39,135.59,7,12,1,0
18396,56,119.77,5,0,1,1
18397,47,60.65,3,11,2,0
18398,12,52.3,9,24,0,1
18399,31,97.61,5,23,2,1
18400,15,49.13,4,61,1,1
18401,35,63.92,6,31,0,0
18402,51,35.04,4,1,0,0
18403,42,44.31,5,24,1,0
18404,5,72.86,3,4,0,0
18405,47,55.0,6,9,0,0
18406,37,64.38,6,12,0,0
18407,34,51.08,3,3,1,0
18408,45,37.79,5,0,0,0
18409,45,50.81,5,38,0,0
18410,39,90.52,4,0,0,0
18411,8,56.83,5,22,0,0
18412,27,48.48,2,9,0,0
18413,16,33.31,5,33,0,0
18414,50,71.21,10,15,0,0
18415,17,64.07,7,34,0,0
18416,39,38.77,4,17,2,0
18417,13,51.43,5,22,0,0
18418,25,70.4,5,5,1,0
18419,34,36.61,3,13,0,0
18420,8,30.69,5,26,1,0
18421,4,50.68,3,0,0,0
18422,16,47.7,3,102,0,0
18423,28,48.54,6,31,1,0
18424,16,39.94,8,25,0,0
18425,8,56.25,4,2,0,0
18426,60,47.25,3,5,1,0
18427,23,70.56,6,0,2,0
18428,30,36.35,4,9,0,0
18429,28,54.41,4,1,0,0
18430,5,38.56,4,7,2,0
18431,31,53.63,3,0,0,0
18432,38,56.44,6,3,2,0
18433,10,61.72,4,16,1,0
18434,43,42.96,4,14,2,0
18435,60,58.1,7,22,2,0
18436,3,83.6,6,35,0,0
18437,34,58.02,6,7,0,0
18438,52,52.87,3,32,0,1
18439,22,45.66,4,7,0,0
18440,24,58.45,7,136,0,0
18441,59,24.35,5,14,0,0
18442,25,52.15,6,16,0,0
18443,26,63.23,7,19,1,0
18444,29,50.78,7,19,1,0
18445,60,33.53,5,16,0,0
18446,46,99.2,8,19,0,0
18447,58,29.4,7,10,1,0
18448,57,73.85,4,10,1,0
18449,12,74.74,4,14,0,0
18450,60,72.79,2,8,0,0
18451,35,71.11,7,16,2,0
18452,27,67.7,4,2,2,0
18453,37,90.38,2,12,1,0
18454,23,58.5,6,4,0,0
18455,45,43.03,3,49,2,0
18456,54,106.59,5,12,0,0
18457,27,38.94,4,19,0,0
18458,19,33.1,4,19,1,0
18459,10,42.14,1,9,0,0
18460,28,61.33,4,2,0,0
18461,34,58.66,6,36,0,0
18462,44,42.54,6,7,0,1
18463,16,79.68,5,25,0,0
18464,39,51.98,7,55,1,0
18465,4,50.96,6,67,2,1
18466,26,55.09,7,26,1,0
18467,31,96.8,8,19,1,0
18468,24,74.74,6,23,1,0
18469,36,54.48,2,33,0,0
18470,7,65.33,4,39,1,0
18471,59,49.56,4,59,0,0
18472,17,42.66,6,9,1,0
18473,36,40.3,8,70,0,0
18474,45,61.78,4,8,0,0
18475,27,81.9,1,8,1,1
18476,4,31.1,6,2,0,0
18477,14,59.38,8,5,0,0
18478,39,28.86,7,17,1,1
18479,3,59.73,4,33,0,0
18480,29,72.36,7,35,1,0
18481,23,38.01,4,11,1,0
18482,30,58.98,4,19,1,0
18483,16,78.58,2,31,0,0
18484,19,30.48,6,0,1,0
18485,55,95.04,7,11,0,0
18486,27,41.17,6,47,1,1
18487,41,66.37,3,39,0,0
18488,52,46.08,3,10,1,0
18489,2,57.58,5,29,0,0
18490,39,47.57,5,22,1,0
18491,10,46.52,6,0,0,0
18492,34,66.63,7,1,0,0
18493,40,44.48,2,42,1,0
18494,38,59.83,4,36,0,0
18495,47,31.37,5,7,0,0
18496,52,61.96,8,2,1,0
18497,41,47.59,4,2,0,0
18498,11,78.51,4,8,0,0
18499,27,29.83,8,18,0,0
18500,31,41.34,6,34,1,0
18501,60,59.66,6,27,1,0
18502,21,42.7,4,20,0,0
18503,5,34.53,5,21,0,0
18504,38,39.4,4,29,0,0
18505,2,42.73,6,43,0,0
18506,19,29.76,4,44,1,0
18507,51,40.57,5,13,0,0
18508,49,163.75,6,12,0,0
18509,46,54.83,3,18,1,0
18510,14,57.77,7,32,1,0
18511,18,50.49,2,38,0,0
18512,27,84.61,3,15,0,0
18513,12,53.14,8,23,0,0
18514,46,42.98,4,19,0,0
18515,52,51.15,4,1,2,0
18516,60,83.54,5,21,0,1
18517,43,74.59,4,22,1,0
18518,59,24.45,4,12,2,0
18519,41,52.99,4,48,0,0
18520,8,66.0,5,9,0,0
18521,26,54.77,4,10,0,0
18522,32,162.77,8,24,2,1
18523,9,66.22,6,27,0,0
18524,48,72.39,2,9,0,0
18525,54,31.05,6,18,2,0
18526,45,30.44,4,0,0,0
18527,37,39.73,6,83,1,1
18528,19,32.35,6,41,1,0
18529,9,59.32,5,50,0,0
18530,9,38.87,3,0,0,0
18531,49,26.95,5,118,0,1
18532,57,79.63,4,9,0,0
18533,12,55.89,1,3,0,0
18534,33,55.46,5,46,0,0
18535,53,40.19,4,48,0,0
18536,50,60.75,3,30,1,0
18537,5,58.79,4,12,0,0
18538,36,63.99,5,2,0,0
18539,13,43.02,3,4,0,0
18540,48,43.87,6,39,0,0
18541,58,40.58,2,64,0,0
18542,21,36.16,7,51,0,0
18543,16,114.49,6,6,0,0
18544,3,17.69,5,13,1,0
18545,12,31.53,5,7,0,0
18546,4,53.72,2,5,0,0
18547,57,36.33,3,28,1,0
18548,31,53.72,5,23,0,0
18549,26,28.48,4,15,0,0
18550,57,22.77,7,0,1,0
18551,18,43.91,4,19,0,0
18552,53,80.44,4,11,0,0
18553,16,57.6,3,17,0,0
18554,15,72.39,5,4,2,0
18555,41,88.1,4,12,0,0
18556,54,69.51,3,4,1,0
18557,43,37.37,4,8,1,0
18558,20,43.98,4,21,0,0
18559,45,33.41,3,27,0,0
18560,11,45.25,6,20,1,0
18561,7,38.61,2,2,0,0
18562,20,58.62,5,8,2,0
18563,59,34.43,5,0,0,0
18564,36,43.55,2,15,0,0
18565,5,79.42,6,8,1,0
18566,60,78.93,4,15,1,0
18567,32,65.66,5,10,0,0
18568,48,32.4,1,45,0,0
18569,43,183.59,5,33,2,0
18570,18,44.46,3,17,0,0
18571,2,60.14,7,19,1,0
18572,52,45.03,6,14,1,0
18573,27,49.31,6,11,0,0
18574,52,18.88,3,2,0,0
18575,43,62.77,5,27,0,0
18576,26,34.39,4,3,1,0
18577,14,88.61,5,19,0,0
18578,30,62.83,4,5,0,0
18579,49,98.94,6,6,0,0
18580,49,41.69,5,15,0,0
18581,38,36.85,10,30,0,0
18582,15,79.2,5,36,1,0
18583,22,64.69,4,11,1,0
18584,32,70.13,7,15,0,0
18585,10,49.83,9,40,0,0
18586,5,34.21,2,63,1,1
18587,52,37.19,2,6,1,0
18588,48,74.6,3,65,0,0
18589,30,67.55,7,48,2,0
18590,53,67.91,4,11,1,0
18591,59,45.35,4,3,1,0
18592,17,32.9,6,17,0,0
18593,38,43.3,6,10,0,0
18594,23,39.58,7,43,0,0
18595,10,104.1,7,70,0,0
18596,17,85.75,2,7,0,0
18597,8,42.97,7,16,0,0
18598,1,127.02,4,11,1,0
18599,10,64.08,6,4,2,0
18600,11,51.75,7,8,1,0
18601,35,47.55,6,34,0,0
18602,9,79.29,5,12,1,0
18603,20,43.33,2,0,1,0
18604,57,86.18,4,2,1,0
18605,2,46.22,4,3,0,0
18606,32,67.93,2,0,0,0
18607,4,78.2,9,13,1,0
18608,40,40.16,5,8,2,0
18609,14,65.63,4,0,1,1
18610,16,90.31,7,6,0,0
18611,22,36.19,2,4,1,1
18612,3,56.02,8,28,0,0
18613,16,101.77,10,5,0,0
18614,59,65.58,4,13,0,0
18615,14,55.45,4,7,0,0
18616,24,78.1,4,6,0,0
18617,44,109.54,3,19,0,0
18618,4,72.37,8,18,2,0
18619,25,107.44,7,88,0,1
18620,12,54.48,5,26,0,0
18621,30,88.94,5,2,0,0
18622,25,41.7,9,16,0,0
18623,7,116.21,4,26,0,0
18624,56,58.52,5,2,0,0
18625,52,58.9,4,12,2,0
18626,8,98.22,7,5,1,0
18627,21,58.68,7,1,1,0
18628,38,52.01,4,12,1,0
18629,52,44.79,1,11,0,0
18630,59,65.47,3,21,1,0
18631,56,50.91,2,12,0,0
18632,60,49.92,3,8,0,0
18633,28,83.7,6,23,0,0
18634,11,77.12,5,53,1,0
18635,51,36.87,7,41,0,1
18636,41,36.59,4,37,0,0
18637,20,25.42,5,2,0,0
18638,10,31.12,7,35,0,0
18639,51,125.29,7,10,0,0
18640,15,49.99,7,16,0,0
18641,34,72.42,8,4,1,0
18642,3,55.89,3,31,0,0
18643,55,78.01,7,25,0,0
18644,40,79.24,4,22,1,0
18645,16,26.54,4,8,0,0
18646,8,54.19,4,34,0,1
18647,52,57.39,4,1,0,0
18648,25,68.38,7,54,0,0
18649,35,44.65,6,8,0,0
18650,37,63.03,2,18,1,0
18651,56,45.56,6,30,0,0
18652,8,37.73,7,2,0,0
18653,30,48.21,5,21,1,0
18654,35,37.0,3,24,0,0
18655,6,81.19,4,4,0,0
18656,5,53.67,7,34,0,0
18657,43,38.53,3,3,1,0
18658,28,53.81,7,16,0,0
18659,44,55.78,3,19,1,0
18660,59,35.98,6,13,2,0
18661,18,75.67,4,5,1,0
18662,35,52.05,3,6,0,0
18663,1,65.66,4,33,1,0
18664,35,47.63,10,3,2,0
18665,28,39.02,6,34,3,0
18666,53,35.87,1,1,0,0
18667,38,75.77,6,17,0,0
18668,19,78.25,4,7,0,0
18669,54,42.02,5,4,0,0
18670,6,41.11,8,5,0,0
18671,5,30.8,4,20,0,0
18672,3,76.61,8,33,0,0
18673,2,64.44,3,76,0,1
18674,25,35.98,7,23,0,1
18675,11,119.47,3,101,0,1
18676,39,65.3,3,0,0,0
18677,20,46.26,8,0,1,0
18678,51,73.9,8,12,0,0
18679,27,51.64,4,16,0,0
18680,42,32.2,5,15,1,0
18681,10,38.9,6,5,2,0
18682,45,57.63,4,2,1,0
18683,25,56.85,5,3,1,0
18684,23,48.92,9,34,1,0
18685,34,80.51,6,46,0,0
18686,36,33.0,5,15,1,0
18687,35,51.44,6,5,0,0
18688,1,46.51,3,3,0,0
18689,27,88.09,3,2,2,0
18690,59,43.89,5,13,1,0
18691,49,73.26,4,0,0,0
18692,58,98.1,6,17,2,0
18693,52,58.6,2,42,0,0
18694,6,75.52,5,11,0,0
18695,4,75.28,8,20,0,0
18696,21,77.47,4,7,0,0
18697,19,37.03,4,1,0,0
18698,5,57.26,3,24,1,0
18699,53,35.61,4,12,0,0
18700,33,83.84,9,31,2,0
18701,9,27.7,5,59,0,0
18702,10,67.06,9,45,2,0
18703,30,52.16,5,27,1,0
18704,34,47.87,7,62,1,1
18705,32,26.67,7,5,0,0
18706,1,52.96,4,82,1,1
18707,30,31.71,5,19,0,1
18708,23,47.04,5,28,1,0
18709,7,56.9,6,8,0,0
18710,32,55.83,3,21,0,0
18711,49,47.0,5,50,0,0
18712,10,33.88,5,19,2,0
18713,27,50.31,8,13,2,0
18714,4,103.47,8,50,0,0
18715,55,40.1,3,20,0,0
18716,51,52.64,3,8,0,0
18717,1,78.73,7,4,0,0
18718,34,61.01,6,1,0,0
18719,21,50.03,4,4,0,0
18720,38,25.25,3,7,0,0
18721,15,41.58,3,2,0,0
18722,29,55.9,3,4,0,0
18723,59,53.28,9,9,0,0
18724,50,66.77,8,38,1,0
18725,15,25.27,4,2,0,0
18726,21,29.0,5,11,1,0
18727,23,60.47,4,6,1,1
18728,16,30.26,8,2,1,0
18729,51,35.67,4,14,2,0
18730,24,46.28,3,0,0,0
18731,8,53.83,2,12,1,0
18732,33,61.79,6,30,0,0
18733,44,164.0,3,10,1,0
18734,12,64.89,5,2,0,0
18735,15,54.05,5,6,2,1
18736,18,47.02,7,23,0,0
18737,36,86.22,8,10,1,0
18738,31,28.03,4,12,1,0
18739,5,41.17,2,2,0,0
18740,12,44.58,3,16,0,0
18741,19,53.63,5,26,1,0
18742,2,52.57,7,5,1,0
18743,19,48.1,9,9,2,1
18744,16,55.96,7,15,2,0
18745,27,70.67,2,74,0,0
18746,40,29.48,5,9,0,0
18747,5,81.02,2,3,0,0
18748,53,27.19,3,13,0,0
18749,60,34.45,4,10,1,0
18750,35,54.0,5,20,0,0
18751,10,44.69,7,43,0,0
18752,29,65.31,4,9,0,0
18753,20,89.84,6,35,0,0
18754,16,29.11,4,50,2,0
18755,42,45.62,3,5,0,0
18756,10,20.89,7,22,1,0
18757,56,53.12,5,0,1,0
18758,6,61.94,7,5,0,0
18759,23,41.69,8,16,0,0
18760,4,63.49,4,19,1,0
18761,35,61.51,2,8,1,0
18762,10,43.43,2,9,1,0
18763,10,63.84,7,9,0,0
18764,49,35.17,7,16,0,0
18765,29,47.14,5,62,1,0
18766,3,62.61,4,8,1,0
18767,39,59.76,4,10,1,0
18768,3,54.55,1,30,0,0
18769,22,59.22,4,1,0,0
18770,45,47.53,7,13,0,0
18771,40,55.38,7,78,1,1
18772,55,40.96,6,62,1,0
18773,1,65.61,8,14,1,0
18774,46,76.18,4,20,0,0
18775,12,45.1,4,11,1,0
18776,35,53.66,4,9,0,0
18777,21,39.83,3,43,1,1
18778,26,76.82,7,60,0,0
18779,34,85.84,5,3,0,0
18780,2,71.59,2,22,0,0
18781,52,88.87,8,30,0,0
18782,46,95.55,6,6,1,0
18783,15,75.24,1,39,0,1
18784,54,125.58,4,2,0,0
18785,2,64.53,9,26,0,0
18786,31,35.76,4,9,0,0
18787,12,60.0,9,3,0,0
18788,17,67.16,7,23,0,0
18789,37,30.53,2,46,0,0
18790,34,119.88,3,9,0,0
18791,21,69.16,4,20,1,0
18792,20,49.58,8,26,1,0
18793,14,74.8,4,39,0,0
18794,6,59.54,5,0,0,0
18795,55,66.38,7,28,0,0
18796,44,77.67,1,10,1,0
18797,13,74.05,4,15,0,0
18798,11,81.18,8,27,2,0
18799,12,68.72,3,15,1,0
18800,5,60.44,4,20,1,0
18801,59,42.45,4,13,0,0
18802,17,63.03,3,1,1,0
18803,19,44.68,3,9,0,0
18804,29,51.45,3,28,1,0
18805,21,67.42,4,10,0,0
18806,17,48.81,6,15,0,0
18807,20,40.15,6,13,1,0
18808,33,84.12,7,55,0,0
18809,22,76.15,6,4,1,0
18810,10,33.67,4,3,0,0
18811,18,48.92,5,18,0,0
18812,48,45.44,4,6,2,0
18813,57,34.37,4,27,0,0
18814,39,44.0,4,27,2,0
18815,42,47.53,8,14,0,0
18816,45,42.33,4,34,1,0
18817,57,41.58,3,28,0,0
18818,44,71.04,6,23,0,0
18819,37,35.06,7,36,1,0
18820,12,61.0,5,53,1,0
18821,15,76.42,9,3,0,0
18822,22,57.58,7,5,0,0
18823,14,56.77,7,24,0,0
18824,47,39.8,10,41,0,0
18825,48,66.86,4,5,0,0
18826,17,27.85,6,9,2,0
18827,16,65.69,5,8,0,0
18828,2,62.56,4,10,1,0
18829,6,44.96,11,40,0,0
18830,26,38.12,7,34,0,0
18831,2,33.95,2,19,2,0
18832,28,122.7,3,26,1,0
18833,48,33.39,8,92,0,0
18834,20,38.29,7,10,1,0
18835,44,39.97,5,17,2,0
18836,19,67.81,8,21,0,0
18837,15,52.54,6,13,1,0
18838,3,54.31,4,39,1,0
18839,21,54.58,6,12,0,0
18840,29,44.37,4,10,2,0
18841,40,104.82,3,2,1,0
18842,56,121.09,2,15,1,0
18843,43,122.01,2,7,0,0
18844,11,41.07,3,3,0,0
18845,22,43.7,5,32,1,0
18846,25,40.28,5,17,0,0
18847,27,59.45,7,6,0,0
18848,46,62.58,9,40,0,0
18849,20,29.88,11,4,0,0
18850,46,51.25,3,20,0,0
18851,27,76.61,6,41,1,0
18852,7,83.79,6,19,0,0
18853,8,42.28,4,29,1,0
18854,8,39.54,5,10,0,0
18855,53,55.82,3,41,1,0
18856,50,47.73,5,82,1,0
18857,53,82.61,4,4,0,0
18858,54,80.88,4,51,0,0
18859,56,95.39,8,4,1,0
18860,46,35.83,5,51,2,0
18861,26,40.51,5,22,0,0
18862,24,55.12,5,6,1,0
18863,58,24.92,7,2,1,0
18864,33,70.85,5,33,0,1
18865,8,61.58,5,37,0,0
18866,18,96.97,4,2,2,0
18867,17,78.02,4,58,0,0
18868,32,71.26,7,22,3,0
18869,31,54.25,4,10,1,0
18870,9,67.43,6,21,0,0
18871,21,119.29,5,25,1,0
18872,10,61.91,3,7,0,0
18873,35,43.99,3,45,0,0
18874,50,57.44,8,9,0,0
18875,22,82.74,7,11,0,0
18876,59,75.36,5,5,0,0
18877,24,74.26,4,3,1,1
18878,39,61.44,7,12,0,0
18879,7,62.31,4,8,2,0
18880,31,92.81,5,60,0,0
18881,39,49.36,5,8,0,0
18882,13,44.26,7,42,0,0
18883,6,44.23,4,12,0,0
18884,24,64.33,4,15,0,0
18885,60,38.43,4,103,0,0
18886,59,54.72,5,12,1,0
18887,7,41.32,8,64,0,0
18888,44,60.86,7,14,0,0
18889,35,27.16,6,3,1,0
18890,40,45.78,5,57,1,0
18891,52,68.53,6,37,0,0
18892,28,87.42,4,11,0,0
18893,19,63.52,4,54,0,0
18894,45,30.92,4,68,2,1
18895,8,38.03,3,22,0,0
18896,12,65.89,4,33,0,0
18897,54,58.54,6,1,0,0
18898,54,90.36,2,29,1,1
18899,26,116.68,7,10,1,0
18900,59,63.0,3,11,1,0
18901,31,38.67,3,65,0,1
18902,23,92.69,4,4,2,0
18903,35,33.47,12,3,0,0
18904,55,45.56,7,6,0,0
18905,52,57.92,4,23,0,0
18906,52,54.85,3,2,0,0
18907,19,62.23,7,15,1,0
18908,36,63.13,3,8,0,0
18909,59,50.35,10,48,2,0
18910,2,45.0,6,11,0,0
18911,6,35.35,4,20,1,0
18912,59,113.91,3,7,1,1
18913,6,44.02,3,15,0,0
18914,37,41.57,3,23,0,0
18915,56,35.93,2,1,0,0
18916,38,31.39,7,11,0,0
18917,35,71.44,3,13,1,0
18918,26,88.26,4,24,0,0
18919,14,53.7,8,27,0,0
18920,50,67.52,5,2,1,0
18921,31,52.23,6,11,3,0
18922,36,48.63,4,87,0,1
18923,44,41.75,1,4,3,0
18924,31,32.04,3,16,0,0
18925,28,41.23,6,10,0,1
18926,47,81.71,4,19,1,0
18927,51,57.13,4,14,1,0
18928,43,36.49,3,5,0,0
18929,16,44.13,6,15,0,0
18930,50,47.29,6,3,2,0
18931,6,68.1,6,7,0,0
18932,60,61.6,4,43,0,0
18933,40,32.59,8,13,0,0
18934,27,65.27,4,17,1,0
18935,32,55.88,2,35,0,0
18936,43,73.76,10,10,0,0
18937,7,110.79,5,18,1,0
18938,39,52.7,6,6,0,0
18939,34,107.16,2,34,1,0
18940,14,72.92,3,5,4,0
18941,33,27.11,4,40,0,0
18942,49,129.19,4,16,0,0
18943,1,63.13,4,13,0,0
18944,49,53.99,8,102,0,1
18945,12,47.8,6,21,1,0
18946,24,84.39,5,24,0,0
18947,33,56.91,3,72,0,1
18948,54,77.2,5,75,0,1
18949,57,39.74,4,40,0,0
18950,28,91.18,3,11,1,0
18951,33,55.23,4,7,0,0
18952,22,26.56,2,19,0,1
18953,4,56.31,6,36,1,1
18954,20,24.1,5,23,2,0
18955,1,59.57,4,9,1,0
18956,6,73.47,4,7,2,0
18957,48,46.21,4,1,1,0
18958,39,48.91,7,7,0,0
18959,6,45.81,5,4,0,0
18960,33,39.97,2,67,0,1
18961,14,100.87,5,13,0,0
18962,30,54.63,4,26,2,0
18963,40,28.38,3,30,0,0
18964,43,70.19,2,35,1,0
18965,57,33.07,4,19,0,0
18966,25,61.27,3,17,0,0
18967,10,55.03,3,21,1,0
18968,15,51.33,4,7,0,0
18969,29,44.89,9,27,1,0
18970,36,73.6,7,19,1,0
18971,41,34.03,7,19,0,0
18972,8,48.23,5,25,0,0
18973,4,80.0,6,3,3,1
18974,36,37.64,4,8,0,0
18975,26,84.72,3,2,0,0
18976,35,31.54,2,3,0,0
18977,25,42.9,8,25,0,0
18978,45,43.05,3,7,0,0
18979,12,69.38,4,2,0,0
18980,37,24.48,3,30,0,0
18981,7,26.25,5,14,0,0
18982,26,83.93,4,13,0,0
18983,60,35.59,1,17,0,0
18984,14,30.62,9,30,0,0
18985,17,44.88,3,6,1,0
18986,37,26.56,3,33,0,0
18987,45,26.11,5,25,0,0
18988,30,91.9,5,79,1,1
18989,27,100.58,2,41,0,1
18990,34,72.14,7,7,0,0
18991,37,87.77,5,14,0,0
18992,19,38.97,7,5,0,0
18993,11,106.56,6,86,0,1
18994,56,29.33,5,45,1,0
18995,29,31.27,5,11,0,0
18996,60,130.15,7,12,1,0
18997,55,60.18,6,7,1,0
18998,40,88.24,6,32,2,0
18999,28,109.07,4,19,0,0
19000,11,58.03,4,13,0,0
19001,60,28.79,5,1,0,0
19002,60,68.17,8,26,1,1
19003,38,67.43,5,43,0,0
19004,31,63.24,4,7,0,0
19005,37,43.13,4,24,0,0
19006,3,51.26,5,32,0,0
19007,33,34.33,4,13,0,0
19008,52,64.25,4,1,0,0
19009,15,51.86,4,26,1,1
19010,57,88.19,7,32,0,0
19011,47,25.42,6,8,0,0
19012,38,33.48,7,31,0,0
19013,35,84.54,7,27,1,0
19014,22,35.02,4,124,0,1
19015,5,56.56,5,3,2,0
19016,12,98.96,4,42,0,0
19017,35,52.2,4,0,0,0
19018,7,85.9,3,69,0,0
19019,48,53.6,4,29,0,0
19020,10,74.44,5,10,1,0
19021,25,107.73,1,18,1,0
19022,22,45.98,8,10,1,0
19023,36,44.2,6,44,2,0
19024,56,44.17,4,6,1,0
19025,36,60.59,4,15,0,0
19026,50,39.31,5,24,1,0
19027,2,49.94,3,28,0,0
19028,15,103.08,8,9,1,0
19029,12,72.92,4,20,0,0
19030,6,53.34,4,52,1,0
19031,7,50.71,5,5,1,0
19032,6,47.79,4,8,0,0
19033,12,55.7,7,27,0,0
19034,48,23.08,8,47,0,0
19035,10,55.27,7,3,2,0
19036,50,110.23,4,25,0,0
19037,28,62.95,9,39,0,0
19038,50,102.02,5,5,1,1
19039,39,62.71,2,41,0,0
19040,17,29.93,7,22,1,0
19041,2,53.68,8,6,1,0
19042,18,62.17,4,4,0,0
19043,51,63.89,7,8,0,0
19044,3,31.45,5,12,1,0
19045,11,54.82,4,5,0,0
19046,42,61.87,3,5,0,0
19047,24,57.46,10,12,0,0
19048,52,79.28,5,2,0,0
19049,46,39.22,5,7,0,0
19050,53,51.62,11,14,0,0
19051,50,70.68,11,13,0,0
19052,4,42.62,4,25,1,0
19053,16,46.83,5,22,1,0
19054,41,87.09,2,14,0,0
19055,21,50.99,3,48,0,1
19056,19,42.52,6,4,2,0
19057,52,72.83,6,30,1,0
19058,6,91.32,4,20,0,0
19059,59,75.08,6,2,0,0
19060,18,54.18,6,14,0,0
19061,10,61.21,12,21,0,0
19062,33,40.76,6,6,0,0
19063,38,42.01,5,9,0,0
19064,54,31.39,2,16,0,0
19065,4,51.98,5,11,1,0
19066,16,40.38,3,10,0,0
19067,14,46.15,4,77,0,1
19068,10,52.62,11,73,1,1
19069,27,52.84,4,27,1,0
19070,12,61.21,3,3,0,0
19071,48,36.17,7,25,0,0
19072,23,58.37,3,7,0,0
19073,11,54.58,5,34,0,0
19074,24,57.22,7,7,0,0
19075,35,28.34,3,9,1,0
19076,53,126.43,2,26,2,0
19077,21,39.97,3,59,0,1
19078,21,44.41,8,60,1,1
19079,50,27.0,5,33,1,0
19080,27,65.46,3,13,0,0
19081,16,83.19,7,6,0,0
19082,51,28.79,11,4,0,1
19083,28,49.82,7,25,0,0
19084,56,57.54,6,25,0,0
19085,33,64.99,3,11,1,1
19086,21,125.54,5,40,0,0
19087,32,100.85,4,38,1,0
19088,53,48.4,4,2,2,0
19089,11,26.54,3,15,1,0
19090,40,48.22,4,1,1,0
19091,28,50.47,6,60,2,0
19092,8,40.74,7,30,0,0
19093,38,40.58,7,9,0,0
19094,51,32.06,5,3,1,0
19095,25,54.55,8,13,3,1
19096,47,55.08,6,45,0,0
19097,8,30.75,6,28,1,0
19098,19,50.95,8,6,0,0
19099,53,142.78,8,26,0,0
19100,53,42.13,4,2,1,0
19101,19,71.34,4,1,0,0
19102,19,58.48,5,33,1,0
19103,18,74.9,4,27,1,0
19104,53,62.38,8,37,0,0
19105,10,32.66,5,11,1,0
19106,44,87.22,3,32,0,0
19107,12,54.33,6,13,1,0
19108,2,23.87,7,15,1,0
19109,9,89.14,4,10,1,0
19110,25,198.52,3,5,2,0
19111,28,95.54,4,24,1,0
19112,31,37.27,3,49,0,0
19113,18,44.99,4,8,0,0
19114,27,89.35,4,2,0,0
19115,4,47.17,7,52,1,0
19116,20,92.94,8,37,1,0
19117,25,48.48,3,8,0,1
19118,20,86.85,6,3,1,0
19119,34,112.43,4,10,2,0
19120,8,58.82,4,11,0,0
19121,39,39.62,6,3,1,0
19122,25,35.07,5,6,0,0
19123,50,63.24,6,27,0,0
19124,13,59.63,10,4,0,0
19125,13,91.6,4,82,0,1
19126,2,52.09,8,14,0,0
19127,32,75.01,5,59,1,0
19128,1,56.89,3,6,0,0
19129,34,30.83,3,21,1,0
19130,57,47.12,5,19,1,0
19131,10,33.61,9,66,1,0
19132,18,50.67,6,45,1,0
19133,54,43.69,5,38,1,0
19134,42,28.08,10,10,0,0
19135,8,45.45,3,32,1,0
19136,11,60.48,5,39,1,0
19137,40,37.9,5,5,0,0
19138,8,51.83,4,73,1,1
19139,35,65.29,3,22,1,0
19140,6,40.38,4,29,0,0
19141,26,70.4,2,2,1,0
19142,53,48.28,4,3,0,0
19143,48,26.78,5,38,0,0
19144,10,44.87,6,74,1,0
19145,48,74.58,5,35,1,0
19146,59,44.93,3,1,1,0
19147,42,84.56,6,1,0,0
19148,16,43.18,5,66,1,0
19149,57,49.64,7,0,1,0
19150,21,43.11,7,55,0,0
19151,54,49.52,5,3,1,0
19152,31,48.1,6,27,0,1
19153,25,44.22,4,10,0,0
19154,16,28.76,4,10,0,0
19155,2,50.52,4,11,1,0
19156,2,32.12,5,2,1,0
19157,2,31.31,3,9,2,0
19158,29,62.77,5,29,0,0
19159,34,68.96,3,15,0,0
19160,3,51.81,7,23,0,0
19161,55,50.78,9,0,0,0
19162,17,55.16,4,24,0,0
19163,60,40.6,3,5,2,0
19164,28,68.85,4,14,0,0
19165,28,54.4,10,14,0,0
19166,37,79.17,5,6,1,0
19167,20,18.51,6,31,2,0
19168,3,62.67,4,11,2,0
19169,44,118.04,5,15,0,0
19170,15,57.41,6,33,0,0
19171,30,24.34,8,15,0,0
19172,55,31.59,4,17,0,0
19173,32,59.98,3,5,0,0
19174,56,45.96,6,6,0,0
19175,14,29.95,4,0,0,0
19176,27,27.22,3,7,0,0
19177,33,76.34,5,3,0,0
19178,25,32.85,7,21,0,0
19179,10,31.83,8,24,0,0
19180,3,60.75,2,23,2,1
19181,14,49.73,9,17,0,0
19182,37,60.46,4,30,2,0
19183,8,35.7,3,54,1,1
19184,14,78.28,5,69,0,0
19185,1,80.75,8,2,0,0
19186,3,48.49,6,4,0,0
19187,17,44.67,10,69,0,0
19188,59,71.16,6,1,0,0
19189,31,78.37,6,33,0,1
19190,21,55.69,4,10,0,0
19191,42,50.93,5,50,1,0
19192,12,84.62,5,63,0,1
19193,47,116.86,4,19,0,0
19194,45,70.21,3,5,0,0
19195,1,67.27,4,12,1,0
19196,42,51.57,4,8,1,0
19197,57,48.06,5,22,0,0
19198,47,81.39,5,20,0,0
19199,27,55.39,4,76,0,0
19200,60,101.99,4,43,1,0
19201,40,67.0,6,7,1,0
19202,30,97.07,4,9,0,0
19203,56,25.73,6,66,0,1
19204,57,58.09,5,12,0,0
19205,24,23.44,6,9,0,1
19206,14,96.97,9,0,0,0
19207,36,77.12,7,11,1,0
19208,23,48.68,5,12,2,0
19209,30,85.94,4,21,0,0
19210,9,31.56,5,52,1,0
19211,49,21.49,5,13,0,0
19212,7,47.47,7,16,0,0
19213,22,71.33,7,42,0,0
19214,17,40.78,3,4,0,0
19215,46,26.99,8,47,0,0
19216,18,52.01,4,1,0,0
19217,2,68.95,6,9,0,0
19218,9,79.03,8,20,1,0
19219,36,58.13,6,27,3,0
19220,53,34.19,4,27,0,0
19221,29,40.37,4,23,0,0
19222,42,52.75,8,7,1,0
19223,49,93.71,3,34,0,0
19224,18,40.44,10,39,0,0
19225,47,33.43,5,1,1,0
19226,21,73.85,5,23,0,0
19227,35,42.22,5,7,0,0
19228,55,69.7,4,15,0,0
19229,18,88.89,5,11,0,0
19230,33,28.83,5,4,2,0
19231,6,73.61,1,0,1,0
19232,49,38.91,7,7,0,0
19233,57,33.89,5,52,0,0
19234,24,59.9,4,0,0,0
19235,28,52.04,5,20,1,0
19236,54,28.43,3,11,0,0
19237,48,65.28,5,23,0,0
19238,15,61.1,2,16,1,0
19239,25,59.47,10,26,1,0
19240,14,54.43,5,15,0,0
19241,34,56.59,9,11,1,0
19242,46,74.51,5,34,1,0
19243,7,59.08,5,23,0,0
19244,25,35.08,6,19,1,0
19245,4,53.59,5,113,1,1
19246,14,65.42,3,37,0,0
19247,26,46.31,5,23,2,0
19248,58,105.04,2,47,0,0
19249,7,65.83,1,23,0,0
19250,4,62.3,5,33,0,0
19251,50,69.25,5,4,0,0
19252,29,51.7,4,11,0,0
19253,15,70.92,5,4,1,0
19254,44,65.94,4,17,0,0
19255,33,55.72,3,16,0,0
19256,47,59.15,9,37,0,0
19257,37,53.6,5,77,0,0
19258,49,74.69,7,43,1,0
19259,56,39.22,6,12,1,0
19260,5,48.11,3,10,0,0
19261,29,26.62,4,17,1,0
19262,13,79.57,6,28,0,0
19263,56,83.71,5,5,1,0
19264,5,41.44,4,6,0,0
19265,30,29.34,6,4,0,0
19266,25,69.9,7,3,0,0
19267,27,61.77,5,33,0,0
19268,19,73.95,3,53,1,1
19269,59,74.22,6,42,0,0
19270,1,35.62,6,14,0,0
19271,15,68.55,8,43,0,0
19272,46,59.28,4,27,1,0
19273,29,90.03,7,64,0,1
19274,60,37.51,2,8,0,0
19275,49,90.31,8,2,2,0
19276,26,57.19,5,11,0,0
19277,18,64.93,3,7,0,0
19278,43,26.73,3,14,1,1
19279,30,44.33,4,24,1,0
19280,24,88.2,5,62,1,1
19281,54,47.5,7,5,0,0
19282,19,82.16,6,4,0,0
19283,4,33.16,8,48,0,0
19284,31,65.97,3,1,1,0
19285,33,39.59,4,10,1,1
19286,27,111.49,3,34,0,0
19287,9,109.33,3,13,0,0
19288,40,83.23,4,4,1,0
19289,39,99.18,6,33,3,0
19290,16,69.85,5,21,0,0
19291,27,183.07,7,5,0,1
19292,6,54.3,6,34,0,0
19293,54,63.23,5,0,0,0
19294,38,59.21,6,24,0,0
19295,52,43.57,6,22,0,0
19296,35,30.29,5,39,0,0
19297,34,48.65,7,7,0,0
19298,22,53.41,5,7,0,0
19299,43,73.62,4,78,1,0
19300,30,56.4,4,22,0,0
19301,25,155.11,2,7,0,0
19302,47,29.64,5,1,0,0
19303,12,57.18,5,4,0,0
19304,53,48.81,5,12,1,0
19305,59,88.4,2,42,1,0
19306,2,102.31,3,5,0,0
19307,18,44.89,6,86,1,1
19308,36,80.24,6,20,0,0
19309,2,58.56,4,2,0,0
19310,20,61.96,7,1,1,0
19311,31,59.15,9,9,1,0
19312,12,62.95,4,13,0,0
19313,53,38.41,3,15,0,0
19314,17,63.23,5,0,0,0
19315,19,49.66,6,38,1,0
19316,27,62.73,4,8,0,0
19317,5,70.86,5,1,0,0
19318,23,84.57,9,26,0,0
19319,18,95.2,8,9,0,0
19320,50,53.32,6,5,0,0
19321,30,41.52,3,16,0,0
19322,40,50.25,5,2,1,0
19323,45,96.32,7,6,0,0
19324,6,56.03,4,18,0,0
19325,31,39.17,4,21,0,0
19326,59,57.52,3,48,2,0
19327,48,44.5,4,1,0,0
19328,38,44.96,5,16,1,0
19329,27,41.59,9,11,1,0
19330,23,67.41,9,1,1,0
19331,14,53.22,4,20,1,0
19332,20,81.74,6,0,0,0
19333,19,32.12,3,5,1,0
19334,7,54.82,8,11,2,0
19335,18,43.55,2,30,0,0
19336,10,113.95,2,14,1,0
19337,59,113.07,6,12,0,0
19338,34,27.27,2,4,3,1
19339,60,136.06,3,26,1,0
19340,28,46.23,3,12,0,1
19341,40,51.93,7,42,2,1
19342,23,29.52,4,21,0,0
19343,56,69.71,2,29,0,0
19344,19,27.41,8,7,0,0
19345,56,55.54,9,64,1,0
19346,51,61.13,4,5,1,0
19347,51,61.74,3,22,0,0
19348,37,99.29,4,5,1,0
19349,36,53.74,3,14,1,0
19350,46,62.46,6,32,0,0
19351,11,41.18,3,6,1,0
19352,43,56.2,3,17,1,0
19353,12,95.47,3,44,0,0
19354,29,78.72,7,5,0,0
19355,19,102.85,6,12,0,0
19356,34,83.22,4,4,0,0
19357,37,50.4,3,5,0,0
19358,58,105.91,5,5,0,0
19359,56,65.03,7,20,1,0
19360,38,67.37,5,8,0,0
19361,44,39.89,5,3,0,0
19362,26,113.6,4,12,0,0
19363,32,34.06,7,8,0,0
19364,26,21.11,4,51,0,0
19365,24,41.9,8,18,0,0
19366,46,74.83,5,8,0,0
19367,41,58.32,6,2,0,0
19368,5,35.16,4,6,0,0
19369,19,43.84,6,4,1,0
19370,46,74.91,6,6,2,0
19371,47,30.63,4,28,1,0
19372,7,40.04,7,5,1,0
19373,50,97.71,4,12,0,0
19374,44,42.11,6,1,0,0
19375,59,80.22,4,28,0,0
19376,13,30.5,6,3,0,0
19377,27,54.88,4,3,1,0
19378,9,64.43,7,44,2,0
19379,52,32.72,7,6,0,0
19380,59,62.91,5,1,2,0
19381,51,54.43,6,0,1,0
19382,58,54.42,4,38,0,0
19383,32,81.22,5,8,2,0
19384,24,49.18,2,59,1,0
19385,24,35.82,4,40,0,1
19386,54,111.56,5,29,1,0
19387,37,98.5,5,16,1,0
19388,34,54.42,2,40,1,0
19389,7,76.83,7,12,0,0
19390,37,51.54,5,11,0,0
19391,50,52.33,5,80,0,0
19392,47,54.14,4,5,1,0
19393,43,64.81,6,4,2,0
19394,15,51.49,6,14,0,1
19395,47,87.99,4,16,2,0
19396,16,41.17,3,5,1,0
19397,13,63.65,4,8,0,0
19398,15,69.84,4,38,1,0
19399,30,62.45,7,21,0,0
19400,31,64.44,5,7,0,0
19401,38,34.68,5,20,0,0
19402,27,55.28,2,14,0,0
19403,37,74.61,3,2,1,0
19404,54,32.95,5,6,0,0
19405,7,45.71,8,10,1,0
19406,22,85.13,5,11,0,0
19407,31,36.56,6,3,0,0
19408,45,59.71,5,11,0,0
19409,8,65.64,6,17,1,0
19410,35,41.51,9,42,0,0
19411,35,75.84,8,38,0,0
19412,47,159.56,3,20,1,0
19413,34,55.78,4,4,0,0
19414,13,74.7,9,3,1,0
19415,29,60.97,4,18,0,0
19416,51,51.01,4,2,0,0
19417,12,53.05,6,1,1,0
19418,34,26.59,5,0,2,0
19419,41,92.85,6,8,1,0
19420,28,67.39,5,2,0,0
19421,29,97.93,4,92,1,1
19422,34,66.23,6,44,0,0
19423,1,54.27,5,44,2,0
19424,55,65.05,5,5,1,0
19425,2,30.78,3,29,1,0
19426,35,96.14,7,4,2,0
19427,52,61.14,2,3,2,0
19428,9,46.36,3,8,1,0
19429,5,65.06,4,3,0,0
19430,54,58.88,4,76,2,1
19431,5,44.62,2,21,4,0
19432,45,59.38,5,8,0,0
19433,30,67.01,9,9,2,1
19434,7,73.58,6,15,0,0
19435,29,50.35,3,2,1,0
19436,6,40.05,4,9,0,0
19437,30,68.37,8,65,0,0
19438,33,53.03,8,29,1,0
19439,59,38.93,4,17,0,0
19440,6,65.08,7,15,0,0
19441,36,71.18,3,51,0,1
19442,54,33.38,5,4,1,0
19443,48,33.24,5,2,0,0
19444,19,87.41,3,16,1,0
19445,7,63.34,6,17,0,0
19446,57,18.27,5,19,1,0
19447,1,54.97,5,15,1,1
19448,2,97.75,2,67,0,0
19449,14,61.18,3,25,0,0
19450,3,42.43,4,1,0,0
19451,11,97.84,5,36,0,0
19452,22,157.01,6,83,0,1
19453,55,53.37,4,40,0,0
19454,44,32.16,9,4,1,0
19455,52,76.32,6,20,0,0
19456,43,36.23,3,110,1,1
19457,15,62.99,2,20,1,0
19458,24,68.16,2,76,0,0
19459,49,52.31,4,10,0,0
19460,7,70.75,4,32,3,1
19461,8,30.93,5,39,0,0
19462,49,74.39,4,2,0,0
19463,40,30.23,4,10,1,0
19464,31,43.75,3,3,0,0
19465,26,38.87,3,5,0,0
19466,43,34.29,2,3,1,0
19467,22,74.18,3,8,0,0
19468,35,108.94,4,12,0,0
19469,2,110.63,5,3,1,0
19470,56,75.31,2,12,1,0
19471,26,33.86,5,90,0,1
19472,14,89.0,4,15,0,0
19473,12,58.4,4,9,0,1
19474,18,160.64,3,6,1,0
19475,11,52.36,4,5,1,0
19476,43,40.9,8,9,0,0
19477,41,56.27,6,3,1,0
19478,26,55.77,3,3,1,0
19479,57,42.59,4,22,1,0
19480,34,28.77,5,92,0,0
19481,21,132.67,7,7,1,0
19482,14,41.81,11,12,1,0
19483,9,28.93,6,6,2,0
19484,4,55.93,3,8,2,0
19485,13,28.19,4,17,2,0
19486,33,51.8,5,25,0,0
19487,56,57.51,2,28,1,0
19488,25,36.08,5,74,0,0
19489,25,41.65,6,20,1,1
19490,27,67.52,6,26,0,0
19491,24,35.15,5,18,1,0
19492,23,35.66,8,10,0,0
19493,38,75.78,4,60,1,1
19494,10,36.63,5,9,0,0
19495,60,34.59,5,28,0,0
19496,24,69.45,6,8,0,0
19497,19,50.13,4,11,0,0
19498,33,64.16,7,6,0,0
19499,53,55.65,3,12,1,0
19500,21,57.58,8,16,0,1
19501,16,43.37,2,3,0,0
19502,6,51.43,6,19,0,0
19503,32,81.97,4,54,0,0
19504,45,49.52,6,9,0,0
19505,36,33.03,4,26,0,1
19506,52,31.7,5,2,1,0
19507,19,44.06,6,1,0,0
19508,54,131.14,5,27,2,0
19509,39,60.76,4,20,1,0
19510,17,33.9,7,30,0,0
19511,51,47.93,3,3,2,0
19512,29,30.65,4,61,0,0
19513,31,42.3,4,16,0,0
19514,42,38.05,5,60,2,0
19515,47,42.26,5,13,0,0
19516,46,57.18,4,12,0,0
19517,30,67.5,2,19,1,1
19518,42,106.58,2,9,0,0
19519,20,58.82,5,4,0,0
19520,27,44.85,6,45,0,0
19521,55,24.06,5,16,1,0
19522,48,36.29,7,0,1,0
19523,23,66.66,5,14,0,0
19524,6,48.34,7,24,2,0
19525,60,37.46,4,14,0,0
19526,34,69.8,4,10,0,0
19527,26,55.12,2,15,0,0
19528,56,34.41,6,6,1,0
19529,11,97.09,5,18,0,0
19530,13,54.18,6,16,0,0
19531,37,42.88,7,3,0,0
19532,26,60.4,10,35,0,0
19533,9,72.83,6,31,0,0
19534,28,62.4,6,3,0,0
19535,16,100.27,5,10,0,0
19536,50,40.68,1,18,0,0
19537,11,44.99,6,19,1,0
19538,21,97.11,9,3,1,0
19539,43,39.41,3,31,0,0
19540,18,40.61,6,20,0,0
19541,47,29.82,7,2,0,0
19542,31,38.83,7,24,0,0
19543,8,33.96,8,14,0,0
19544,55,37.13,2,54,0,1
19545,46,59.69,3,10,1,0
19546,26,36.12,5,15,0,0
19547,13,43.43,6,37,0,1
19548,33,34.53,6,0,0,0
19549,6,43.64,3,20,1,0
19550,12,68.97,3,2,1,0
19551,27,67.9,3,1,1,0
19552,24,40.11,2,4,0,0
19553,6,85.32,6,2,1,0
19554,35,110.48,5,10,0,0
19555,55,78.97,6,18,1,0
19556,15,30.38,3,14,0,0
19557,58,39.47,5,8,0,0
19558,53,79.29,6,21,1,1
19559,12,77.29,2,9,1,0
19560,57,48.21,7,2,1,0
19561,42,128.89,5,1,1,0
19562,26,78.17,8,0,0,0
19563,14,33.25,5,17,1,0
19564,55,89.26,7,15,0,0
19565,12,46.12,2,45,0,0
19566,50,71.43,5,6,1,0
19567,47,68.32,3,12,1,0
19568,26,40.0,5,19,0,0
19569,59,75.65,6,12,0,0
19570,48,70.98,6,19,0,1
19571,21,51.43,5,9,0,0
19572,36,86.02,2,31,0,0
19573,48,73.19,6,2,1,0
19574,10,135.1,6,23,0,0
19575,14,92.35,8,30,2,0
19576,1,47.84,8,29,0,0
19577,11,63.47,3,41,0,0
19578,55,52.69,5,14,0,0
19579,59,92.4,4,56,0,0
19580,45,94.77,6,19,0,0
19581,14,24.97,5,8,0,0
19582,49,55.05,7,13,1,1
19583,31,87.72,8,7,0,0
19584,39,70.37,3,38,1,0
19585,39,43.96,3,10,0,0
19586,10,53.92,6,6,1,0
19587,55,59.69,5,9,0,0
19588,25,73.5,1,17,0,0
19589,60,61.67,4,58,1,0
19590,2,77.55,7,8,0,0
19591,2,60.54,4,126,0,1
19592,4,77.86,1,3,2,0
19593,20,74.48,3,52,0,0
19594,55,34.45,3,1,0,0
19595,50,64.77,2,3,1,0
19596,25,88.35,8,16,1,0
19597,20,24.02,5,16,0,0
19598,15,34.12,8,5,1,0
19599,15,64.1,7,22,1,0
19600,22,70.69,6,41,0,0
19601,16,47.81,4,31,0,0
19602,47,79.29,7,7,0,0
19603,19,81.38,4,55,0,0
19604,54,44.01,5,8,0,0
19605,47,45.65,6,49,1,0
19606,3,46.02,4,4,0,0
19607,17,52.22,6,23,0,0
19608,37,44.36,3,46,1,0
19609,53,67.98,7,0,1,0
19610,10,80.75,4,13,1,0
19611,8,54.94,4,7,0,1
19612,4,38.51,3,64,0,0
19613,46,55.63,5,9,0,0
19614,5,15.68,6,8,2,0
19615,21,57.82,7,5,0,0
19616,5,35.95,4,8,1,1
19617,20,37.52,8,3,0,0
19618,22,57.56,4,20,1,0
19619,58,66.36,4,13,0,0
19620,35,44.29,4,15,0,0
19621,30,74.21,13,10,1,0
19622,45,86.7,5,65,1,0
19623,52,50.62,3,13,1,0
19624,44,43.75,5,5,0,0
19625,25,57.17,5,18,1,0
19626,28,32.01,4,25,1,1
19627,21,36.54,4,79,0,0
19628,7,52.84,3,17,0,0
19629,17,45.66,7,16,0,0
19630,36,53.25,7,56,0,0
19631,42,67.98,4,9,0,0
19632,11,22.5,11,12,2,0
19633,26,41.42,6,8,0,0
19634,1,50.25,5,6,0,0
19635,36,31.58,7,102,1,0
19636,45,82.16,3,43,0,0
19637,18,133.09,3,7,0,0
19638,5,61.53,6,1,0,0
19639,5,33.43,6,7,0,0
19640,29,95.26,1,10,0,0
19641,9,70.31,3,6,2,0
19642,19,44.36,4,3,0,0
19643,6,25.91,4,2,0,0
19644,11,31.94,6,3,0,0
19645,28,57.98,6,15,0,0
19646,14,37.76,4,7,0,0
19647,47,38.55,4,1,0,0
19648,57,70.52,4,0,1,0
19649,18,62.55,4,7,0,0
19650,30,78.05,5,149,0,1
19651,20,89.33,6,40,0,0
19652,4,55.28,7,34,0,0
19653,38,64.92,6,15,1,0
19654,3,58.33,2,1,0,0
19655,3,34.61,3,47,1,1
19656,56,60.72,6,2,0,0
19657,12,62.35,3,38,0,1
19658,50,72.3,5,2,0,0
19659,46,87.59,5,46,1,0
19660,40,51.83,7,45,1,0
19661,28,45.78,2,20,1,0
19662,18,42.49,7,44,0,0
19663,10,91.01,6,3,0,0
19664,48,61.19,3,9,0,0
19665,51,38.46,4,14,1,0
19666,43,37.61,5,26,0,0
19667,17,61.97,1,54,0,0
19668,49,47.04,7,12,2,0
19669,39,43.08,7,1,0,0
19670,44,41.55,3,47,0,0
19671,1,39.38,3,65,0,0
19672,50,87.58,7,49,0,0
19673,46,48.58,4,62,0,0
19674,36,74.47,6,35,1,0
19675,23,74.04,7,75,1,1
19676,59,27.13,4,1,0,0
19677,13,54.94,4,1,1,0
19678,32,44.9,5,2,0,0
19679,44,64.61,4,48,2,1
19680,8,63.91,3,39,0,0
19681,14,71.46,4,2,0,0
19682,46,53.78,4,25,0,0
19683,15,52.68,4,27,0,0
19684,46,65.12,6,1,0,0
19685,22,112.04,3,8,3,1
19686,33,44.05,4,0,0,0
19687,19,69.15,3,10,1,0
19688,55,81.44,3,6,3,0
19689,9,42.56,2,8,2,1
19690,12,81.31,7,9,0,0
19691,23,37.95,3,29,0,1
19692,21,93.96,4,3,0,0
19693,33,26.15,5,37,0,0
19694,15,64.39,2,2,1,0
19695,5,117.61,5,10,0,0
19696,43,37.02,5,1,0,0
19697,58,74.01,7,53,0,0
19698,33,120.04,4,42,2,0
19699,47,24.73,6,18,0,0
19700,50,61.77,6,6,1,0
19701,9,36.97,5,26,1,0
19702,7,49.51,2,31,1,0
19703,12,35.29,4,11,0,0
19704,60,87.96,2,12,1,0
19705,15,70.92,5,6,0,0
19706,59,58.01,5,8,0,0
19707,2,55.42,4,47,1,0
19708,28,53.84,4,15,1,0
19709,55,82.05,5,24,0,0
19710,46,106.0,6,10,0,0
19711,21,80.55,6,16,1,0
19712,36,100.21,9,4,1,0
19713,51,37.41,7,15,0,0
19714,26,55.02,6,4,0,0
19715,14,40.97,6,40,1,0
19716,39,83.51,5,45,0,0
19717,59,108.41,3,21,0,1
19718,36,49.58,8,8,3,0
19719,43,45.69,3,88,1,0
19720,29,47.73,4,19,0,0
19721,9,25.26,5,41,0,0
19722,34,66.26,4,90,1,0
19723,39,51.01,3,3,1,0
19724,45,75.45,3,4,0,0
19725,53,34.62,5,2,1,0
19726,19,67.7,3,38,2,0
19727,34,62.42,3,15,1,0
19728,60,25.78,5,11,1,0
19729,56,34.38,4,0,0,0
19730,27,39.98,6,2,1,0
19731,2,68.34,5,41,1,0
19732,41,67.17,5,0,2,0
19733,40,97.06,3,2,0,0
19734,9,34.89,8,16,0,0
19735,2,85.68,2,21,2,0
19736,20,48.43,6,11,0,0
19737,6,69.4,7,15,0,0
19738,36,108.33,8,27,1,0
19739,26,30.38,7,23,0,0
19740,46,76.71,7,21,1,0
19741,12,47.63,7,6,0,0
19742,2,122.57,1,34,1,0
19743,19,90.53,8,5,0,0
19744,12,150.03,6,4,0,0
19745,20,28.01,4,5,1,0
19746,43,32.73,2,23,1,0
19747,36,26.43,4,26,1,0
19748,32,61.6,5,10,1,0
19749,37,137.37,5,5,2,0
19750,31,41.39,5,2,0,0
19751,40,41.16,5,22,1,0
19752,24,52.49,6,8,0,0
19753,29,41.59,6,81,2,1
19754,23,50.02,4,15,1,0
19755,8,84.34,4,89,0,1
19756,39,69.21,1,2,0,0
19757,26,108.13,4,16,1,0
19758,50,42.33,4,8,0,0
19759,31,73.55,4,25,1,0
19760,33,57.86,6,10,1,0
19761,19,39.48,2,34,0,0
19762,25,65.89,8,14,0,0
19763,58,58.94,8,46,0,1
19764,6,74.18,8,52,0,1
19765,19,65.47,2,37,0,0
19766,57,58.76,3,29,1,0
19767,10,64.46,4,46,1,0
19768,57,39.53,6,13,2,0
19769,7,45.26,7,3,1,0
19770,43,35.91,5,28,0,0
19771,7,32.21,4,13,0,0
19772,23,42.58,4,56,0,0
19773,7,52.84,9,17,0,0
19774,16,31.28,6,6,0,0
19775,5,83.27,5,9,1,0
19776,42,54.52,4,46,0,0
19777,21,98.57,3,37,1,1
19778,34,57.53,2,1,3,1
19779,16,59.14,7,12,0,0
19780,52,27.87,5,25,1,0
19781,27,39.65,2,41,1,1
19782,53,55.87,6,1,1,0
19783,22,53.52,7,8,0,0
19784,2,34.91,4,8,1,0
19785,21,77.96,7,10,0,0
19786,13,54.06,4,7,2,0
19787,35,39.54,2,5,1,1
19788,56,38.68,3,50,0,0
19789,36,56.72,6,19,0,0
19790,60,49.03,6,10,0,0
19791,52,47.04,4,70,2,0
19792,23,40.49,6,12,0,0
19793,8,52.83,6,10,0,0
19794,4,87.06,3,10,0,0
19795,32,50.18,4,9,2,0
19796,55,50.48,5,0,1,0
19797,11,26.74,2,49,0,1
19798,27,20.87,2,12,0,0
19799,59,61.5,6,9,0,0
19800,7,72.5,3,3,0,0
19801,47,35.39,4,25,0,0
19802,18,62.75,3,11,2,0
19803,59,58.29,4,48,1,1
19804,40,106.5,2,3,0,0
19805,8,51.13,3,38,1,0
19806,59,71.88,7,18,1,0
19807,42,33.72,4,2,1,0
19808,40,44.79,7,9,1,0
19809,52,40.13,3,13,0,0
19810,27,57.4,5,24,0,0
19811,6,58.32,6,10,1,0
19812,37,46.16,5,32,0,0
19813,33,103.0,3,3,3,1
19814,2,31.47,4,5,0,0
19815,27,52.65,6,12,0,0
19816,47,67.15,3,23,2,0
19817,34,75.54,7,57,0,0
19818,58,55.38,7,46,0,0
19819,23,74.42,8,33,0,0
19820,46,51.15,4,18,1,1
19821,10,58.05,6,38,1,1
19822,29,64.53,6,42,0,0
19823,48,49.95,5,14,0,0
19824,11,60.6,3,16,1,0
19825,3,38.72,8,3,0,0
19826,36,45.56,6,8,0,0
19827,5,44.65,6,10,0,0
19828,1,39.73,6,58,2,1
19829,13,57.06,5,14,0,0
19830,1,56.15,5,10,0,0
19831,41,40.02,9,11,1,0
19832,18,51.94,1,1,1,0
19833,26,32.82,5,6,0,0
19834,42,32.66,7,7,1,1
19835,21,126.99,2,3,0,0
19836,49,40.68,4,7,0,0
19837,22,48.78,5,27,0,0
19838,10,82.68,7,0,0,0
19839,34,60.04,7,10,0,0
19840,47,43.6,7,31,1,0
19841,56,59.51,2,5,0,0
19842,28,76.0,3,20,0,0
19843,14,32.33,6,33,0,0
19844,24,46.19,6,93,1,1
19845,17,49.16,5,6,0,0
19846,56,155.66,8,1,0,0
19847,8,37.92,7,6,0,0
19848,1,66.87,6,2,0,0
19849,23,93.73,1,22,0,0
19850,29,63.81,7,16,0,0
19851,44,57.28,4,11,2,0
19852,1,103.66,6,11,0,0
19853,14,35.57,4,1,0,0
19854,38,46.43,4,72,0,1
19855,13,40.03,2,3,0,0
19856,23,46.75,7,4,0,0
19857,3,56.02,4,9,1,0
19858,25,65.06,8,2,0,0
19859,28,93.39,8,35,0,0
19860,13,33.87,4,34,0,0
19861,4,67.55,6,7,0,0
19862,8,57.5,2,8,1,0
19863,57,35.14,7,3,0,0
19864,7,29.37,8,21,1,0
19865,28,116.39,8,13,0,0
19866,57,77.17,5,16,0,0
19867,11,65.83,6,4,1,0
19868,53,48.07,5,38,1,0
19869,24,69.75,3,12,0,0
19870,54,69.05,5,17,1,0
19871,47,50.66,3,46,0,0
19872,41,131.28,6,18,0,0
19873,30,66.57,6,36,0,0
19874,35,32.07,9,10,0,0
19875,53,75.6,11,8,2,0
19876,21,38.13,4,14,1,0
19877,24,44.25,3,17,0,0
19878,53,106.0,5,31,1,0
19879,30,41.39,6,12,0,0
19880,33,40.63,3,9,2,0
19881,15,65.03,4,17,1,1
19882,18,32.68,3,13,1,0
19883,60,39.1,5,21,1,0
19884,6,81.42,6,21,1,0
19885,52,73.78,4,22,1,0
19886,35,37.31,3,16,1,0
19887,60,64.23,7,2,0,0
19888,52,51.36,5,10,0,0
19889,60,71.66,3,12,1,0
19890,34,41.11,4,34,2,0
19891,58,48.49,4,13,0,0
19892,40,49.18,5,2,0,0
19893,30,83.47,7,7,1,0
19894,4,61.7,7,30,1,1
19895,44,66.08,6,37,0,0
19896,17,79.72,7,14,0,0
19897,7,55.87,5,101,2,1
19898,42,54.61,6,39,0,0
19899,27,68.92,5,0,0,0
19900,47,47.2,4,3,0,0
19901,53,113.55,7,3,3,0
19902,9,52.68,5,72,0,0
19903,27,59.11,3,29,1,0
19904,14,40.54,3,5,1,0
19905,17,43.47,7,2,1,0
19906,8,50.81,4,24,1,0
19907,39,57.59,3,5,0,0
19908,32,27.59,5,12,1,0
19909,43,87.16,5,19,0,0
19910,1,64.02,6,2,0,0
19911,15,51.58,4,26,1,0
19912,21,35.88,4,6,0,0
19913,22,30.83,6,54,0,0
19914,35,93.63,3,14,0,0
19915,24,43.57,4,5,0,0
19916,44,71.12,3,4,1,0
19917,48,61.84,6,9,0,0
19918,6,51.45,7,29,1,0
19919,15,43.22,6,36,0,0
19920,52,68.57,4,17,1,0
19921,53,33.96,5,37,0,0
19922,6,73.18,6,5,0,0
19923,12,97.2,7,22,0,0
19924,5,31.35,3,14,1,0
19925,45,62.96,4,2,1,0
19926,2,34.89,5,22,1,0
19927,22,65.28,5,28,0,0
19928,36,61.75,5,19,0,0
19929,23,55.79,4,6,1,0
19930,49,31.44,7,11,1,0
19931,53,108.48,7,36,1,0
19932,52,63.54,4,2,0,0
19933,22,32.89,3,31,0,0
19934,9,35.84,5,8,0,0
19935,40,55.22,6,5,0,0
19936,39,132.98,7,22,0,0
19937,11,86.06,3,22,1,0
19938,23,70.37,4,3,0,0
19939,54,49.1,5,33,0,0
19940,49,58.39,5,0,0,0
19941,57,33.88,4,16,2,0
19942,11,38.24,7,3,0,0
19943,25,66.51,5,3,0,0
19944,1,47.6,2,21,0,0
19945,29,33.1,5,8,0,0
19946,34,50.74,9,1,1,0
19947,13,46.69,3,11,0,0
19948,43,54.35,5,25,2,1
19949,49,64.88,2,2,0,0
19950,40,95.66,2,33,1,0
19951,17,46.59,5,31,1,0
19952,43,66.85,5,11,1,0
19953,49,96.73,2,9,0,1
19954,37,76.15,6,29,0,0
19955,15,63.21,5,71,3,1
19956,10,68.83,4,1,1,0
19957,11,76.52,5,8,1,0
19958,29,79.19,7,16,0,0
19959,60,19.24,5,16,1,0
19960,21,31.84,4,27,0,0
19961,41,48.06,4,29,0,0
19962,34,77.98,8,9,0,0
19963,26,53.73,5,38,0,0
19964,12,52.75,6,32,1,0
19965,23,64.71,4,40,0,0
19966,51,57.54,9,8,1,0
19967,33,87.44,7,23,1,0
19968,14,71.07,1,6,0,0
19969,43,91.48,5,1,2,0
19970,18,24.3,3,26,0,1
19971,20,79.17,5,1,1,0
19972,48,43.72,3,14,0,0
19973,28,52.64,5,20,0,0
19974,48,25.75,5,1,1,0
19975,37,37.61,8,18,1,0
19976,29,51.65,6,59,0,0
19977,33,69.57,5,18,1,0
19978,21,80.58,4,39,0,0
19979,51,46.26,8,11,0,0
19980,5,117.74,5,0,1,0
19981,57,44.54,3,1,0,0
19982,11,23.36,7,9,0,0
19983,36,103.7,4,8,0,0
19984,59,40.73,5,38,0,0
19985,47,60.88,6,4,0,0
19986,43,96.95,2,8,0,0
19987,57,79.63,3,0,0,0
19988,28,210.68,6,13,0,0
19989,39,44.71,8,4,1,0
19990,51,74.51,4,17,0,0
19991,30,48.35,6,21,0,0
19992,20,65.62,7,32,0,0
19993,6,55.27,4,4,0,0
19994,11,41.03,4,40,0,0
19995,58,83.1,6,23,0,0
19996,25,52.63,5,5,0,0
19997,57,43.59,6,0,1,0
19998,26,43.24,6,5,0,0
19999,15,59.01,4,16,1,0
